점포명,시도명,시군구명,시군구코드,소재지도로명주소,소재지지번주소,위도,경도,여성안심지킴이집전화번호,관할경찰서명,지정연도,운영여부,데이터기준일자,제공기관코드,제공기관명
CU남악중앙점,전라남도,무안군,46840,전라남도 무안군 삼향읍 남악2로74번길 33,전라남도 무안군 삼향읍 남악리 2094,34.81306921,126.4585125,061-282-3892,남악지구대,2022,Y,2026-05-06,4950000,전라남도 무안군
세븐일레븐 황토골점,전라남도,무안군,46840,전라남도 무안군 무안읍 영산로 3083,전라남도 무안군 무안읍 용월리 91,35.00464778,126.496451,061-450-2121,승달파출소,2022,Y,2026-05-06,4950000,전라남도 무안군
세븐일레븐 펠리시티점,전라남도,무안군,46840,전라남도 무안군 삼향읍 남악3로 39 펠리시티 102-108,전라남도 무안군 삼향읍 남악리 2272 펠리시티 102-108,34.809251,126.459798,061-285-0646,남악지구대,2022,Y,2026-05-06,4950000,전라남도 무안군
세븐일레븐 초당대점,전라남도,무안군,46840,전라남도 무안군 무안읍 무안로 390,전라남도 무안군 무안읍 성남리 397-1,34.98063349,126.4706784,061-454-8806,승달파출소,2022,Y,2026-05-06,4950000,전라남도 무안군
세븐일레븐 지산점,전라남도,무안군,46840,전라남도 무안군 삼향읍 삼향공단길 2,전라남도 무안군 삼향읍 지산리 876-9,34.86903361,126.421911,061-283-2337,남악지구대,2016,Y,2026-05-06,4950000,전라남도 무안군
세븐일레븐 에드가점,전라남도,무안군,46840,전라남도 무안군 삼향읍 남악3로82번가길 37,전라남도 무안군 삼향읍 남악리 2116,34.813993,126.4643066,061-281-4388,남악지구대,2016,Y,2026-05-06,4950000,전라남도 무안군
세븐일레븐무안목포대점,전라남도,무안군,46840,전라남도 무안군 청계면 승달산길 45,전라남도 무안군 청계면 도림리 311-7,34.91074908,126.434068,061-452-5559,청계파출소,2022,Y,2026-05-06,4950000,전라남도 무안군
세븐일래븐 한양프라자점,전라남도,무안군,46840,전라남도 무안군 삼향읍 남악5로26번길 15,전라남도 무안군 삼향읍 남악리 2435,34.8079227,126.472346,061-281-5460,남악지구대,2022,Y,2026-05-06,4950000,전라남도 무안군
미니스톱 남악호반점,전라남도,무안군,46840,전라남도 무안군 삼향읍 남악4로60번길 14,전라남도 무안군 삼향읍 남악리 1578,34.81067217,126.4679848,061-282-8141,남악지구대,2016,Y,2026-05-06,4950000,전라남도 무안군
미니스톱 남악골드점,전라남도,무안군,46840,전라남도 무안군 삼향읍 남악5로72번길 81-21,전라남도 무안군 삼향읍 남악리 2609,34.810631,126.4792651,,남악지구대,2016,Y,2026-05-06,4950000,전라남도 무안군
GS25남악중앙점,전라남도,무안군,46840,전라남도 무안군 삼향읍 남악3로82번길 20 백석프라자,전라남도 무안군 삼향읍 남악리 2179,34.81264588,126.462341,061-284-9598,남악지구대,2022,Y,2026-05-06,4950000,전라남도 무안군
GS25 성남점,전라남도,무안군,46840,전라남도 무안군 무안읍 면성1길 136-3,전라남도 무안군 무안읍 성남리 812-6,34.98635386,126.4722906,061-454-0355,승달파출소,2016,Y,2026-05-06,4950000,전라남도 무안군
GS25 광명점,전라남도,무안군,46840,전라남도 무안군 무안읍 창포로 18,전라남도 무안군 무안읍 교촌리 1039,34.98924465,126.4720214,061-452-2679,승달파출소,2016,Y,2026-05-06,4950000,전라남도 무안군
GS25 터미널점,전라남도,무안군,46840,전라남도 무안군 무안읍 무안로 497-1,전라남도 무안군 무안읍 성동리 873-11,34.98817106,126.4781788,061-454-1753,승달파출소,2022,Y,2026-05-06,4950000,전라남도 무안군
CU무안해제중앙로점,전라남도,무안군,46840,전라남도 무안군 해제면 해제중앙로 6,전라남도 무안군 해제면 양매리 925-125,35.11309361,126.2961352,,해제파출소,2016,Y,2026-05-06,4950000,전라남도 무안군
CU에드가점,전라남도,무안군,46840,전라남도 무안군 삼향읍 남악3로82번길 41,전라남도 무안군 삼향읍 남악리 2139,34.81334056,126.4648768,061-284-7726,남악지구대,2016,Y,2026-05-06,4950000,전라남도 무안군
CU무안청계점,전라남도,무안군,46840,전라남도 무안군 청계면 승달산길 9,전라남도 무안군 청계면 도림리 480-2,34.910145,126.430934,061-452-0244,청계파출소,2022,Y,2026-05-06,4950000,전라남도 무안군
CU남악휴먼시아점,전라남도,무안군,46840,전라남도 무안군 삼향읍 남악4로34번길 7,전라남도 무안군 삼향읍 남악리 2311,34.8094595,126.467117,061-278-9889,남악지구대,2016,Y,2026-05-06,4950000,전라남도 무안군
CU 무안일로점,전라남도,무안군,46840,전라남도 무안군 일로읍 일로중앙로 31,전라남도 무안군 일로읍 월암리 207-51,34.850743,126.490875,061-281-9957,일로파출소,2016,Y,2026-05-06,4950000,전라남도 무안군
CU 중앙점,전라남도,무안군,46840,전라남도 무안군 무안읍 면성1길 113,전라남도 무안군 무안읍 성남리 79-4,34.987916,126.4740972,061-452-9381,승달파출소,2016,Y,2026-05-06,4950000,전라남도 무안군
CU 유탑유블레스,전라남도,무안군,46840,전라남도 무안군 삼향읍 후광대로 330,전라남도 무안군 삼향읍 남악리 1476,34.8140375,126.4677979,061-284-5280,남악지구대,2016,Y,2026-05-06,4950000,전라남도 무안군
CU 무안현경점,전라남도,무안군,46840,전라남도 무안군 현경면 현해로 83,전라남도 무안군 현경면 외반리 556-7,35.020911,126.4120713,061-452-0244,현경파출소,2016,Y,2026-05-06,4950000,전라남도 무안군
CU 무안낙지골목점,전라남도,무안군,46840,전라남도 무안군 무안읍 무안로 491,전라남도 무안군 무안읍 성남리 276,34.987505,126.4779592,061-454-2213,승달파출소,2016,Y,2026-05-06,4950000,전라남도 무안군
CU 목포대하늘점,전라남도,무안군,46840,전라남도 무안군 청계면 승달산길 41,전라남도 무안군 청계면 도림리 311-11,34.91044878,126.4338622,061-453-5374,청계파출소,2016,Y,2026-05-06,4950000,전라남도 무안군
CU 목포대점,전라남도,무안군,46840,전라남도 무안군 청계면 도림길 87-23,전라남도 무안군 청계면 도림리 325-1,34.909393,126.4335042,061-453-7556,청계파출소,2016,Y,2026-05-06,4950000,전라남도 무안군
유탑세븐일래븐,전라남도,무안군,46840,전라남도 무안군 삼향읍 후광대로 330,전라남도 무안군 삼향읍 남악리 1476,34.814096,126.4677979,061-282-7737,남악지구대,2022,Y,2026-05-06,4950000,전라남도 무안군
세븐일레븐노원제일점 B,서울특별시,노원구,11350,서울특별시 노원구 동일로1417,,37.65506998,127.0599384,02-934-9102,노원경찰서,,Y,2026-04-14,3100000,서울특별시 노원구
세븐일레븐노원역,서울특별시,노원구,11350,서울특별시 노원구 동일로217가길 11,,37.6534006,127.0598701,02-930-4880,노원경찰서,,Y,2026-04-14,3100000,서울특별시 노원구
세븐일레븐광운대후문,서울특별시,노원구,11350,서울특별시 노원구 석계로13길 48,,37.6212056,127.0610833,070-8844-0864,노원경찰서,,Y,2026-04-14,3100000,서울특별시 노원구
세븐일레븐노원중앙점 B,서울특별시,노원구,11350,서울특별시 노원구 노해로 85길 10-2,,37.65584919,127.0653269,02-930-8431,노원경찰서,,Y,2026-04-14,3100000,서울특별시 노원구
세븐일레븐중계은행,서울특별시,노원구,11350,서울특별시 노원구 중계로220,,37.6508341,127.075668,02-930-2301,노원경찰서,,Y,2026-04-14,3100000,서울특별시 노원구
세븐일레븐상계4호점,서울특별시,노원구,11350,서울특별시 노원구 동일로217가길 23,,37.6532418,127.0590584,02-937-5907,노원경찰서,,Y,2026-04-14,3100000,서울특별시 노원구
세븐일레븐공릉점,서울특별시,노원구,11350,서울특별시 노원구 공릉로101,,37.61930125,127.0778185,02-971-0831,노원경찰서,,Y,2026-04-14,3100000,서울특별시 노원구
CU노원상계중앙,서울특별시,노원구,11350,서울특별시 노원구 동일로238길 26,,37.67412184,127.0569034,02-935-8984,노원경찰서,,Y,2026-04-14,3100000,서울특별시 노원구
CU하계대진점,서울특별시,노원구,11350,서울특별시 노원구 공릉로58길149(하계동),,37.636735,127.076198,02-948-1018,노원경찰서,,Y,2026-04-14,3100000,서울특별시 노원구
CU서울여대후문,서울특별시,노원구,11350,서울특별시 노원구 화랑로51길 18,,37.6239499,127.0896879,02-976-5992,노원경찰서,,Y,2026-04-14,3100000,서울특별시 노원구
CU중계주공,서울특별시,노원구,11350,서울특별시 노원구 한글비석로8길 41,,37.64866273,127.0775979,02-937-9634,노원경찰서,,Y,2026-04-14,3100000,서울특별시 노원구
CU공릉마중,서울특별시,노원구,11350,서울특별시 노원구 동일로183길 9,,37.623019,127.0731103,02-977-4007,노원경찰서,,Y,2026-04-14,3100000,서울특별시 노원구
CU공릉건설,서울특별시,노원구,11350,서울특별시 노원구 공릉로 187,,37.6264058,127.0786623,02-972-8285,노원경찰서,,Y,2026-04-14,3100000,서울특별시 노원구
CU상계현대,서울특별시,노원구,11350,서울특별시 노원구 덕릉로118길 17,,37.66778003,127.0798354,02-938-3579,노원경찰서,,Y,2026-04-14,3100000,서울특별시 노원구
CU상계계상,서울특별시,노원구,11350,서울특별시 노원구 한글비석로41가길 1,,37.661949,127.0684283,02-935-5517,노원경찰서,,Y,2026-04-14,3100000,서울특별시 노원구
GS25노원수락산역,서울특별시,노원구,11350,서울특별시 노원구 동일로242가길 16,,37.67657347,127.0560173,02-932-5511,노원경찰서,,Y,2026-04-14,3100000,서울특별시 노원구
GS25중계8단지,서울특별시,노원구,11350,서울특별시 노원구 한글비석로5길 62 상가동 105호,,37.64637138,127.0749597,02-951-0871,노원경찰서,,Y,2026-04-14,3100000,서울특별시 노원구
GS25월계성원,서울특별시,노원구,11350,"서울특별시 노원구 마들로 3길37,104",,37.62860841,127.0627957,02-979-4379,노원경찰서,,Y,2026-04-14,3100000,서울특별시 노원구
GS25상계으뜸,서울특별시,노원구,11350,서울특별시 노원구 노원로28길 73,,37.65501704,127.0709472,02-935-8984,노원경찰서,,Y,2026-04-14,3100000,서울특별시 노원구
GS25노원아이파크,서울특별시,노원구,11350,"서울특별시 노원구 상계로23다길 13-8, 101동 118,119호",,37.65983293,127.0691688,02-931-1386,노원경찰서,,Y,2026-04-14,3100000,서울특별시 노원구
GS25월계주공,서울특별시,노원구,11350,서울특별시 노원구 월계로45길 28,,37.62684097,127.0509722,02-904-2072,노원경찰서,,Y,2026-04-14,3100000,서울특별시 노원구
GS25상계현대,서울특별시,노원구,11350,서울특별시 노원구 동일로 237길 46 1층,,37.6736192,127.0528328,02-935-8984,노원경찰서,,Y,2026-04-14,3100000,서울특별시 노원구
CU화순한양점,전라남도,화순군,46790,전라남도 화순군 화순읍 쌍충로 13-20,,35.05372758,126.9784264,,화순경찰서,2022,Y,2026-01-19,4900000,전라남도 화순군
CU화순군청점,전라남도,화순군,46790,전라남도 화순군 화순읍 진각로 144,,35.06377744,126.9872547,,화순경찰서,2022,Y,2026-01-19,4900000,전라남도 화순군
CU편의점성심점,전라남도,화순군,46790,전라남도 화순군 화순읍 만연로 28,,35.05813386,126.990388,,화순경찰서,2021,Y,2026-01-19,4900000,전라남도 화순군
CU편의점만연점,전라남도,화순군,46790,전라남도 화순군 화순읍 서양로 470,,35.06847465,126.989775,,화순경찰서,2021,Y,2026-01-19,4900000,전라남도 화순군
CU편의점중앙점,전라남도,화순군,46790,전라남도 화순군 화순읍 중앙로 92,,35.06027344,126.991451,,화순경찰서,2021,Y,2026-01-19,4900000,전라남도 화순군
세븐일레븐 제일점,전라남도,화순군,46790,전라남도 화순군 화순읍 일심1길 3,,35.05563064,126.992849,,화순경찰서,2021,Y,2026-01-19,4900000,전라남도 화순군
세븐일레븐 사당남성점,서울특별시,동작구,11590,서울특별시 동작구 사당로14길 30,서울특별시 동작구 사당동 272-38,37.48301957,126.9711499,02-588-4286,사당지구대,,Y,2026-02-27,3190000,서울특별시 동작구
세븐일레븐 동작대리점,서울특별시,동작구,11590,서울특별시 동작구 사당로 56,서울특별시 동작구 상도동 509-2,37.49457509,126.9605651,,상도지구대,,Y,2026-02-27,3190000,서울특별시 동작구
cu 상도역점,서울특별시,동작구,11590,서울특별시 동작구 상도로 266,서울특별시 동작구 상도1동 705,37.50345768,126.9472272,02-824-6291,상도지구대,,Y,2026-02-27,3190000,서울특별시 동작구
세븐일레븐 대방성남점,서울특별시,동작구,11590,서울특별시 동작구 대방동길 71,서울특별시 동작구 대방동 376-5,37.50445617,126.9251902,02-812-7573,노량진지구대,2017,Y,2026-02-27,3190000,서울특별시 동작구
세븐일레븐 보라매점,서울특별시,동작구,11590,서울특별시 동작구 보라매로5가길 16,서울특별시 동작구 신대방동 395-69,37.4912751,126.9240947,02-833-2460,대방파출소,2016,Y,2026-02-27,3190000,서울특별시 동작구
세븐일레븐 대방점,서울특별시,동작구,11590,서울특별시 동작구 등용로 119,서울특별시 동작구 대방동 37-2,37.51176046,126.9317706,02-815-8373,노량진지구대,2014,Y,2026-02-27,3190000,서울특별시 동작구
미니스톱 대방점,서울특별시,동작구,11590,서울특별시 동작구 상도로 69,서울특별시 동작구 대방동 393-65,37.49996051,126.928376,02-823-8148,노량진지구대,2014,Y,2026-02-27,3190000,서울특별시 동작구
gs25 동작역점,서울특별시,동작구,11590,"서울특별시 동작구 현충로 257,431-02호",서울특별시 동작구 동작동 327-1,37.50287037,126.9802684,080-855-5525,흑석지구대,2017,Y,2026-02-27,3190000,서울특별시 동작구
gs25 동작우체국,서울특별시,동작구,11590,서울특별시 동작구 여의대방로 22길78,서울특별시 동작구 신대방동 361-55,37.49770626,126.9242937,02-3280-0196,대방파출소,2016,Y,2026-02-27,3190000,서울특별시 동작구
cu 사당갯마을점,서울특별시,동작구,11590,서울특별시 동작구 동작대로43길 1,서울특별시 동작구 동작동 102-31,37.49638822,126.9823299,02-595-7435,남성지구대,2014,Y,2026-02-27,3190000,서울특별시 동작구
세븐일레븐 상도한마을점,서울특별시,동작구,11590,서울특별시 동작구 성대로 32,서울특별시 동작구 상도동 312-1,37.49916647,126.9330231,02-813-2079,대방파출소,2016,Y,2026-02-27,3190000,서울특별시 동작구
세븐일레븐 리버파크점,서울특별시,동작구,11590,서울특별시 동작구 만양로 19,서울특별시 동작구 노량진동 325-4,37.50707255,126.9457185,02-812-2394,상도지구대,2017,Y,2026-02-27,3190000,서울특별시 동작구
cu 상도약수점,서울특별시,동작구,11590,서울특별시 동작구 양녕로28길 4,서울특별시 동작구 상도동 211-225,37.49905332,126.9443329,02-812-3377,대방파출소,2016,Y,2026-02-27,3190000,서울특별시 동작구
cu  상도삼성점,서울특별시,동작구,11590,서울특별시 동작구 등용로 37,서울특별시 동작구 상도동 456,37.50523976,126.9331339,02-825-2229,상도지구대,2014,Y,2026-02-27,3190000,서울특별시 동작구
세븐일레븐 노량진역점,서울특별시,동작구,11590,서울특별시 동작구 노량진로14길 4,서울특별시 동작구 노량진동 59-44,37.51331419,126.9419624,02-812-5794,노량진지구대,2014,Y,2026-02-27,3190000,서울특별시 동작구
cu 동작구청점,서울특별시,동작구,11590,서울특별시 동작구 노량진로8길 54,서울특별시 동작구 노량진동 244-67,37.5122358,126.9382785,02-823-7889,노량진지구대,2014,Y,2026-02-27,3190000,서울특별시 동작구
cu 동작구청2호점,서울특별시,동작구,11590,서울특별시 동작구 노량진로8길 72,서울특별시 동작구 노량진동 244-12,37.51186226,126.9389931,02-813-4556,노량진지구대,2014,Y,2026-02-27,3190000,서울특별시 동작구
cu 노량진중심점,서울특별시,동작구,11590,서울특별시 동작구 장승배기로 122,서울특별시 동작구 노량진동 231-112,37.50849609,126.9403779,070-7788-2481,노량진지구대,2014,Y,2026-02-27,3190000,서울특별시 동작구
씨스페이스 흑석중앙대점,서울특별시,동작구,11590,서울특별시 동작구 서달로14가길 1,서울특별시 동작구 흑석동 52-1,37.50766357,126.9631272,02-825-6553,흑석지구대,,Y,2026-02-27,3190000,서울특별시 동작구
세븐일레븐 사당동작점,서울특별시,동작구,11590,서울특별시 동작구 동작대로35다길 22,서울특별시 동작구 사당동 67-6,37.49225013,126.9792885,,남성지구대,2014,Y,2026-02-27,3190000,서울특별시 동작구
미니스톱 사당점,서울특별시,동작구,11590,서울특별시 동작구 동작대로7길 12,서울특별시 동작구 사당동 1030-10,37.47998235,126.9808621,02-582-8316,사당지구대,2014,Y,2026-02-27,3190000,서울특별시 동작구
CU 신촌제일점,서울특별시,서대문구,11410,서울특별시 서대문구 연세로11길 39,서울특별시 서대문구 창천동 53-73,37.55895536,126.9346653,02-323-9267,서대문경찰서,,Y,2026-03-31,3120000,서울특별시 서대문구
CU 연희푸르지오점,서울특별시,서대문구,11410,서울특별시 서대문구 연희로 38,서울특별시 서대문구 연희동 353-89,37.56205932,126.9276484344,02-322-5895,서대문경찰서,,Y,2026-03-31,3120000,서울특별시 서대문구
GS25 창천휘가로점,서울특별시,서대문구,11410,서울특별시 서대문구 연희로2안길 7-29,서울특별시 서대문구 창천동 417,37.5598001806,126.9278484,02-323-2501,서대문경찰서,,Y,2026-03-31,3120000,서울특별시 서대문구
GS25 서대문창천점,서울특별시,서대문구,11410,서울특별시 서대문구 신촌로 3,서울특별시 서대문구 창천동 510-4,37.55871513,126.9275026,02-322-2506,서대문경찰서,,Y,2026-03-31,3120000,서울특별시 서대문구
세븐일레븐 신촌제일점,서울특별시,서대문구,11410,서울특별시 서대문구 신촌로11길 15,서울특별시 서대문구 창천동 111-15,37.55739153,126.9328552,02-6015-0043,서대문경찰서,,Y,2026-03-31,3120000,서울특별시 서대문구
emart24 신촌빌리지점,서울특별시,서대문구,11410,서울특별시 서대문구 신촌로11길 39,서울특별시 서대문구 창천동 67-6,37.55844276,126.9333796,02-332-6303,서대문경찰서,,Y,2026-03-31,3120000,서울특별시 서대문구
세븐일레븐 신촌원룸점,서울특별시,서대문구,11410,서울특별시 서대문구 성산로22길 22,서울특별시 서대문구 창천동 89-27,37.55988238,126.9340484,02-1577-0711,서대문경찰서,,Y,2026-03-31,3120000,서울특별시 서대문구
세븐일레븐 이대역점,서울특별시,서대문구,11410,서울특별시 서대문구 이화여대길 7,서울특별시 서대문구 대현동 40-4,37.55725119,126.945642,070-8848-9983,서대문경찰서,,Y,2026-03-31,3120000,서울특별시 서대문구
GS25 연대동문점,서울특별시,서대문구,11410,서울특별시 서대문구 봉원사길 6,서울특별시 서대문구 대신동 125-27,37.56699207,126.9467524,02-392-9225,서대문경찰서,,Y,2026-03-31,3120000,서울특별시 서대문구
CU 연세동문점,서울특별시,서대문구,11410,서울특별시 서대문구 연대동문길 26,서울특별시 서대문구 대신동 50-1,37.56358512,126.9438075,02-365-6914,서대문경찰서,,Y,2026-03-31,3120000,서울특별시 서대문구
GS25 연대2점,서울특별시,서대문구,11410,서울특별시 서대문구 연세로9길 8,서울특별시 서대문구 창천동 33-14,37.55857771,126.9364521,02-392-9225,서대문경찰서,,Y,2026-03-31,3120000,서울특별시 서대문구
GS25 신촌연세점,서울특별시,서대문구,11410,서울특별시 서대문구 연세로11길 16,서울특별시 서대문구 창천동 52-150,37.55903448,126.9358934,02-325-8256,서대문경찰서,,Y,2026-03-31,3120000,서울특별시 서대문구
GS25 북가좌은가점,서울특별시,서대문구,11410,서울특별시 서대문구 증가로12나길 101,서울특별시 서대문구 북가좌동 3-15,37.58271266,126.9198566,02-302-1474,서대문경찰서,,Y,2026-03-31,3120000,서울특별시 서대문구
GS25 북가좌제일점,서울특별시,서대문구,11410,서울특별시 서대문구 거북골로 170,서울특별시 서대문구 북가좌동 424-53,37.57665802,126.9114653,02-373-1963,서대문경찰서,,Y,2026-03-31,3120000,서울특별시 서대문구
CU 북가좌증산교점,서울특별시,서대문구,11410,서울특별시 서대문구 증가로 264,서울특별시 서대문구 북가좌동 342-14,37.58407849,126.9111953,02-376-7267,서대문경찰서,,Y,2026-03-31,3120000,서울특별시 서대문구
emart24 연희햇살점,서울특별시,서대문구,11410,서울특별시 서대문구 가좌로 31,서울특별시 서대문구 연희동 719-7,37.57724755,126.9320035,02-3143-0804,서대문경찰서,,Y,2026-03-31,3120000,서울특별시 서대문구
CU 연희영웅점,서울특별시,서대문구,11410,서울특별시 서대문구 연희맛로 38,서울특별시 서대문구 연희동 134-28,37.56817729,126.9311672,02-3143-6338,서대문경찰서,,Y,2026-03-31,3120000,서울특별시 서대문구
CU 연희삼거리점,서울특별시,서대문구,11410,서울특별시 서대문구 연희로 126,서울특별시 서대문구 연희동 88-13,37.56876238,126.9326928,,서대문경찰서,,Y,2026-03-31,3120000,서울특별시 서대문구
CU 독립문극동점,서울특별시,서대문구,11410,서울특별시 서대문구 독립문공원길 17,서울특별시 서대문구 현저동 200,37.57238119,126.9551984,02-365-5792,서대문경찰서,,Y,2026-03-31,3120000,서울특별시 서대문구
GS25 번동힐점,서울특별시,강북구,11305,서울특별시 강북구 오현로 165-3,서울특별시 강북구 번동 148-131,37.62716437,127.0371176,080-999-5425,서울강북경찰서,,Y,2026-03-24,3080000,서울특별시 강북구
세븐일레븐 번동리치점,서울특별시,강북구,11305,서울특별시 강북구 오현로25라길 34,서울특별시 강북구 번동 148-459,37.62731542,127.0352022,1577-0711,서울강북경찰서,,Y,2026-03-24,3080000,서울특별시 강북구
이마트24 번동중앙점,서울특별시,강북구,11305,서울특별시 강북구 도봉로102길 64,서울특별시 강북구 번동 471-14,37.64044256,127.0329184,02-550-6387,서울강북경찰서,,Y,2026-03-24,3080000,서울특별시 강북구
GS25 수유혜화점,서울특별시,강북구,11305,서울특별시 강북구 인수봉로 135,서울특별시 강북구 수유동 468-48,37.6317815,127.0135193,02-000-0000,서울강북경찰서,,Y,2026-03-24,3080000,서울특별시 강북구
CU 수유삼양점,서울특별시,강북구,11305,서울특별시 강북구 삼양로80나길 69,서울특별시 강북구 수유동 48-74,37.63407736,127.0208874,02-000-0000,서울강북경찰서,,Y,2026-03-24,3080000,서울특별시 강북구
GS25 강북동수점,서울특별시,강북구,11305,서울특별시 강북구 한천로148길 13,서울특별시 강북구 수유동 181-49,37.64283639,127.0242173,02-997-8807,서울강북경찰서,,Y,2026-03-24,3080000,서울특별시 강북구
GS25 신미아역점,서울특별시,강북구,11305,서울특별시 강북구 솔매로 124,서울특별시 강북구 미아동 304-20,37.62603107,127.0257392,02-989-7904,서울강북경찰서,,Y,2026-03-24,3080000,서울특별시 강북구
세븐일레븐 미아성우점,서울특별시,강북구,11305,서울특별시 강북구 삼양로24길 19,서울특별시 강북구 미아동 561-2,37.61745082,127.0219965,02-945-1096,서울강북경찰서,,Y,2026-03-24,3080000,서울특별시 강북구
세븐일레븐 수유본점,서울특별시,강북구,11305,서울특별시 강북구 도봉로71가길 45,서울특별시 강북구 수유동 50-1,37.6333349,127.0218165,02-986-3917,서울강북경찰서,,Y,2026-03-24,3080000,서울특별시 강북구
세븐일레븐 수유빨래골점,서울특별시,강북구,11305,서울특별시 강북구 삼양로73길 36,서울특별시 강북구 수유동 475-3,37.63070118,127.0168589,02-945-6012,서울강북경찰서,,Y,2026-03-24,3080000,서울특별시 강북구
세븐일레븐 수유도봉로점,서울특별시,강북구,11305,서울특별시 강북구 도봉로 388,서울특별시 강북구 번동 464-1,37.64135773,127.0296311,02-904-1890,서울강북경찰서,,Y,2026-03-24,3080000,서울특별시 강북구
세븐일레븐 수유제일점,서울특별시,강북구,11305,서울특별시 강북구 도봉로76길 11,서울특별시 강북구 미아동 162-48,37.63303382,127.0243686,02-986-3235,서울강북경찰서,,Y,2026-03-24,3080000,서울특별시 강북구
세븐일레븐 수유점,서울특별시,강북구,11305,서울특별시 강북구 덕릉로 75,서울특별시 강북구 수유동 47-4,37.63482544,127.0220395,02-999-0614,서울강북경찰서,,Y,2026-03-24,3080000,서울특별시 강북구
세븐일레븐 수유으뜸점,서울특별시,강북구,11305,서울특별시 강북구 도봉로 280,서울특별시 강북구 미아동 160-13,37.63338336,127.0237327,02-989-5659,서울강북경찰서,,Y,2026-03-24,3080000,서울특별시 강북구
세븐일레븐 수유래미안점,서울특별시,강북구,11305,서울특별시 강북구 한천로 1121,서울특별시 강북구 수유동 730,37.64488206,127.0194886,02-986-9224,서울강북경찰서,,Y,2026-03-24,3080000,서울특별시 강북구
GS25 강북최고점,서울특별시,강북구,11305,서울특별시 강북구 덕릉로40길 18,서울특별시 강북구 번동 526-13,37.63431544,127.0303588,02-986-9224,서울강북경찰서,,Y,2026-03-24,3080000,서울특별시 강북구
세븐일레븐 미아래미안점,서울특별시,강북구,11305,서울특별시 강북구 삼양로19길 25,서울특별시 강북구 미아동 813,37.61569586,127.0211397,02-945-5915,서울강북경찰서,,Y,2026-03-24,3080000,서울특별시 강북구
세븐일레븐 수유인텔리안점,서울특별시,강북구,11305,서울특별시 강북구 도봉로 313,서울특별시 강북구 수유동 230-7,37.63643974,127.0234734,02-900-7838,서울강북경찰서,,Y,2026-03-24,3080000,서울특별시 강북구
세븐일레븐 수유로데오점,서울특별시,강북구,11305,서울특별시 강북구 노해로 38,서울특별시 강북구 수유동 223-1,37.63892292,127.0231039,1577-0711,서울강북경찰서,,Y,2026-03-24,3080000,서울특별시 강북구
세븐일레븐 수유대한점,서울특별시,강북구,11305,서울특별시 강북구 수유로 79,서울특별시 강북구 수유동 1-60,37.63635715,127.0222761,1577-0711,서울강북경찰서,,Y,2026-03-24,3080000,서울특별시 강북구
세븐일레븐 수유사랑점,서울특별시,강북구,11305,서울특별시 강북구 오패산로77길 17,서울특별시 강북구 번동 447-51,37.63670593,127.0258185,1577-0711,서울강북경찰서,,Y,2026-03-24,3080000,서울특별시 강북구
GS25 번동주공점,서울특별시,강북구,11305,서울특별시 강북구 한천로109길 13,서울특별시 강북구 번동 269-2,37.62832312,127.0432327,02-998-8807,서울강북경찰서,,Y,2026-03-24,3080000,서울특별시 강북구
GS25 수유광산점,서울특별시,강북구,11305,서울특별시 강북구 노해로27길 21,서울특별시 강북구 수유동 252-40,37.64529112,127.0224126,02-998-5684,서울강북경찰서,,Y,2026-03-24,3080000,서울특별시 강북구
GS25 수유우이점,서울특별시,강북구,11305,서울특별시 강북구 삼양로93길 23,서울특별시 강북구 수유동 409,37.63783616,127.0158415,02-6212-7221,서울강북경찰서,,Y,2026-03-24,3080000,서울특별시 강북구
CU 미아동부점,서울특별시,강북구,11305,서울특별시 강북구 도봉로13길 58,서울특별시 강북구 미아동 450-64,37.61512511,127.0270114,02-980-2998,서울강북경찰서,,Y,2026-03-24,3080000,서울특별시 강북구
CU 수유행복점,서울특별시,강북구,11305,서울특별시 강북구 4.19로1길 16,서울특별시 강북구 수유동 281-40,37.64730169,127.0133935,02-900-5571,서울강북경찰서,,Y,2026-03-24,3080000,서울특별시 강북구
CU 수유번동점,서울특별시,강북구,11305,서울특별시 강북구 한천로132길 10,서울특별시 강북구 번동 461-80,37.63942624,127.0287221,02-997-9648,서울강북경찰서,,Y,2026-03-24,3080000,서울특별시 강북구
CU 번동센트로힐점,서울특별시,강북구,11305,서울특별시 강북구 한천로 936,서울특별시 강북구 번동 761,37.63467233,127.0361184,02-990-0424,서울강북경찰서,,Y,2026-03-24,3080000,서울특별시 강북구
CU 미아창문점,서울특별시,강북구,11305,서울특별시 강북구 월계로 83,서울특별시 강북구 미아동 8-144,37.61381761,127.0378674,02-981-0684,서울강북경찰서,,Y,2026-03-24,3080000,서울특별시 강북구
CU 미아삼양점,서울특별시,강북구,11305,서울특별시 강북구 솔샘로 231,서울특별시 강북구 미아동 838-8,37.62019851,127.0183771,02-989-3700,서울강북경찰서,,Y,2026-03-24,3080000,서울특별시 강북구
세븐일레븐 상봉2점,서울특별시,중랑구,11260,서울특별시 중랑구 망우로50길 25,서울특별시 중랑구 상봉동 89-7,37.5959385,127.0893362,02-434-7485,서울중랑경찰서,,Y,2026-02-27,3060000,서울특별시 중랑구
세븐일레븐 면목한신점,서울특별시,중랑구,11260,서울특별시 중랑구 겸재로3길 5,서울특별시 중랑구 면목동 193-52,37.5861568,127.076345,02-432-7630,서울중랑경찰서,,Y,2026-02-27,3060000,서울특별시 중랑구
세븐일레븐 면목로데오점,서울특별시,중랑구,11260,서울특별시 중랑구 중랑천로10길 66,서울특별시 중랑구 면목동 185-9,37.5923175,127.0766165,02-432-8973,서울중랑경찰서,,Y,2026-02-27,3060000,서울특별시 중랑구
세븐일레븐 망우점,서울특별시,중랑구,11260,서울특별시 중랑구 망우로 461,서울특별시 중랑구 망우동 340-22,37.6005635,127.1033339,02-496-0051,서울중랑경찰서,,Y,2026-02-27,3060000,서울특별시 중랑구
세븐일레븐 망우2호점,서울특별시,중랑구,11260,서울특별시 중랑구 양원역로 25,서울특별시 중랑구 망우동 183,37.60270595,127.1076358,02-495-1613,서울중랑경찰서,,Y,2026-02-27,3060000,서울특별시 중랑구
세븐일레븐 상봉점,서울특별시,중랑구,11260,서울특별시 중랑구 봉우재로33길 92,서울특별시 중랑구 상봉동 88-25,37.59571825,127.0901785,02-435-8185,서울중랑경찰서,,Y,2026-02-27,3060000,서울특별시 중랑구
GS25 중랑동원점,서울특별시,중랑구,11260,서울특별시 중랑구 면목로78길 51,서울특별시 중랑구 면목동 96-25,37.59077177,127.0900039,02-2207-8195,서울중랑경찰서,,Y,2026-02-27,3060000,서울특별시 중랑구
GS25 면목행운점,서울특별시,중랑구,11260,서울특별시 중랑구 겸재로54길 38,서울특별시 중랑구 면목동 106-38,37.58760869,127.0916076,02-432-2526,서울중랑경찰서,,Y,2026-02-27,3060000,서울특별시 중랑구
GS25 상봉뉴월드점,서울특별시,중랑구,11260,서울특별시 중랑구 망우로30길 3,서울특별시 중랑구 상봉동 130-3,37.5930326,127.0747358,02-432-2745,서울중랑경찰서,,Y,2026-02-27,3060000,서울특별시 중랑구
GS25 중화다미소점,서울특별시,중랑구,11260,서울특별시 중랑구 동일로136길 10,서울특별시 중랑구 중화동 286-22,37.6020245,127.0801001,02-2209-4959,서울중랑경찰서,,Y,2026-02-27,3060000,서울특별시 중랑구
GS25 중랑지웰,서울특별시,중랑구,11260,"서울특별시 중랑구 면목로69길 16, 101동 103호","서울특별시 중랑구 면목동 538, 101동 103호",37.58725253,127.0863427,02-438-0228,서울중랑경찰서,,Y,2026-02-27,3060000,서울특별시 중랑구
GS25 용마파크,서울특별시,중랑구,11260,서울특별시 중랑구 용마산로 248,서울특별시 중랑구 면목동 1339,37.57520556,127.0884742,02-433-0417,서울중랑경찰서,,Y,2026-02-27,3060000,서울특별시 중랑구
GS25 중랑팰리스점,서울특별시,중랑구,11260,서울특별시 중랑구 망우로 316,서울특별시 중랑구 상봉동 101-2,37.596527,127.087565,02-432-9319,서울중랑경찰서,,Y,2026-02-27,3060000,서울특별시 중랑구
GS25 중랑신내행운점,서울특별시,중랑구,11260,서울특별시 중랑구 봉화산로56길 46,서울특별시 중랑구 신내동 410-8,37.60642209,127.0983411,02-436-2566,서울중랑경찰서,,Y,2026-02-27,3060000,서울특별시 중랑구
GS25 중랑동부,서울특별시,중랑구,11260,서울특별시 중랑구 신내로7가길 35,서울특별시 중랑구 상봉동 495,37.60227892,127.0938704,02-434-1617,서울중랑경찰서,,Y,2026-02-27,3060000,서울특별시 중랑구
GS25 사가정스타,서울특별시,중랑구,11260,서울특별시 중랑구 면목로45길 8,서울특별시 중랑구 면목동 497-16,37.58182879,127.088082,02-493-5992,서울중랑경찰서,,Y,2026-02-27,3060000,서울특별시 중랑구
GS25 봉화산역,서울특별시,중랑구,11260,서울특별시 중랑구 신내로 211,서울특별시 중랑구 신내동 646,37.6163947,127.0926039,02-3422-6608,서울중랑경찰서,,Y,2026-02-27,3060000,서울특별시 중랑구
GS25 면목한신,서울특별시,중랑구,11260,서울특별시 중랑구 겸재로3길 54,서울특별시 중랑구 면목동 178-30,37.5883513,127.0767493,02-436-6480,서울중랑경찰서,,Y,2026-02-27,3060000,서울특별시 중랑구
GS25 망우한마음,서울특별시,중랑구,11260,서울특별시 중랑구 용마산로99길 9,서울특별시 중랑구 망우동 531-24,37.5918396,127.097419,02-433-5972,서울중랑경찰서,,Y,2026-02-27,3060000,서울특별시 중랑구
GS25 망우으뜸,서울특별시,중랑구,11260,서울특별시 중랑구 망우로68길 56,서울특별시 중랑구 망우동 364-39,37.5974471,127.1009021,02-435-3664,서울중랑경찰서,,Y,2026-02-27,3060000,서울특별시 중랑구
GS25 망우금호,서울특별시,중랑구,11260,"서울특별시 중랑구 망우로 504, 1층","서울특별시 중랑구 망우동 133-7, 1층",37.6002329,127.108007,02-2209-1007,서울중랑경찰서,,Y,2026-02-27,3060000,서울특별시 중랑구
CU 묵동먹골역점,서울특별시,중랑구,11260,서울특별시 중랑구 공릉로2가길 28,서울특별시 중랑구 묵동172-26,37.6133273,127.0788287,02-948-9652,서울중랑경찰서,,Y,2026-02-27,3060000,서울특별시 중랑구
CU 망우행복점,서울특별시,중랑구,11260,서울특별시 중랑구 용마산로118길 130,서울특별시 중랑구 망우동 135-4,37.600864,127.1076756,02-434-7428,서울중랑경찰서,,Y,2026-02-27,3060000,서울특별시 중랑구
CU 상봉듀오트리스점,서울특별시,중랑구,11260,서울특별시 중랑구 상봉로 131,서울특별시 중랑구 상봉동 501,37.59740662,127.0921776,02-435-7162,서울중랑경찰서,,Y,2026-02-27,3060000,서울특별시 중랑구
CU 면목행복점,서울특별시,중랑구,11260,서울특별시 중랑구 겸재로50길 9,서울특별시 중랑구 면목동 104-14,37.58870728,127.0910119,02-495-4196,서울중랑경찰서,,Y,2026-02-27,3060000,서울특별시 중랑구
CU 면목중앙점,서울특별시,중랑구,11260,서울특별시 중랑구 면목로56가길 8,서울특별시 중랑구 면목동 409-47,37.5844605,127.0889145,02-2207-6103,서울중랑경찰서,,Y,2026-02-27,3060000,서울특별시 중랑구
세븐일레븐 휘경한천로점,서울특별시,동대문구,11230,서울특별시 동대문구 한천로 250,,37.58318800,127.06862400,,서울동대문경찰서,,Y,2026-03-05,3050000,서울특별시 동대문구
세븐일레븐 휘경시립대점,서울특별시,동대문구,11230,서울특별시 동대문구 망우로10길 45,,37.58697200,127.05654500,,서울동대문경찰서,,Y,2026-03-05,3050000,서울특별시 동대문구
세븐일레븐 회기해피파크점,서울특별시,동대문구,11230,서울특별시 동대문구 이문로 19,,37.58986900,127.05530800,,서울동대문경찰서,,Y,2026-03-05,3050000,서울특별시 동대문구
세븐일레븐 전농점,서울특별시,동대문구,11230,서울특별시 동대문구 서울시립대로 31,,37.57531361,127.04586030,,서울동대문경찰서,,Y,2026-03-05,3050000,서울특별시 동대문구
세븐일레븐 장안해피트리점,서울특별시,동대문구,11230,서울특별시 동대문구 천호대로 79길 30,,37.56374399,127.06327030,,서울동대문경찰서,,Y,2026-03-05,3050000,서울특별시 동대문구
세븐일레븐 장안썬앤빌점,서울특별시,동대문구,11230,서울특별시 동대문구 장한로 91,,37.56911530,127.06934120,,서울동대문경찰서,,Y,2026-03-05,3050000,서울특별시 동대문구
세븐일레븐 장안벤처빌점,서울특별시,동대문구,11230,서울특별시 동대문구 한천로24길 74-1,,37.56884300,127.06876800,,서울동대문경찰서,,Y,2026-03-05,3050000,서울특별시 동대문구
세븐일레븐 장안3점,서울특별시,동대문구,11230,서울특별시 동대문구 천호대로77길 84,,37.56542702,127.06331800,,서울동대문경찰서,,Y,2026-03-05,3050000,서울특별시 동대문구
세븐일레븐 신제기점,서울특별시,동대문구,11230,서울특별시 동대문구 왕산로19나길 3,,37.57863930,127.03312550,,서울동대문경찰서,,Y,2026-03-05,3050000,서울특별시 동대문구
세븐일레븐 동대문답십리점,서울특별시,동대문구,11230,서울특별시 동대문구 전농로 91,,37.57330133,127.05706560,,서울동대문경찰서,,Y,2026-03-05,3050000,서울특별시 동대문구
세븐일레븐 고대로데오점,서울특별시,동대문구,11230,서울특별시 동대문구 제기로 5길 42,,37.58814714,127.03551370,,서울동대문경찰서,,Y,2026-03-05,3050000,서울특별시 동대문구
세븐일레븐 경희기숙사점,서울특별시,동대문구,11230,서울특별시 동대문구 이문로9길 46,,37.59420770,127.05654320,,서울동대문경찰서,,Y,2026-03-05,3050000,서울특별시 동대문구
세븐일레븐 경희대3호점,서울특별시,동대문구,11230,서울특별시 동대문구 천장산로7길 39,,37.59814370,127.05568040,,서울동대문경찰서,,Y,2026-03-05,3050000,서울특별시 동대문구
GS25 휘경사랑점,서울특별시,동대문구,11230,서울특별시 동대문구 한천로 242,,37.58256200,127.06868300,,서울동대문경찰서,,Y,2026-03-05,3050000,서울특별시 동대문구
GS25 휘경럭키점,서울특별시,동대문구,11230,서울특별시 동대문구 전농로38길 89,,37.58791222,127.05621450,,서울동대문경찰서,,Y,2026-03-05,3050000,서울특별시 동대문구
GS25 카이스트원룸점,서울특별시,동대문구,11230,서울특별시 동대문구 회기로 118,,37.59136200,127.04967000,,서울동대문경찰서,,Y,2026-03-05,3050000,서울특별시 동대문구
GS25 청계힐스테이트점,서울특별시,동대문구,11230,서울특별시 동대문구 천호대로55길 11,,37.57154100,127.04716400,,서울동대문경찰서,,Y,2026-03-05,3050000,서울특별시 동대문구
GS25 제기정화점,서울특별시,동대문구,11230,서울특별시 동대문구 제기로20길 32,,37.58515250,127.04147190,,서울동대문경찰서,,Y,2026-03-05,3050000,서울특별시 동대문구
GS25 전농삼성점,서울특별시,동대문구,11230,서울특별시 동대문구 사가정로13가길 29,,37.57950820,127.05960270,,서울동대문경찰서,,Y,2026-03-05,3050000,서울특별시 동대문구
GS25 전농배봉점,서울특별시,동대문구,11230,서울특별시 동대문구 전농동 6-3,,37.57880700,127.06715400,,서울동대문경찰서,,Y,2026-03-05,3050000,서울특별시 동대문구
GS25 장안홈타운점,서울특별시,동대문구,11230,서울특별시 동대문구 장안벚꽃로 107,,37.56807100,127.07330400,,서울동대문경찰서,,Y,2026-03-05,3050000,서울특별시 동대문구
GS25 장안햇살점,서울특별시,동대문구,11230,서울특별시 동대문구 장한로17길 9,,37.56753140,127.06797990,,서울동대문경찰서,,Y,2026-03-05,3050000,서울특별시 동대문구
GS25 장안장평점,서울특별시,동대문구,11230,서울특별시 동대문구 장한로28가길 1,,37.57311400,127.07243500,,서울동대문경찰서,,Y,2026-03-05,3050000,서울특별시 동대문구
GS25 장안스타점,서울특별시,동대문구,11230,서울특별시 동대문구 천호대로89길 16,,37.56247510,127.06848100,,서울동대문경찰서,,Y,2026-03-05,3050000,서울특별시 동대문구
GS25 장안골든점,서울특별시,동대문구,11230,서울특별시 동대문구 천호대로91길 89,,37.56547100,127.07065300,,서울동대문경찰서,,Y,2026-03-05,3050000,서울특별시 동대문구
GS25 용두동아점,서울특별시,동대문구,11230,서울특별시 동대문구 무학로 111,,37.57424200,127.03043500,,서울동대문경찰서,,Y,2026-03-05,3050000,서울특별시 동대문구
GS25 동대문한신점,서울특별시,동대문구,11230,서울특별시 동대문구 황물로 42,,37.57334200,127.04621400,,서울동대문경찰서,,Y,2026-03-05,3050000,서울특별시 동대문구
GS25 동대문장안점,서울특별시,동대문구,11230,서울특별시 동대문구 장한로 165,,37.57514219,127.07163850,,서울동대문경찰서,,Y,2026-03-05,3050000,서울특별시 동대문구
GS25 동대문용두점,서울특별시,동대문구,11230,서울특별시 동대문구 천호대로31길 50,,37.57560357,127.04140940,,서울동대문경찰서,,Y,2026-03-05,3050000,서울특별시 동대문구
GS25 동대문신설점,서울특별시,동대문구,11230,서울특별시 동대문구 한빛로 24,,37.57763710,127.02560740,,서울동대문경찰서,,Y,2026-03-05,3050000,서울특별시 동대문구
GS25 동대문구청점,서울특별시,동대문구,11230,서울특별시 동대문구 고산자로28길 39,,37.57492660,127.04047210,,서울동대문경찰서,,Y,2026-03-05,3050000,서울특별시 동대문구
GS25 답십리한신점,서울특별시,동대문구,11230,서울특별시 동대문구 한천로17길 23,,37.56990210,127.06275790,,서울동대문경찰서,,Y,2026-03-05,3050000,서울특별시 동대문구
GS25 답십리청마루점,서울특별시,동대문구,11230,서울특별시 동대문구 답십리로59길 6,,37.57304444,127.06588240,,서울동대문경찰서,,Y,2026-03-05,3050000,서울특별시 동대문구
GS25 답십리래미안점,서울특별시,동대문구,11230,서울특별시 동대문구 답십리로 130,,37.57107000,127.05400000,,서울동대문경찰서,,Y,2026-03-05,3050000,서울특별시 동대문구
GS25 경희프라자점,서울특별시,동대문구,11230,서울특별시 동대문구 경희대로 23,,37.59377476,127.05074120,,서울동대문경찰서,,Y,2026-03-05,3050000,서울특별시 동대문구
CU 휘경주공점,서울특별시,동대문구,11230,"서울특별시 동대문구 한천로 264, 주공프라자 102호",,37.58434000,127.06836400,,서울동대문경찰서,,Y,2026-03-05,3050000,서울특별시 동대문구
CU 카이스트점,서울특별시,동대문구,11230,서울특별시 동대문구 회기로 119,,37.59157900,127.04986000,,서울동대문경찰서,,Y,2026-03-05,3050000,서울특별시 동대문구
CU 청계노벨리아점,서울특별시,동대문구,11230,서울특별시 동대문구 서울시립대로 19,,37.57353000,127.04527900,,서울동대문경찰서,,Y,2026-03-05,3050000,서울특별시 동대문구
CU 제기휴플러스점,서울특별시,동대문구,11230,서울특별시 동대문구 고산자로54길 6,,37.58731800,127.03852000,,서울동대문경찰서,,Y,2026-03-05,3050000,서울특별시 동대문구
CU 제기원룸점,서울특별시,동대문구,11230,서울특별시 동대문구 제기로6길 4,,37.58620513,127.03435290,,서울동대문경찰서,,Y,2026-03-05,3050000,서울특별시 동대문구
CU 전농우리점,서울특별시,동대문구,11230,서울특별시 동대문구 전농로23길 8,,37.58075300,127.05494600,,서울동대문경찰서,,Y,2026-03-05,3050000,서울특별시 동대문구
CU 장안포레스트점,서울특별시,동대문구,11230,서울특별시 동대문구 천호대로97길 9,,37.56136882,127.06991500,,서울동대문경찰서,,Y,2026-03-05,3050000,서울특별시 동대문구
CU 장안중앙점,서울특별시,동대문구,11230,서울특별시 동대문구 천호대로91길 41,,37.56344600,127.06949100,,서울동대문경찰서,,Y,2026-03-05,3050000,서울특별시 동대문구
CU 장안쉐르빌점,서울특별시,동대문구,11230,서울특별시 동대문구 답십리로68길 24,,37.57142980,127.06918450,,서울동대문경찰서,,Y,2026-03-05,3050000,서울특별시 동대문구
CU 장안래미안점,서울특별시,동대문구,11230,서울특별시 동대문구 장안벚꽃로 167,,37.57505400,127.07416000,,서울동대문경찰서,,Y,2026-03-05,3050000,서울특별시 동대문구
CU 장안드플랏점,서울특별시,동대문구,11230,"서울특별시 동대문구 장한로 82, 103호",,37.56820400,127.06946900,,서울동대문경찰서,,Y,2026-03-05,3050000,서울특별시 동대문구
CU 이문투니온점,서울특별시,동대문구,11230,서울특별시 동대문구 이문로 190,,37.60355000,127.06223200,,서울동대문경찰서,,Y,2026-03-05,3050000,서울특별시 동대문구
CU 용두허브리츠점,서울특별시,동대문구,11230,서울특별시 동대문구 왕산로26길 35,,37.57645470,127.03660600,,서울동대문경찰서,,Y,2026-03-05,3050000,서울특별시 동대문구
CU 용두으뜸점,서울특별시,동대문구,11230,서울특별시 동대문구 안암로 52,,37.58120940,127.02780950,,서울동대문경찰서,,Y,2026-03-05,3050000,서울특별시 동대문구
CU 용두안암점,서울특별시,동대문구,11230,서울특별시 동대문구 무학로37길 42,,37.57775690,127.02793030,,서울동대문경찰서,,Y,2026-03-05,3050000,서울특별시 동대문구
CU 용두대박점,서울특별시,동대문구,11230,서울특별시 동대문구 천호대로17길 38,,37.57570080,127.03244240,,서울동대문경찰서,,Y,2026-03-05,3050000,서울특별시 동대문구
CU 안암로타리점,서울특별시,동대문구,11230,서울특별시 동대문구 약령시로 7,,37.58284900,127.03060900,,서울동대문경찰서,,Y,2026-03-05,3050000,서울특별시 동대문구
CU 신흥래미안점,서울특별시,동대문구,11230,서울특별시 동대문구 전농로3길 102,,37.57230600,127.05619600,,서울동대문경찰서,,Y,2026-03-05,3050000,서울특별시 동대문구
CU 신설베르빌점,서울특별시,동대문구,11230,서울특별시 동대문구 천호대로 23,,37.57460005,127.02630820,,서울동대문경찰서,,Y,2026-03-05,3050000,서울특별시 동대문구
CU 신설교보점,서울특별시,동대문구,11230,서울특별시 동대문구 왕산로 10,,37.57584640,127.02484410,,서울동대문경찰서,,Y,2026-03-05,3050000,서울특별시 동대문구
CU 답십리카운티에비뉴점,서울특별시,동대문구,11230,서울특별시 동대문구 사가정로 80,,37.57587300,127.06546400,,서울동대문경찰서,,Y,2026-03-05,3050000,서울특별시 동대문구
CU 답십리사랑점,서울특별시,동대문구,11230,서울특별시 동대문구 전농로 53,,37.56975300,127.05689800,,서울동대문경찰서,,Y,2026-03-05,3050000,서울특별시 동대문구
CU 답십리매트로점,서울특별시,동대문구,11230,서울특별시 동대문구 고미술로 16,,37.56950217,127.05032440,,서울동대문경찰서,,Y,2026-03-05,3050000,서울특별시 동대문구
CU 답십리대림점,서울특별시,동대문구,11230,서울특별시 동대문구 한천로107-3,,37.57090063,127.06485020,,서울동대문경찰서,,Y,2026-03-05,3050000,서울특별시 동대문구
CU 군자초교점,서울특별시,동대문구,11230,서울특별시 동대문구 천호대로77길 22,,37.56325300,127.06145300,,서울동대문경찰서,,Y,2026-03-05,3050000,서울특별시 동대문구
CU 고대어진재점,서울특별시,동대문구,11230,서울특별시 동대문구 회기로 14,,37.59100885,127.03791300,,서울동대문경찰서,,Y,2026-03-05,3050000,서울특별시 동대문구
CU 경동사거리점,서울특별시,동대문구,11230,서울특별시 동대문구 천호대로27길 73,,37.57743660,127.03744310,,서울동대문경찰서,,Y,2026-03-05,3050000,서울특별시 동대문구
GS25 영흥비치점,인천광역시,옹진군,28720,인천광역시 옹진군 영흥면 영흥북로 203,인천광역시 옹진군 영흥면 내리 51-1,37.269183,126.494648,,인천중부경찰서,2023,Y,2026-01-07,3580000,인천광역시 옹진군
세븐일레븐 인천영흥외리점,인천광역시,옹진군,28720,인천광역시 옹진군 영흥면 영흥남로 10-5,인천광역시 옹진군 영흥면 외리 68-226,37.252284,126.475376,032-890-4280,인천중부경찰서,2023,Y,2026-01-07,3580000,인천광역시 옹진군
세븐일레븐 영흥로드점,인천광역시,옹진군,28720,인천광역시 옹진군 영흥면 영흥북로35번길 126,인천광역시 옹진군 영흥면 내리 21-1,37.26150753,126.4979969,032-886-8183,인천중부경찰서,2020,Y,2026-01-07,3580000,인천광역시 옹진군
세븐일레븐 에너지파크점,인천광역시,옹진군,28720,인천광역시 옹진군 영흥면 영흥남로 313,인천광역시 옹진군 영흥면 외리 909-3,37.24408085,126.4530891,032-880-9936,인천중부경찰서,2020,Y,2026-01-07,3580000,인천광역시 옹진군
세븐일레븐 선재도목섬점,인천광역시,옹진군,28720,인천광역시 옹진군 영흥면 선재로34번길 23,인천광역시 옹진군 영흥면 선재리 108-32,37.2333455,126.5352628,032-890-4177,인천중부경찰서,2018,Y,2026-01-07,3580000,인천광역시 옹진군
GS25 선재대교점,인천광역시,옹진군,28720,인천광역시 옹진군 영흥면 선재로 40,인천광역시 옹진군 영흥면 선재리 142,37.23351151,126.5334858,032-887-9683,인천중부경찰서,2018,Y,2026-01-07,3580000,인천광역시 옹진군
이마트24 간석극동점,인천광역시,남동구,35300,"인천광역시 남동구 구월로72번길 19, 1층",인천광역시 남동구 간석동 508-200,37.4561528831,126.698180,,인천남동경찰서,2025,Y,2026-01-01,3530000,인천광역시 남동구
이마트24 구월사랑,인천광역시,남동구,35300,"인천광역시 남동구 남동대로733번길 58, 1층",인천광역시 남동구 구월동 201-194,37.448290,126.703970,032-425-0824,인천남동경찰서,2019,Y,2026-01-01,3530000,인천광역시 남동구
세븐일레븐 인천서창행복점,인천광역시,남동구,35300,"인천광역시 남동구 서창남로 109, 서창LH15단지 상가동",인천광역시 남동구 서창동 679,37.4295542111,126.746770,,인천논현경찰서,2025,Y,2026-01-01,3530000,인천광역시 남동구
세븐일레븐 인천문일점,인천광역시,남동구,35300,인천광역시 남동구 구월로372번길 67,인천광역시 남동구 만수동 975-19,37.4517982654,126.731740,,인천남동경찰서,2025,Y,2026-01-01,3530000,인천광역시 남동구
세븐일레븐 인천간석나무점,인천광역시,남동구,35300,"인천광역시 남동구 예술로360번길 28, 101호",인천광역시 남동구 간석동 268-29,37.465450,126.703920,,인천남동경찰서,2025,Y,2026-01-01,3530000,인천광역시 남동구
세븐일레븐 간석어반카운티점,인천광역시,남동구,35300,"인천광역시 남동구 석촌로 53, 1층 101호",인천광역시 남동구 간석동 213-1,37.465290,126.708640,,인천남동경찰서,2025,Y,2026-01-01,3530000,인천광역시 남동구
세븐일레븐 인천구월롯데점,인천광역시,남동구,35300,인천광역시 남동구 인하로507번길 9,인천광역시 남동구 구월동 1471-1,37.4438959315,126.702690,,인천남동경찰서,2024,Y,2026-01-01,3530000,인천광역시 남동구
GS25 논현타워,인천광역시,남동구,35300,"인천광역시 남동구 논고개로 101, 103호",인천광역시 남동구 논현동 649-3,37.399990,126.7243950442,032-433-6780,인천논현경찰서,2019,Y,2026-01-01,3530000,인천광역시 남동구
GS25 논현신영,인천광역시,남동구,35300,"인천광역시 남동구 소래역로 95, 상가동 101호",인천광역시 남동구 논현동 604-1,37.404370,126.730560,032-432-2391,인천논현경찰서,2019,Y,2026-01-01,3530000,인천광역시 남동구
GS25 논현송천,인천광역시,남동구,35300,인천광역시 남동구 앵고개로815번길 54,인천광역시 남동구 논현동 740-1,37.396280,126.722940,032-441-2520,인천논현경찰서,2019,Y,2026-01-01,3530000,인천광역시 남동구
GS25 논현본,인천광역시,남동구,35300,"인천광역시 남동구 논현로 106, 622동 지하1층 107~111호",인천광역시 남동구 논현동 634-1,37.401050,126.720360,032-437-7265,인천논현경찰서,2019,Y,2026-01-01,3530000,인천광역시 남동구
GS25 논현그린,인천광역시,남동구,35300,"인천광역시 남동구 소래역남로 41, 1층 104호",인천광역시 남동구 논현동 755-1,37.399170,126.7322955771,032-433-7519,인천논현경찰서,2019,Y,2026-01-01,3530000,인천광역시 남동구
GS25 논현고잔,인천광역시,남동구,35300,"인천광역시 남동구 아암대로1503번길 32, 상가 1층 111호",인천광역시 남동구 논현동 774-1,37.391980,126.729160,032-438-6893,인천논현경찰서,2019,Y,2026-01-01,3530000,인천광역시 남동구
GS25 논현9단지,인천광역시,남동구,35300,"인천광역시 남동구 에코중앙로 96, 913동 103호",인천광역시 남동구 논현동 766-1,37.387390,126.722295474,032-422-9640,인천논현경찰서,2019,Y,2026-01-01,3530000,인천광역시 남동구
GS25 남촌풍림,인천광역시,남동구,35300,"인천광역시 남동구 남촌로 87, 1층 일부",인천광역시 남동구 남촌동 266-4,37.428870,126.714680,,인천남동경찰서,2019,Y,2026-01-01,3530000,인천광역시 남동구
GS25 남동프라자,인천광역시,남동구,35300,"인천광역시 남동구 장승남로 62, 101호",인천광역시 남동구 만수동 1039,37.443270,126.739010,032-464-0856,인천남동경찰서,2019,Y,2026-01-01,3530000,인천광역시 남동구
GS25 남동초교,인천광역시,남동구,35300,"인천광역시 남동구 장승남로33번길 9, 상가 110동 105호",인천광역시 남동구 만수동 1018,37.443740,126.735760,,인천남동경찰서,2019,Y,2026-01-01,3530000,인천광역시 남동구
GS25 남동제일,인천광역시,남동구,35300,인천광역시 남동구 남동대로774번길 35,인천광역시 남동구 구월동 1201-23,37.451350,126.710090,032-465-4742,인천남동경찰서,2019,Y,2026-01-01,3530000,인천광역시 남동구
GS25 논현푸르지오,인천광역시,남동구,35300,"인천광역시 남동구 남동서로236번길 30, 112호",인천광역시 남동구 논현동 448,37.409570,126.695110,,인천논현경찰서,2019,Y,2026-01-01,3530000,인천광역시 남동구
GS25 논현프라자,인천광역시,남동구,35300,"인천광역시 남동구 논고개로 120, 104호",인천광역시 남동구 논현동 616-1,37.4020011164,126.724420,032-432-6780,인천논현경찰서,2019,Y,2026-01-01,3530000,인천광역시 남동구
GS25 논현향촌,인천광역시,남동구,35300,"인천광역시 남동구 앵고개로847번길 51, 상가에이등 101호, 102호",인천광역시 남동구 논현동 740-2,37.398060,126.725140,032-423-9282,인천논현경찰서,2019,Y,2026-01-01,3530000,인천광역시 남동구
GS25 논현호구포,인천광역시,남동구,35300,"인천광역시 남동구 호구포로 209, 1층 1호",인천광역시 남동구 논현동 647-6,37.401870,126.709040,,인천논현경찰서,2019,Y,2026-01-01,3530000,인천광역시 남동구
이마트24 구월신세계점,인천광역시,남동구,35300,인천광역시 남동구 호구포로 868,인천광역시 남동구 구월동 1250-5,37.459750,126.720260,,인천남동경찰서,2025,Y,2026-01-01,3530000,인천광역시 남동구
GS25 서창청아안,인천광역시,남동구,35300,"인천광역시 남동구 서창남순환로 108, 상가동 1층 101호",인천광역시 남동구 서창동 639,37.430120,126.745920,032-461-1701,인천논현경찰서,2019,Y,2026-01-01,3530000,인천광역시 남동구
GS25 서창그랑블,인천광역시,남동구,35300,"인천광역시 남동구 독곡로48번길 6, 106, 107호",인천광역시 남동구 서창동 542-9,37.434490,126.748750,032-431-8805,인천논현경찰서,2019,Y,2026-01-01,3530000,인천광역시 남동구
GS25 서창8단지,인천광역시,남동구,35300,"인천광역시 남동구 서창남순환로 201-1, 상가 104호",인천광역시 남동구 서창동 692,37.4241998798,126.746430,032-464-7077,인천논현경찰서,2019,Y,2026-01-01,3530000,인천광역시 남동구
GS25 만수효성,인천광역시,남동구,35300,"인천광역시 남동구 구월말로85번길 26, 1층 일부",인천광역시 남동구 만수동 902-5,37.456880,126.723670,032-466-3468,인천남동경찰서,2019,Y,2026-01-01,3530000,인천광역시 남동구
GS25 만수프라자,인천광역시,남동구,35300,"인천광역시 남동구 구월로 376, 1층 109호",인천광역시 남동구 만수동 956,37.454710,126.732310,032-461-2050,인천남동경찰서,2019,Y,2026-01-01,3530000,인천광역시 남동구
GS25 만수중앙,인천광역시,남동구,35300,"인천광역시 남동구 만수로 14-70, 105호",인천광역시 남동구 만수동 38,37.455950,126.733110,032-465-7265,인천남동경찰서,2019,Y,2026-01-01,3530000,인천광역시 남동구
GS25 만수전원,인천광역시,남동구,35300,인천광역시 남동구 인주대로887번길 71,인천광역시 남동구 만수동 423-15,37.4511969036,126.737980,032-466-0600,인천남동경찰서,2019,Y,2026-01-01,3530000,인천광역시 남동구
GS25 만수신한,인천광역시,남동구,35300,"인천광역시 남동구 수현로136번길 35, 2층",인천광역시 남동구 만수동 1-301,37.465930,126.739790,032-465-2719,인천남동경찰서,2019,Y,2026-01-01,3530000,인천광역시 남동구
GS25 만수신동아,인천광역시,남동구,35300,"인천광역시 남동구 만수로111번길 29, 1층",인천광역시 남동구 만수동 5-430,37.465540,126.736930,032-464-4270,인천남동경찰서,2019,Y,2026-01-01,3530000,인천광역시 남동구
GS25 만수숭의,인천광역시,남동구,35300,인천광역시 남동구 구월말로58번길 1,인천광역시 남동구 만수동 913-4,37.454160,126.725060,032-461-4624,인천남동경찰서,2019,Y,2026-01-01,3530000,인천광역시 남동구
GS25 만수숭덕,인천광역시,남동구,35300,"인천광역시 남동구 만수서로83번길 45, B동 103호",인천광역시 남동구 만수동 1115-1,37.463430,126.733610,032-467-2707,인천남동경찰서,2019,Y,2026-01-01,3530000,인천광역시 남동구
GS25 만수벽산,인천광역시,남동구,35300,"인천광역시 남동구 호구포로 920, 상가동 211호",인천광역시 남동구 만수동 1114,37.464330,126.721180,032-467-7692,인천남동경찰서,2019,Y,2026-01-01,3530000,인천광역시 남동구
GS25 만수리치,인천광역시,남동구,35300,"인천광역시 남동구 서판로54번길 54, 1층",인천광역시 남동구 만수동 854-43,37.461660,126.725160,,인천남동경찰서,2019,Y,2026-01-01,3530000,인천광역시 남동구
GS25 만수대성,인천광역시,남동구,35300,"인천광역시 남동구 서판로 28, 상가 2동 101호",인천광역시 남동구 만수동 844-1,37.463060,126.723730,032-467-0238,인천남동경찰서,2019,Y,2026-01-01,3530000,인천광역시 남동구
GS25 만수뉴서울,인천광역시,남동구,35300,"인천광역시 남동구 담방로21번길 61, 상가동 1층 7호",인천광역시 남동구 만수동 1044,37.440890,126.734720,,인천남동경찰서,2019,Y,2026-01-01,3530000,인천광역시 남동구
GS25 만수1동,인천광역시,남동구,35300,"인천광역시 남동구 하촌로 69, 1층",인천광역시 남동구 만수동 957-5,37.454020,126.733610,032-467-3031,인천남동경찰서,2019,Y,2026-01-01,3530000,인천광역시 남동구
GS25 도림벽산,인천광역시,남동구,35300,인천광역시 남동구 도림로 5-1,인천광역시 남동구 도림동 655-5,37.420630,126.729250,032-463-9797,인천남동경찰서,2019,Y,2026-01-01,3530000,인천광역시 남동구
GS25 뉴한화프라자점,인천광역시,남동구,35300,"인천광역시 남동구 소래역남로 16번길 8-7, 107호 108호",인천광역시 남동구 논현동 753-3,37.3980393774,126.7356072539,,인천논현경찰서,2019,Y,2026-01-01,3530000,인천광역시 남동구
새로나마트 새로나마트,인천광역시,남동구,35300,인천광역시 남동구 용천로88번길 43,인천광역시 남동구 구월동 4-115,37.4574709413,126.717360,,인천남동경찰서,2025,Y,2026-01-01,3530000,인천광역시 남동구
씨스페이스 인천시청역점,인천광역시,남동구,35300,"인천광역시 남동구 구월로 99, 인천시청역 1호선 역사 지하",인천광역시 남동구 간석동 493-27,37.4568808551,126.7013016071,,인천남동경찰서,2021,Y,2026-01-01,3530000,인천광역시 남동구
GS25 서창꿈에그린점,인천광역시,남동구,35300,인천광역시 남동구 운연천로 11,인천광역시 남동구 서창동 745,37.4309606034,126.7562600319,,인천논현경찰서,2023,Y,2026-01-01,3530000,인천광역시 남동구
GS25 만수짱구점,인천광역시,남동구,35300,인천광역시 남동구 장승남로81번길 27,인천광역시 남동구 만수동 1104-10,37.4445657578,126.7409402258,,인천남동경찰서,2023,Y,2026-01-01,3530000,인천광역시 남동구
GS25 논현한화점,인천광역시,남동구,35300,인천광역시 남동구 논고개로 10,인천광역시 남동구 논현동 755-4,37.3978773315,126.7337011302,,인천논현경찰서,2023,Y,2026-01-01,3530000,인천광역시 남동구
GS25 논현청조타운점,인천광역시,남동구,35300,인천광역시 남동구 논고개로188번길 10,인천광역시 남동구 논현동 592-11,37.407870,126.723860,,인천논현경찰서,2023,Y,2026-01-01,3530000,인천광역시 남동구
GS25 논현창업주택점,인천광역시,남동구,35300,"인천광역시 남동구 은봉로 297, 1층",인천광역시 남동구 논현동 588-2,37.4062736645,126.7225799285,,인천논현경찰서,2023,Y,2026-01-01,3530000,인천광역시 남동구
GS25 논현꿈에그린점,인천광역시,남동구,35300,인천광역시 남동구 아암대로1503번길 102,인천광역시 남동구 논현동 756-1,37.3942136791,126.7259640333,,인천논현경찰서,2023,Y,2026-01-01,3530000,인천광역시 남동구
GS25 간석영품점,인천광역시,남동구,35300,인천광역시 남동구 백범로248번길 9,인천광역시 남동구 간석동 921-3,37.461210,126.7216964899,032-464-4462,인천남동경찰서,2022,Y,2026-01-01,3530000,인천광역시 남동구
GS25 서창중앙,인천광역시,남동구,35300,"인천광역시 남동구 매소홀로1118, 107호",인천광역시 남동구 서창동 554-5,37.438160,126.746760,032-467-4945,인천논현경찰서,2021,Y,2026-01-01,3530000,인천광역시 남동구
GS25 만수향촌점,인천광역시,남동구,35300,인천광역시 남동구 만수서로 40,인천광역시 남동구 만수동 1116-1,37.461350,126.730520,032-467-1026,인천남동경찰서,2021,Y,2026-01-01,3530000,인천광역시 남동구
GS25 만수상아,인천광역시,남동구,35300,"인천광역시 남동구 구월말로106, 1층 상가일부",인천광역시 남동구 만수동 895,37.458540,126.725570,032-462-8708,인천남동경찰서,2021,Y,2026-01-01,3530000,인천광역시 남동구
GS25 만수무강점,인천광역시,남동구,35300,인천광역시 남동구 인수북로 1-1,인천광역시 남동구 만수동 53-5,37.454380,126.738140,,인천남동경찰서,2021,Y,2026-01-01,3530000,인천광역시 남동구
GS25 만수나래,인천광역시,남동구,35300,"인천광역시 남동구 담방서로17번길25, 105호, 106호",인천광역시 남동구 만수동 1086-1,37.446450,126.736260,032-471-1877,인천남동경찰서,2021,Y,2026-01-01,3530000,인천광역시 남동구
GS25 남동루체스타,인천광역시,남동구,35300,"인천광역시 남동구 남동대로353, JK루체스타",인천광역시 남동구 남촌동 624-3,37.415260,126.704840,032-811-4179,인천남동경찰서,2021,Y,2026-01-01,3530000,인천광역시 남동구
GS25 구월신세계점,인천광역시,남동구,35300,인천광역시 남동구 호구포로 844,인천광역시 남동구 구월동 342-213,37.457910,126.7199970846,,인천남동경찰서,2021,Y,2026-01-01,3530000,인천광역시 남동구
GS25 구월만월점,인천광역시,남동구,35300,"인천광역시 남동구 용천로17번길 3, 101호",인천광역시 남동구 구월동 1217-8,37.4507735709,126.714060,,인천남동경찰서,2021,Y,2026-01-01,3530000,인천광역시 남동구
GS25 간석드림점,인천광역시,남동구,35300,인천광역시 남동구 석산로9번길 69,인천광역시 남동구 간석동 388-30,37.463860,126.698710,032-428-6852,인천남동경찰서,2021,Y,2026-01-01,3530000,인천광역시 남동구
GS25 장수해누리점,인천광역시,남동구,35300,"인천광역시 남동구 장자북로37번길 4, 1층",인천광역시 남동구 장수동 770-3,37.451870,126.754170,032-465-0790,인천논현경찰서,2019,Y,2026-01-01,3530000,인천광역시 남동구
GS25 장수 유어스점,인천광역시,남동구,35300,"인천광역시 남동구 장수로 25, 상가 101호",인천광역시 남동구 장수동 806-3,37.451730,126.749610,032-467-1535,인천논현경찰서,2019,Y,2026-01-01,3530000,인천광역시 남동구
GS25 인천향촌,인천광역시,남동구,35300,"인천광역시 남동구 만수서로 56, 101호",인천광역시 남동구 만수동 1117-2,37.461440,126.732210,032-467-1026,인천남동경찰서,2019,Y,2026-01-01,3530000,인천광역시 남동구
GS25 인천인주,인천광역시,남동구,35300,"인천광역시 남동구 인주대로676번길 10, 1층",인천광역시 남동구 구월동 276-1,37.448930,126.7118963712,032-424-3239,인천남동경찰서,2019,Y,2026-01-01,3530000,인천광역시 남동구
GS25 인천서창,인천광역시,남동구,35300,"인천광역시 남동구 장아산로 160, 상가동 107호, 108호",인천광역시 남동구 서창동 560-2,37.436670,126.749910,032-461-7365,인천논현경찰서,2019,Y,2026-01-01,3530000,인천광역시 남동구
GS25 인천만수로,인천광역시,남동구,35300,인천광역시 남동구 만수로94번길 5,인천광역시 남동구 만수동 5-301,37.463420,126.737270,032-466-5878,인천남동경찰서,2019,Y,2026-01-01,3530000,인천광역시 남동구
GS25 인천논현사랑,인천광역시,남동구,35300,"인천광역시 남동구 논고개로 166, 1층 102호",인천광역시 남동구 논현동 593-6,37.405920,126.723730,,인천논현경찰서,2019,Y,2026-01-01,3530000,인천광역시 남동구
GS25 인천남동로,인천광역시,남동구,35300,인천광역시 남동구 성말로53번길 1,인천광역시 남동구 구월동 1164-30,37.445220,126.706410,032-422-1042,인천남동경찰서,2019,Y,2026-01-01,3530000,인천광역시 남동구
GS25 인천구월로점,인천광역시,남동구,35300,인천광역시 남동구 용천로 68,인천광역시 남동구 구월동 26,37.455610,126.714920,,인천남동경찰서,2019,Y,2026-01-01,3530000,인천광역시 남동구
GS25 인천구월,인천광역시,남동구,35300,"인천광역시 남동구 인하로 497-15, 104호",인천광역시 남동구 구월동 1467-1,37.444250,126.701670,032-424-9029,인천남동경찰서,2019,Y,2026-01-01,3530000,인천광역시 남동구
GS25 인천광장,인천광역시,남동구,35300,"인천광역시 남동구 미래로 45, 15 105호",인천광역시 남동구 구월동 1136-14,37.454250,126.704150,032-441-1925,인천남동경찰서,2019,Y,2026-01-01,3530000,인천광역시 남동구
GS25 소래풍림,인천광역시,남동구,35300,"인천광역시 남동구 포구로 64-29, 1층",인천광역시 남동구 논현동 66-39,37.405440,126.737250,032-567-0013,인천논현경찰서,2019,Y,2026-01-01,3530000,인천광역시 남동구
GS25 소래시티,인천광역시,남동구,35300,"인천광역시 남동구 포구로 35, 106호",인천광역시 남동구 논현동 66-24,37.401160,126.738050,032-432-8537,인천논현경찰서,2019,Y,2026-01-01,3530000,인천광역시 남동구
GS25 소래베스트,인천광역시,남동구,35300,"인천광역시 남동구 소래역로 20, 1층 일부",인천광역시 남동구 논현동 679-3,37.399220,126.736350,,인천논현경찰서,2019,Y,2026-01-01,3530000,인천광역시 남동구
세븐일레븐 구월본점,인천광역시,남동구,35300,인천광역시 남동구 인하로 489번길 10,인천광역시 남동구 구월동 1468,37.444020,126.701280,032-424-4905,인천남동경찰서,2019,Y,2026-01-01,3530000,인천광역시 남동구
세븐일레븐 간석코아점,인천광역시,남동구,35300,인천광역시 남동구 석정로 515,인천광역시 남동구 간석동 894-4,37.465960,126.692900,032-435-8637,인천남동경찰서,2019,Y,2026-01-01,3530000,인천광역시 남동구
세븐일레븐 간석오거리점,인천광역시,남동구,35300,인천광역시 남동구 남동대로 916번길 6,인천광역시 남동구 간석동 210-1,37.464003824,126.7085352055,,인천남동경찰서,2019,Y,2026-01-01,3530000,인천광역시 남동구
세븐일레븐 인천터미널점,인천광역시,남동구,35300,"인천광역시 남동구 인하로 497-28, 새롬노빌리안",인천광역시 남동구 구월동 1462-2,37.4447541026,126.702650,,인천남동경찰서,2018,Y,2026-01-01,3530000,인천광역시 남동구
세븐일레븐 인천소래점,인천광역시,남동구,35300,인천광역시 남동구 소래역로 28,인천광역시 남동구 논현동 678-1,37.399810,126.736030,032-421-2264,인천논현경찰서,2018,Y,2026-01-01,3530000,인천광역시 남동구
세븐일레븐 인천소래역점,인천광역시,남동구,35300,인천광역시 남동구 소래역로 46,인천광역시 남동구 논현동 671-3,37.401430,126.734480,032-421-1720,인천논현경찰서,2018,Y,2026-01-01,3530000,인천광역시 남동구
세븐일레븐 인천만수제일점,인천광역시,남동구,35300,인천광역시 남동구 구월로 307,인천광역시 남동구 만수동 908-20,37.455790,126.724900,032-464-0711,인천남동경찰서,2018,Y,2026-01-01,3530000,인천광역시 남동구
세븐일레븐 인천만수동양점,인천광역시,남동구,35300,인천광역시 남동구 만수로 116,인천광역시 남동구 만수동 1-162,37.464990,126.738530,032-461-4953,인천남동경찰서,2018,Y,2026-01-01,3530000,인천광역시 남동구
세븐일레븐 인천논현주공점,인천광역시,남동구,35300,"인천광역시 남동구 호구포로 294-1, 1층 106호",인천광역시 남동구 논현동 564-3,37.408830,126.713120,032-431-2807,인천논현경찰서,2018,Y,2026-01-01,3530000,인천광역시 남동구
세븐일레븐 인천논현보미점,인천광역시,남동구,35300,인천광역시 남동구 논고개로 93,인천광역시 남동구 논현동 649-4,37.399510,126.724820,,인천논현경찰서,2018,Y,2026-01-01,3530000,인천광역시 남동구
세븐일레븐 인천남동구청역점,인천광역시,남동구,35300,인천광역시 남동구 인주대로 888,인천광역시 남동구 만수동 1073-6,37.447940,126.735920,070-8866-6160,인천남동경찰서,2018,Y,2026-01-01,3530000,인천광역시 남동구
세븐일레븐 인천구월탑클래스점,인천광역시,남동구,35300,인천광역시 남동구 예술로 192번길 30,인천광역시 남동구 구월동 1128,37.450880,126.702930,032-421-2755,인천남동경찰서,2018,Y,2026-01-01,3530000,인천광역시 남동구
세븐일레븐 인천구월인하로점,인천광역시,남동구,35300,인천광역시 남동구 인하로 555,인천광역시 남동구 구월동 1492-5,37.443070,126.708440,,인천남동경찰서,2018,Y,2026-01-01,3530000,인천광역시 남동구
세븐일레븐 인천구월성리점,인천광역시,남동구,35300,인천광역시 남동구 성리로 25,인천광역시 남동구 구월동 1183-30,37.445190,126.708710,032-469-8777,인천남동경찰서,2018,Y,2026-01-01,3530000,인천광역시 남동구
세븐일레븐 인천구월백세점,인천광역시,남동구,35300,인천광역시 남동구 구월남로 120,인천광역시 남동구 구월동 1131-13,37.453070,126.702780,032-421-1703,인천남동경찰서,2018,Y,2026-01-01,3530000,인천광역시 남동구
세븐일레븐 인천구월문화로점,인천광역시,남동구,35300,인천광역시 남동구 인주대로 551번길 33,인천광역시 남동구 구월동 1108-2,37.451990,126.698070,032-421-1163,인천남동경찰서,2018,Y,2026-01-01,3530000,인천광역시 남동구
세븐일레븐 인천간석점,인천광역시,남동구,35300,인천광역시 남동구  용천로 154,인천광역시 남동구 간석동 39-8,37.463210,126.714740,050-7142-2153,인천남동경찰서,2018,Y,2026-01-01,3530000,인천광역시 남동구
세븐일레븐 인천간석본점,인천광역시,남동구,35300,"인천광역시 남동구 남동대로 895, 1층",인천광역시 남동구 간석동 283-13,37.462390,126.707960,,인천남동경찰서,2018,Y,2026-01-01,3530000,인천광역시 남동구
세븐일레븐 인천간석3호점,인천광역시,남동구,35300,인천광역시 남동구 구월로 77,인천광역시 남동구 간석동 748-8,37.457260,126.699080,032-434-8480,인천남동경찰서,2018,Y,2026-01-01,3530000,인천광역시 남동구
세븐일레븐 만수주공본점,인천광역시,남동구,35300,인천광역시 남동구 인수로 46,인천광역시 남동구 만수동 14,37.456230,126.736580,032-472-8003,인천남동경찰서,2018,Y,2026-01-01,3530000,인천광역시 남동구
세븐일레븐 만수대로점 B,인천광역시,남동구,35300,인천광역시 남동구 구월로 281,인천광역시 남동구 만수동 906-2,37.455930,126.721970,032-464-5026,인천남동경찰서,2018,Y,2026-01-01,3530000,인천광역시 남동구
세븐일레븐 구월동남,인천광역시,남동구,35300,인천광역시 남동구 호구포로876번길 24,인천광역시 남동구 구월동 1252-4,37.460220,126.7215968605,,인천남동경찰서,2018,Y,2026-01-01,3530000,인천광역시 남동구
세븐일레븐 구월남동대로점,인천광역시,남동구,35300,"인천광역시 남동구 남동대로 777번길 43, 1층",인천광역시 남동구 구월동 1143-16,37.451910,126.705320,032-421-2081,인천남동경찰서,2018,Y,2026-01-01,3530000,인천광역시 남동구
세븐일레븐 간석명동점,인천광역시,남동구,35300,인천광역시 남동구 남동대로922번길 45,인천광역시 남동구 간석동 174-26,37.4648807443,126.710840,,인천남동경찰서,2018,Y,2026-01-01,3530000,인천광역시 남동구
GS25 뉴간석본점,인천광역시,남동구,35300,"인천광역시 남동구 간석로 59, 101호, 102호",인천광역시 남동구 간석동 53-7,37.466360,126.7140202052,,인천남동경찰서,2025,Y,2026-01-01,3530000,인천광역시 남동구
GS25 간석태화점,인천광역시,남동구,35300,인천광역시 남동구 호구포로888번길 9-19,인천광역시 남동구 간석동 919-2,37.46243131,126.721050,,인천남동경찰서,2025,Y,2026-01-01,3530000,인천광역시 남동구
GS25 간석에이스점,인천광역시,남동구,35300,"인천광역시 남동구 석산로 171, 1층",인천광역시 남동구 간석동 153-8,37.4608311959,126.711030,,인천남동경찰서,2025,Y,2026-01-01,3530000,인천광역시 남동구
GS25 서창오드리점,인천광역시,남동구,35300,"인천광역시 남동구 서창남순환로 55, 센트럴푸르지오 상가동",인천광역시 남동구 서창동 682,37.4296070247,126.7483131032,,인천논현경찰서,2023,Y,2026-01-01,3530000,인천광역시 남동구
GS25 서창열린점,인천광역시,남동구,35300,"인천광역시 남동구 서창남순환로 124-12, 서창LH1단지상가",인천광역시 남동구 서창동 636,37.4297238055,126.7432065348,,인천논현경찰서,2023,Y,2026-01-01,3530000,인천광역시 남동구
세븐일레븐 인천간석사랑점,인천광역시,남동구,35300,인천광역시 남동구 남동대로915번길 33,인천광역시 남동구 간석동 319-1,37.4644199328,126.7059622559,,인천남동경찰서,2024,Y,2026-01-01,3530000,인천광역시 남동구
세븐일레븐 구월이노점,인천광역시,남동구,35300,인천광역시 남동구 성말로 9,인천광역시 남동구 구월동 1457,37.445850,126.701740,,인천남동경찰서,2024,Y,2026-01-01,3530000,인천광역시 남동구
세븐일레븐 구월로데오점,인천광역시,남동구,35300,인천광역시 남동구 성말로13번길 20,인천광역시 남동구 구월동 1458,37.4462816401,126.702420,,인천남동경찰서,2024,Y,2026-01-01,3530000,인천광역시 남동구
세븐일레븐 서창휴먼시아점,인천광역시,남동구,35300,인천광역시 남동구 서창남순환로 190-102,인천광역시 남동구 서창동 695,37.4245117142,126.7430035818,,인천논현경찰서,2023,Y,2026-01-01,3530000,인천광역시 남동구
세븐일레븐 서창장골점,인천광역시,남동구,35300,인천광역시 남동구 장아산로 216,인천광역시 남동구 서창동 576-2,37.4321211322,126.7512962462,,인천논현경찰서,2023,Y,2026-01-01,3530000,인천광역시 남동구
세븐일레븐 서창베르디움점,인천광역시,남동구,35300,인천광역시 남동구 서창남순환로 200,인천광역시 남동구 서창동 702,37.4235503906,126.7472522137,,인천논현경찰서,2023,Y,2026-01-01,3530000,인천광역시 남동구
세븐일레븐 만수대성점,인천광역시,남동구,35300,인천광역시 남동구 장승남로81번길 6,인천광역시 남동구 만수동 1036-2,37.4437034212,126.741560,,인천남동경찰서,2023,Y,2026-01-01,3530000,인천광역시 남동구
세븐일레븐 인천만수중앙점,인천광역시,남동구,35300,인천광역시 남동구 담방로60번길 12,인천광역시 남동구 만수동 1028-1,37.445030,126.739570,,인천남동경찰서,2022,Y,2026-01-01,3530000,인천광역시 남동구
세븐일레븐 만수영보점,인천광역시,남동구,35300,인천광역시 남동구 만수로 14-48,인천광역시 남동구 만수동 32,37.456840,126.732540,,인천남동경찰서,2022,Y,2026-01-01,3530000,인천광역시 남동구
세븐일레븐 만수광명점,인천광역시,남동구,35300,"인천광역시 남동구 장승남로 46-1, 우리프라자 102호",인천광역시 남동구 만수동 1041-6,37.443070,126.737270,,인천남동경찰서,2022,Y,2026-01-01,3530000,인천광역시 남동구
세븐일레븐 인천서창센터점,인천광역시,남동구,35300,"인천광역시 남동구 서창남순환로 222, 106호",인천광역시 남동구 서창동 707-1,37.424150,126.749480,032-466-7850,인천논현경찰서,2021,Y,2026-01-01,3530000,인천광역시 남동구
세븐일레븐 인천남동구청점,인천광역시,남동구,35300,인천광역시 남동구 인주대로850번길 15,인천광역시 남동구 만수동 986-11,37.447720,126.731880,,인천남동경찰서,2021,Y,2026-01-01,3530000,인천광역시 남동구
세븐일레븐 인천구월센터점,인천광역시,남동구,35300,인천광역시 남동구 인주대로610번길 26,인천광역시 남동구 구월동 201-190,37.448640,126.704340,,인천남동경찰서,2021,Y,2026-01-01,3530000,인천광역시 남동구
세븐일레븐 인천간석2호점,인천광역시,남동구,35300,인천광역시 남동구 석촌로14번길 2,인천광역시 남동구 간석동 192,37.461570,126.709210,032-435-4517,인천남동경찰서,2021,Y,2026-01-01,3530000,인천광역시 남동구
세븐일레븐 만수효자점,인천광역시,남동구,35300,인천광역시 남동구 장승로 57,인천광역시 남동구 만수동 1094-8,37.445780,126.738950,032-464-5586,인천남동경찰서,2021,Y,2026-01-01,3530000,인천광역시 남동구
세븐일레븐 만수삼환점,인천광역시,남동구,35300,인천광역시 남동구 소래로687번길 1,인천광역시 남동구 만수동 966-2,37.450940,126.734860,032-468-0711,인천남동경찰서,2021,Y,2026-01-01,3530000,인천광역시 남동구
세븐일레븐 만수남광점,인천광역시,남동구,35300,인천광역시 남동구 구월로372번길 90,인천광역시 남동구 만수동 1123,37.450880,126.730630,032-511-1238,인천남동경찰서,2021,Y,2026-01-01,3530000,인천광역시 남동구
세븐일레븐 구월에이스점,인천광역시,남동구,35300,인천광역시 남동구 구월남로57번길 37,인천광역시 남동구 구월동 1086-25,37.455420,126.6957995091,032-421-0235,인천남동경찰서,2021,Y,2026-01-01,3530000,인천광역시 남동구
세븐일레븐 인천아시아드점,인천광역시,남동구,35300,인천광역시 남동구 선수촌 공원로 23번길 10-21,인천광역시 남동구 구월동 1535,37.4419995289,126.708610,032-466-0711,인천남동경찰서,2019,Y,2026-01-01,3530000,인천광역시 남동구
세븐일레븐 인천소래풍림점,인천광역시,남동구,35300,인천광역시 남동구 청능대로 718번길 7,인천광역시 남동구 논현동 577,37.405860,126.738310,032-441-0090,인천논현경찰서,2019,Y,2026-01-01,3530000,인천광역시 남동구
세븐일레븐 인천남촌풍림점,인천광역시,남동구,35300,인천광역시 남동구 남촌동로 10,인천광역시 남동구 남촌동 391-3,37.4318326618,126.7176577928,,인천논현경찰서,2019,Y,2026-01-01,3530000,인천광역시 남동구
세븐일레븐 인천구월점B,인천광역시,남동구,35300,인천광역시 남동구 문화서로23번길 4,인천광역시 남동구 구월동 1359-18,37.447560,126.695910,,인천남동경찰서,2019,Y,2026-01-01,3530000,인천광역시 남동구
세븐일레븐 인천간석시장,인천광역시,남동구,35300,인천광역시 남동구 용천로 176,인천광역시 남동구 간석동 49-28,37.4653978831,126.714410,032-423-4879,인천남동경찰서,2019,Y,2026-01-01,3530000,인천광역시 남동구
세븐일레븐 만수그린,인천광역시,남동구,35300,인천광역시 남동구 구월로336번길 63-23,인천광역시 남동구 만수동 939-25,37.452290,126.729160,,인천남동경찰서,2019,Y,2026-01-01,3530000,인천광역시 남동구
세븐일레븐 논현현대점,인천광역시,남동구,35300,인천광역시 남동구 논고개로68번길 32,인천광역시 남동구 논현동 749-1,37.399180,126.728730,032-425-6552,인천논현경찰서,2019,Y,2026-01-01,3530000,인천광역시 남동구
세븐일레븐 논현제일점,인천광역시,남동구,35300,인천광역시 남동구 소래역동로 5,인천광역시 남동구 논현동 659-5,37.402940,126.732790,032-423-5011,인천논현경찰서,2019,Y,2026-01-01,3530000,인천광역시 남동구
세븐일레븐 남촌중앙점,인천광역시,남동구,35300,인천광역시 남동구 남촌로 67,인천광역시 남동구 남촌동 256-12,37.4274961514,126.715690,032-465-3514,인천남동경찰서,2019,Y,2026-01-01,3530000,인천광역시 남동구
세븐일레븐 구월퍼스트,인천광역시,남동구,35300,인천광역시 남동구 남동대로 711번길 40,인천광역시 남동구 구월동 1161-19,37.446180,126.704680,032-424-7663,인천남동경찰서,2019,Y,2026-01-01,3530000,인천광역시 남동구
세븐일레븐 구월통일점,인천광역시,남동구,35300,인천광역시 남동구 인하로507번길 23,인천광역시 남동구 구월동 1473-2,37.444430,126.702780,032-424-0063,인천남동경찰서,2019,Y,2026-01-01,3530000,인천광역시 남동구
GS25 남동논현,인천광역시,남동구,35300,"인천광역시 남동구 앵고개로815번길 20, 103호",인천광역시 남동구 논현동 740-2,37.395270,126.724490,032-421-2520,인천논현경찰서,2019,Y,2026-01-01,3530000,인천광역시 남동구
GS25 남동광장점,인천광역시,남동구,35300,인천광역시 남동구 선수촌 공원로 23번길 6-9,인천광역시 남동구 구월동 1541-1,37.441499387,126.709380,032-466-6154,인천남동경찰서,2019,Y,2026-01-01,3530000,인천광역시 남동구
GS25 구월효명,인천광역시,남동구,35300,"인천광역시 남동구 성말로 10, 102호, 효명프라자",인천광역시 남동구 구월동 1463,37.445190,126.701530,032-422-3045,인천남동경찰서,2019,Y,2026-01-01,3530000,인천광역시 남동구
GS25 구월한주,인천광역시,남동구,35300,"인천광역시 남동구 문화서로 76, 101호, 102호",인천광역시 남동구 구월동 1106,37.452030,126.696750,032-429-3477,인천남동경찰서,2019,Y,2026-01-01,3530000,인천광역시 남동구
GS25 구월프라자,인천광역시,남동구,35300,"인천광역시 남동구 예술로 206, A동 103, 104호, 구월중앙프라자",인천광역시 남동구 구월동 1131-3,37.452420,126.701790,050-7135-3670,인천남동경찰서,2019,Y,2026-01-01,3530000,인천광역시 남동구
GS25 구월인하,인천광역시,남동구,35300,"인천광역시 남동구 문화서로4번길 2, 1층",인천광역시 남동구 구월동 1398,37.445650,126.695280,032-421-1632,인천남동경찰서,2019,Y,2026-01-01,3530000,인천광역시 남동구
GS25 구월올림픽,인천광역시,남동구,35300,"인천광역시 남동구 문화로115번길 3, 1층",인천광역시 남동구 구월동 1347-1,37.449360,126.699340,032-421-4882,인천남동경찰서,2019,Y,2026-01-01,3530000,인천광역시 남동구
GS25 구월아트뷰,인천광역시,남동구,35300,"인천광역시 남동구 예술로192번길 32, 1지하1층 B102호",인천광역시 남동구 구월동 1128-1,37.450650,126.702880,032-423-3992,인천남동경찰서,2019,Y,2026-01-01,3530000,인천광역시 남동구
GS25 구월쌈지,인천광역시,남동구,35300,인천광역시 남동구 호구포로 739번길 43,인천광역시 남동구 구월동 1480-1,37.448380,126.715890,032-466-1157,인천남동경찰서,2019,Y,2026-01-01,3530000,인천광역시 남동구
GS25 구월시티,인천광역시,남동구,35300,인천광역시 남동구 미래로 13,인천광역시 남동구 구월동 1129-22,37.451250,126.7039990912,032-431-7869,인천남동경찰서,2019,Y,2026-01-01,3530000,인천광역시 남동구
GS25 구월성의,인천광역시,남동구,35300,"인천광역시 남동구 구월말로27번길 65, 1층",인천광역시 남동구 구월동 1276-31,37.451480,126.720820,032-471-3477,인천남동경찰서,2019,Y,2026-01-01,3530000,인천광역시 남동구
GS25 구월성심,인천광역시,남동구,35300,"인천광역시 남동구 구월말로 23, 1층",인천광역시 남동구 구월동 1301-7,37.451100,126.724390,032-473-2525,인천남동경찰서,2019,Y,2026-01-01,3530000,인천광역시 남동구
GS25 구월문화,인천광역시,남동구,35300,인천광역시 남동구 문화로 87,인천광역시 남동구 구월동 1371-19,37.446910,126.698980,032-426-2241,인천남동경찰서,2019,Y,2026-01-01,3530000,인천광역시 남동구
GS25 구월명일,인천광역시,남동구,35300,"인천광역시 남동구 구월남로 182, 105호",인천광역시 남동구 구월동 1199-2,37.452750,126.709610,032-421-4456,인천남동경찰서,2019,Y,2026-01-01,3530000,인천광역시 남동구
GS25 구월길목,인천광역시,남동구,35300,"인천광역시 남동구 인주대로604번길 15, 1층",인천광역시 남동구 구월동 1147-2,37.4491394933,126.704030,032-425-1824,인천남동경찰서,2019,Y,2026-01-01,3530000,인천광역시 남동구
GS25 고잔엘아이,인천광역시,남동구,35300,"인천광역시 남동구 호구포로 50, 1층 M14호, LI지식산업센터",인천광역시 남동구 고잔동 736-4,37.389120,126.700780,032-818-7470,인천남동경찰서,2019,Y,2026-01-01,3530000,인천광역시 남동구
GS25 간석타임,인천광역시,남동구,35300,인천광역시 남동구 백범로 331,인천광역시 남동구 간석동 123-1,37.464110,126.713370,032-421-8911,인천남동경찰서,2019,Y,2026-01-01,3530000,인천광역시 남동구
GS25 간석이화,인천광역시,남동구,35300,"인천광역시 남동구 남동대로916번길 40, 1층",인천광역시 남동구 간석동 182-13,37.463760,126.710510,032-437-7960,인천남동경찰서,2019,Y,2026-01-01,3530000,인천광역시 남동구
GS25 간석오피앙,인천광역시,남동구,35300,"인천광역시 남동구 경인로 617, 오피앙B 제1층 101호",인천광역시 남동구 간석동 249-5,37.465550,126.706040,032-433-4260,인천남동경찰서,2019,Y,2026-01-01,3530000,인천광역시 남동구
GS25 간석오거리,인천광역시,남동구,35300,"인천광역시 남동구 백범로 404, 105호",인천광역시 남동구 간석동 216-11,37.467710,126.706550,032-442-3846,인천남동경찰서,2019,Y,2026-01-01,3530000,인천광역시 남동구
GS25 간석서해,인천광역시,남동구,35300,인천광역시 남동구 구월로137번길 26,인천광역시 남동구 간석동 356,37.458090,126.705710,032-422-8859,인천남동경찰서,2019,Y,2026-01-01,3530000,인천광역시 남동구
GS25 간석마루,인천광역시,남동구,35300,"인천광역시 남동구 구월로8번길 98, 1층",인천광역시 남동구 간석동 508-25,37.456240,126.696510,032-433-8594,인천남동경찰서,2019,Y,2026-01-01,3530000,인천광역시 남동구
GS25 간석래미안점,인천광역시,남동구,35300,인천광역시 남동구 석산로 176,인천광역시 남동구 간석동 939-1,37.4604633938,126.7117284725,032-499-0724,인천남동경찰서,2019,Y,2026-01-01,3530000,인천광역시 남동구
GS25 간석갤럭시,인천광역시,남동구,35300,"인천광역시 남동구 남동대로921번길 1, 1층",인천광역시 남동구 간석동 277-1,37.464610,126.707730,032-433-5111,인천남동경찰서,2019,Y,2026-01-01,3530000,인천광역시 남동구
GS25 만수조동,인천광역시,남동구,35300,"인천광역시 남동구 백범로124번길 162,상가동1층 4호",인천광역시 남동구 만수동 12,37.459990,126.739990,,인천남동경찰서,2018,Y,2026-01-01,3530000,인천광역시 남동구
GS25 구월개나리,인천광역시,남동구,35300,인천광역시 남동구 인주대로 660,인천광역시 남동구 구월동 279-6,37.4493081839,126.710390,,인천남동경찰서,2018,Y,2026-01-01,3530000,인천광역시 남동구
CU 뉴구월아시아드점,인천광역시,남동구,35300,"인천광역시 남동구 선수촌로 7, 구월아시아드선수촌7단지",인천광역시 남동구 구월동 1551,37.440170,126.7136432705,,인천남동경찰서,2025,Y,2026-01-01,3530000,인천광역시 남동구
CU 남촌별빛점,인천광역시,남동구,35300,"인천광역시 남동구 남촌로 98, 1층",인천광역시 남동구 남촌동 295-3,37.4297342437,126.714100,,인천논현경찰서,2025,Y,2026-01-01,3530000,인천광역시 남동구
CU 인천비발디점,인천광역시,남동구,35300,인천광역시 남동구 백범로226번길 64,인천광역시 남동구 만수동 854,37.4629403214,126.725300,,인천남동경찰서,2024,Y,2026-01-01,3530000,인천광역시 남동구
CU 논현한라점,인천광역시,남동구,35300,인천광역시 남동구 포구로 64-8,인천광역시 남동구 논현동 549,37.4045592428,126.737428637,,인천논현경찰서,2024,Y,2026-01-01,3530000,인천광역시 남동구
CU 논현유호점,인천광역시,남동구,35300,"인천광역시 남동구 포구로 35, 논현유호엔시티 1단지",인천광역시 남동구 논현동 66-24,37.4011609012,126.7380513904,,인천논현경찰서,2024,Y,2026-01-01,3530000,인천광역시 남동구
CU 논현아트점,인천광역시,남동구,35300,인천광역시 남동구 소래역동로 14,인천광역시 남동구 논현동 665-6,37.403170,126.7338846954,,인천논현경찰서,2024,Y,2026-01-01,3530000,인천광역시 남동구
CU 논현아이플렉스점,인천광역시,남동구,35300,인천광역시 남동구 논고개로123번길 17,인천광역시 남동구 논현동 632-2,37.4016848855,126.7230837044,,인천논현경찰서,2024,Y,2026-01-01,3530000,인천광역시 남동구
CU 논현사리울점,인천광역시,남동구,35300,"인천광역시 남동구 함박뫼로 437, 논현주공2단지아파트 상가",인천광역시 남동구 논현동 563-6,37.4096308546,126.711170,,인천논현경찰서,2024,Y,2026-01-01,3530000,인천광역시 남동구
CU 논현가온시티점,인천광역시,남동구,35300,인천광역시 남동구 소래역남로16번길 39,인천광역시 남동구 논현동 751-2,37.3988887071,126.7346825598,,인천논현경찰서,2024,Y,2026-01-01,3530000,인천광역시 남동구
CU 구월해피점,인천광역시,남동구,35300,인천광역시 남동구 성말로 33,인천광역시 남동구 구월동 1163-13,37.4453699705,126.704520,,인천남동경찰서,2024,Y,2026-01-01,3530000,인천광역시 남동구
CU 간석사랑점,인천광역시,남동구,35300,인천광역시 남동구 남동대로915번길 10,인천광역시 남동구 간석동 277-4,37.4645234776,126.707430,,인천남동경찰서,2024,Y,2026-01-01,3530000,인천광역시 남동구
CU 간석메인점,인천광역시,남동구,35300,인천광역시 남동구 석촌로 24,인천광역시 남동구 간석동 186-10,37.4626868544,126.7091710419,,인천남동경찰서,2024,Y,2026-01-01,3530000,인천광역시 남동구
CU 간석리더스점,인천광역시,남동구,35300,인천광역시 남동구 경인로 620-1,인천광역시 남동구 간석동 316-5,37.465210,126.7067514485,,인천남동경찰서,2024,Y,2026-01-01,3530000,인천광역시 남동구
CU 서창센트라스점,인천광역시,남동구,35300,"인천광역시 남동구 서창남순환로215번길 35, 승민프라자 1층",인천광역시 남동구 서창동690-3,37.425490,126.747060,,인천논현경찰서,2023,Y,2026-01-01,3530000,인천광역시 남동구
CU 남촌풍림행복점,인천광역시,남동구,35300,인천광역시 남동구 남촌로84번길 47,인천광역시 남동구 남촌동 275-5,37.429580,126.717330,,인천논현경찰서,2023,Y,2026-01-01,3530000,인천광역시 남동구
CU 남동서창점,인천광역시,남동구,35300,인천광역시 남동구 장아산로 186,인천광역시 남동구 서창동 565-7,37.434910,126.751490,032-471-8185,인천논현경찰서,2023,Y,2026-01-01,3530000,인천광역시 남동구
CU 남동도림점,인천광역시,남동구,35300,인천광역시 남동구 도림로27,인천광역시 남동구 도림동 666-9,37.419020,126.727890,,인천논현경찰서,2023,Y,2026-01-01,3530000,인천광역시 남동구
CU 구월호산나점,인천광역시,남동구,35300,인천광역시 남동구 남동대로774번길 47,인천광역시 남동구 구월동1202-5,37.451350,126.710690,1577-8007,인천남동경찰서,2023,Y,2026-01-01,3530000,인천광역시 남동구
CU 만수한국점,인천광역시,남동구,35300,인천광역시 남동구 담방로21번길 3,인천광역시 남동구 만수동 1045,37.441240,126.738530,,인천남동경찰서,2022,Y,2026-01-01,3530000,인천광역시 남동구
CU 만수삼환점,인천광역시,남동구,35300,인천광역시 남동구 소래로669번길 41,인천광역시 남동구 만수동 983,37.449830,126.732010,050-7147-8479,인천남동경찰서,2022,Y,2026-01-01,3530000,인천광역시 남동구
CU 만수남동점,인천광역시,남동구,35300,인천광역시 남동구 장승남로33번길 23,인천광역시 남동구 만수동 1014,37.445050,126.734500,,인천남동경찰서,2022,Y,2026-01-01,3530000,인천광역시 남동구
CU 구월모래내점,인천광역시,남동구,35300,인천광역시 남동구 구월남로 293-1,인천광역시 남동구 구월동 349-420,37.452170,126.722430,032-463-4454,인천남동경찰서,2022,Y,2026-01-01,3530000,인천광역시 남동구
CU 서창허브,인천광역시,남동구,35300,인천광역시 남동구 서창방산로158번길 2,인천광역시 남동구 서창동 731,37.427130,126.759720,032-465-6100,인천논현경찰서,2021,Y,2026-01-01,3530000,인천광역시 남동구
CU 서창그린,인천광역시,남동구,35300,"인천광역시 남동구 서창남로 19, 서창LH11단지 상가",인천광역시 남동구 서창동 715,37.421420,126.751430,,인천논현경찰서,2021,Y,2026-01-01,3530000,인천광역시 남동구
CU 만수정광,인천광역시,남동구,35300,인천광역시 남동구 만수서로105번길 48,인천광역시 남동구 만수동 3-9,37.462860,126.739910,032-222-9115,인천남동경찰서,2021,Y,2026-01-01,3530000,인천광역시 남동구
CU 만수복개천,인천광역시,남동구,35300,인천광역시 남동구 복개서로 31,인천광역시 남동구 구월동 1310,37.450460,126.726190,032-464-3825,인천남동경찰서,2021,Y,2026-01-01,3530000,인천광역시 남동구
CU 만수대로,인천광역시,남동구,35300,"인천광역시 남동구 백범로123,1층",인천광역시 남동구 만수동 956-2,37.454610,126.733140,032-469-6204,인천남동경찰서,2021,Y,2026-01-01,3530000,인천광역시 남동구
CU 만수공원,인천광역시,남동구,35300,인천광역시 남동구 만경로12번길 29,인천광역시 남동구 만수동 882-34,37.456540,126.728750,032-464-3557,인천남동경찰서,2021,Y,2026-01-01,3530000,인천광역시 남동구
CU 만수3지구,인천광역시,남동구,35300,"인천광역시 남동구 장승로45, 1층 103호",인천광역시 남동구 만수동 1089-7,37.445450,126.737690,032-461-2602,인천남동경찰서,2021,Y,2026-01-01,3530000,인천광역시 남동구
CU 만수2동점,인천광역시,남동구,35300,인천광역시 남동구 만수로75번길 71-2,인천광역시 남동구 만수동 산 19-1,37.465540,126.736010,032-463-0041,인천남동경찰서,2021,Y,2026-01-01,3530000,인천광역시 남동구
CU 만수,인천광역시,남동구,35300,인천광역시 남동구 담방로 50(만수동),인천광역시 남동구 만수동 1025-9,37.444030,126.739010,,인천남동경찰서,2021,Y,2026-01-01,3530000,인천광역시 남동구
CU 남촌중앙점,인천광역시,남동구,35300,인천광역시 남동구 남촌동로46번길 4,인천광역시 남동구 남촌동 349-13,37.431870,126.713850,032-463-0990,인천남동경찰서,2021,Y,2026-01-01,3530000,인천광역시 남동구
CU 구월중앙점,인천광역시,남동구,35300,인천광역시 남동구 남동대로747번길 29,인천광역시 남동구 구월동 201-39,37.449080,126.705590,032-446-7235,인천남동경찰서,2021,Y,2026-01-01,3530000,인천광역시 남동구
CU 타워플러스점,인천광역시,남동구,35300,인천광역시 남동구 구월남로 148,인천광역시 남동구 구월동 1142-20,37.452780,126.705930,032-433-3423,인천남동경찰서,2019,Y,2026-01-01,3530000,인천광역시 남동구
CU 인천휴먼시아점,인천광역시,남동구,35300,인천광역시 남동구 만수서로83번길 45,인천광역시 남동구 만수동 1115-1,37.4634304035,126.733600,032-468-7811,인천남동경찰서,2019,Y,2026-01-01,3530000,인천광역시 남동구
CU 인천논현점,인천광역시,남동구,35300,인천광역시 남동구 논고개로 114,인천광역시 남동구 논현동 616-3,37.401440,126.724670,,인천논현경찰서,2019,Y,2026-01-01,3530000,인천광역시 남동구
CU 서창베스트점,인천광역시,남동구,35300,인천광역시 남동구 서창남순환로 82,인천광역시 남동구 서창동 640,37.431410,126.747740,032-426-5900,인천논현경찰서,2019,Y,2026-01-01,3530000,인천광역시 남동구
CU 서창2지구점,인천광역시,남동구,35300,인천광역시 남동구 서창남로 42,인천광역시 남동구 서창동 664-5,37.423490,126.750960,032-464-2092,인천논현경찰서,2019,Y,2026-01-01,3530000,인천광역시 남동구
CU 만수사랑점,인천광역시,남동구,35300,인천광역시 남동구 구월말로103번길 25,인천광역시 남동구 만수동 903,37.458180,126.723880,032-465-7761,인천남동경찰서,2019,Y,2026-01-01,3530000,인천광역시 남동구
CU 만수대성점,인천광역시,남동구,35300,인천광역시 남동구 서판로 50,인천광역시 남동구 만수동 844-1,37.4638961558,126.7252340369,032-468-6747,인천남동경찰서,2019,Y,2026-01-01,3530000,인천광역시 남동구
CU 동원베네스트점,인천광역시,남동구,35300,인천광역시 남동구 논현로46번길 39,인천광역시 남동구 논현동 642-2,37.400240,126.710190,032-433-3606,인천논현경찰서,2019,Y,2026-01-01,3530000,인천광역시 남동구
CU 논현하늘점,인천광역시,남동구,35300,인천광역시 남동구 논현로 45,인천광역시 남동구 논현동 635-1,37.403440,126.714570,032-422-8882,인천논현경찰서,2019,Y,2026-01-01,3530000,인천광역시 남동구
CU 논현주공점,인천광역시,남동구,35300,인천광역시 남동구 논현로 45,인천광역시 남동구 논현동 635-1,37.403440,126.714570,,인천논현경찰서,2019,Y,2026-01-01,3530000,인천광역시 남동구
CU 논현베스트점,인천광역시,남동구,35300,인천광역시 남동구 은봉로312번길 32,인천광역시 남동구 논현동 608-8,37.404310,126.724810,032-435-7077,인천논현경찰서,2019,Y,2026-01-01,3530000,인천광역시 남동구
CU 논현대진점,인천광역시,남동구,35300,인천광역시 남동구 호구포로 214,인천광역시 남동구 논현동 636-5,37.401990,126.710070,032-432-6120,인천논현경찰서,2019,Y,2026-01-01,3530000,인천광역시 남동구
CU 논현단풍점,인천광역시,남동구,35300,인천광역시 남동구 소래역로 94,인천광역시 남동구 논현동 602-1,37.405680,126.734380,070-8844-5336,인천논현경찰서,2019,Y,2026-01-01,3530000,인천광역시 남동구
CU 논현가산시티점,인천광역시,남동구,35300,인천광역시 남동구 앵고개로847번길 80-9,인천광역시 남동구 논현동 741-1,37.399297176,126.723500,032-255-2611,인천논현경찰서,2019,Y,2026-01-01,3530000,인천광역시 남동구
CU 구월호텔점,인천광역시,남동구,35300,인천광역시 남동구 선수촌공원로23번길 1,인천광역시 남동구 구월동 1543-2,37.440890,126.709710,032-472-9980,인천남동경찰서,2019,Y,2026-01-01,3530000,인천광역시 남동구
CU 구월형제점,인천광역시,남동구,35300,인천광역시 남동구 남동대로725번길 5,인천광역시 남동구 구월동 1157-3,37.447060,126.706610,032-426-5827,인천남동경찰서,2019,Y,2026-01-01,3530000,인천광역시 남동구
CU 구월태양점,인천광역시,남동구,35300,인천광역시 남동구 구월말로3번길 44,인천광역시 남동구 구월동 1279-17,37.449440,126.721830,032-463-1348,인천남동경찰서,2019,Y,2026-01-01,3530000,인천광역시 남동구
CU 구월타운점,인천광역시,남동구,35300,인천광역시 남동구 인주대로591번길 64,인천광역시 남동구 구월동 1132,37.452990,126.703160,032-426-1519,인천남동경찰서,2019,Y,2026-01-01,3530000,인천광역시 남동구
CU 구월예술회관점,인천광역시,남동구,35300,인천광역시 남동구 인주대로 582,인천광역시 남동구 구월동 1126-1,37.449780,126.701590,032-435-1015,인천남동경찰서,2019,Y,2026-01-01,3530000,인천광역시 남동구
CU 구월안다미로점,인천광역시,남동구,35300,인천광역시 남동구 인주대로503번길 8,인천광역시 남동구 구월동 1118-2,37.451030,126.692760,032-424-8594,인천남동경찰서,2019,Y,2026-01-01,3530000,인천광역시 남동구
CU 구월아이비점,인천광역시,남동구,35300,인천광역시 남동구 구월로 268,인천광역시 남동구 구월동 1264-73,37.455610,126.7202966761,032-426-3345,인천남동경찰서,2019,Y,2026-01-01,3530000,인천광역시 남동구
CU 구월아시아드점,인천광역시,남동구,35300,"인천광역시 남동구 선수촌로 8, 101, 102호",인천광역시 남동구 구월동 1554,37.4410966762,126.716930,,인천남동경찰서,2019,Y,2026-01-01,3530000,인천광역시 남동구
CU 구월다우림점,인천광역시,남동구,35300,인천광역시 남동구 용천로4번길 63-21,인천광역시 남동구 구월동 1237-1,37.450640,126.717710,032-467-5653,인천남동경찰서,2019,Y,2026-01-01,3530000,인천광역시 남동구
CU 간석에이스점,인천광역시,남동구,35300,인천광역시 남동구 석정로565번길 11,인천광역시 남동구 간석동 609-2,37.467120,126.697830,032-426-3345,인천남동경찰서,2019,Y,2026-01-01,3530000,인천광역시 남동구
CU 간석신동아점,인천광역시,남동구,35300,인천광역시 남동구 경원대로 937,인천광역시 남동구 간석동 616-24,37.4664445239,126.689870,,인천남동경찰서,2019,Y,2026-01-01,3530000,인천광역시 남동구
세븐일레븐 화곡5호점,서울특별시,강서구,11500,서울특별시 강서구 강서로17길 62,,37.53265090,126.84235900,02-2698-4935,서울강서경찰서,,Y,2026-01-15,3150000,서울특별시 강서구
CU 화곡양서점,서울특별시,강서구,11500,서울특별시 강서구 가로공원로84길 82,,37.53413510,126.84190230,02-2603-2387,서울강서경찰서,,Y,2026-01-15,3150000,서울특별시 강서구
GS25 화곡까치산점,서울특별시,강서구,11500,서울특별시 강서구 강서로17길 29,,37.53258930,126.84422160,,서울강서경찰서,,Y,2026-01-15,3150000,서울특별시 강서구
GS25 화곡베스트점,서울특별시,강서구,11500,서울특별시 강서구 월정로 112,,37.52916080,126.83898110,02-2690-4625,서울강서경찰서,,Y,2026-01-15,3150000,서울특별시 강서구
GS25 화곡달빛점,서울특별시,강서구,11500,서울특별시 강서구 곰달래로16길 29,,37.52875910,126.84038290,,서울강서경찰서,,Y,2026-01-15,3150000,서울특별시 강서구
GS25 화곡영광점,서울특별시,강서구,11500,서울특별시 강서구 곰달래로 88,,37.53016410,126.84264640,02-2606-0969,서울강서경찰서,,Y,2026-01-15,3150000,서울특별시 강서구
세븐일레븐 등촌5호점,서울특별시,강서구,11500,서울특별시 강서구 강서로68길 12,,37.56621980,126.84155070,02-3662-1609,서울강서경찰서,,Y,2026-01-15,3150000,서울특별시 강서구
세븐일레븐 화곡제일점,서울특별시,강서구,11500,서울특별시 강서구 초록마을로 3,,37.54508150,126.84508060,,서울강서경찰서,,Y,2026-01-15,3150000,서울특별시 강서구
세븐일레븐 화곡본동점,서울특별시,강서구,11500,서울특별시 강서구 초록마을로14길 37,,37.54090710,126.84848500,,서울강서경찰서,,Y,2026-01-15,3150000,서울특별시 강서구
세븐일레븐 방화삼익점,서울특별시,강서구,11500,서울특별시 강서구 방화대로47가길 22,,37.57709890,126.81397820,02-2665-8662,서울강서경찰서,,Y,2026-01-15,3150000,서울특별시 강서구
세븐일레븐 공항점,서울특별시,강서구,11500,서울특별시 강서구 방화대로6나길 1,,37.55505590,126.81682410,02-2666-5872,서울강서경찰서,,Y,2026-01-15,3150000,서울특별시 강서구
세븐일레븐 까치산점,서울특별시,강서구,11500,서울특별시 강서구 강서로7길 19,,37.52949800,126.84669200,02-2608-0511,서울강서경찰서,,Y,2026-01-15,3150000,서울특별시 강서구
GS25 공항소담점,서울특별시,강서구,11500,서울특별시 강서구 방화대로6라길 26,,37.55614290,126.81850690,02-2663-8942,서울강서경찰서,,Y,2026-01-15,3150000,서울특별시 강서구
GS25 강서자이타워점,서울특별시,강서구,11500,서울특별시 강서구 양천로 401,,37.56570110,126.84764410,,서울강서경찰서,,Y,2026-01-15,3150000,서울특별시 강서구
GS25 강서하늘점,서울특별시,강서구,11500,"서울특별시 강서구 양천로10길 38, 105동 상가 107호",,37.57122780,126.80817950,02-2664-2468,서울강서경찰서,,Y,2026-01-15,3150000,서울특별시 강서구
세븐일레븐 화곡행복점,서울특별시,강서구,11500,서울특별시 강서구 등촌로13길 90,,37.53719960,126.85937600,,서울강서경찰서,,Y,2026-01-15,3150000,서울특별시 강서구
GS25 화곡으뜸점,서울특별시,강서구,11500,서울특별시 강서구 우장산로 125,,37.55326800,126.84997710,02-2694-2526,서울강서경찰서,,Y,2026-01-15,3150000,서울특별시 강서구
GS25 화곡월정점,서울특별시,강서구,11500,서울특별시 강서구 가로공원로76길 100,,37.53282370,126.83883540,02-2606-2163,서울강서경찰서,,Y,2026-01-15,3150000,서울특별시 강서구
GS25 화곡비전점,서울특별시,강서구,11500,서울특별시 강서구 강서로18바길 2,,37.53522840,126.85015630,02-2604-7912,서울강서경찰서,,Y,2026-01-15,3150000,서울특별시 강서구
GS25 화곡도담점,서울특별시,강서구,11500,서울특별시 강서구 화곡로44가길 43,,37.54968890,126.84849150,02-2603-3647,서울강서경찰서,,Y,2026-01-15,3150000,서울특별시 강서구
GS25 발산1단지점,서울특별시,강서구,11500,서울특별시 강서구 강서로47길 108,,37.55356540,126.83053420,02-2667-7377,서울강서경찰서,,Y,2026-01-15,3150000,서울특별시 강서구
GS25 강서메트로칸점,서울특별시,강서구,11500,서울특별시 강서구 공항대로45가길 11,,37.55606350,126.85367780,,서울강서경찰서,,Y,2026-01-15,3150000,서울특별시 강서구
GS25 화곡문화점,서울특별시,강서구,11500,서울특별시 강서구 강서로 136,,37.53916210,126.84241900,,서울강서경찰서,,Y,2026-01-15,3150000,서울특별시 강서구
CU 화곡영광점,서울특별시,강서구,11500,서울특별시 강서구 곰달래로53길 121,,37.53629170,126.85602250,02-2646-7816,서울강서경찰서,,Y,2026-01-15,3150000,서울특별시 강서구
CU 화곡보리점,서울특별시,강서구,11500,서울특별시 강서구 화곡로51길 13,,37.55043330,126.84734950,02-2698-7742,서울강서경찰서,,Y,2026-01-15,3150000,서울특별시 강서구
CU 화곡대원점,서울특별시,강서구,11500,서울특별시 강서구 화곡로21길 43,,37.54274210,126.83644700,02-2065-8748,서울강서경찰서,,Y,2026-01-15,3150000,서울특별시 강서구
세븐일레븐 용산2가동점,서울특별시,용산구,11170,서울특별시 용산구 소월로20길 70,,37.53428326,127.0100947,,용중지구대,,Y,2026-01-31,3020000,서울특별시 용산구
세븐일레븐 한남UN점,서울특별시,용산구,11170,서울특별시 용산구 독서당로 86,,37.53428326,127.0100947,02-792-5860,한남파출소,,Y,2026-01-31,3020000,서울특별시 용산구
세븐일레븐 청파제일점,서울특별시,용산구,11170,서울특별시 용산구 청파로73길 7,,37.54980958,126.9692222,02-701-2817,원효지구대,,Y,2026-01-31,3020000,서울특별시 용산구
세븐일레븐 원효로점,서울특별시,용산구,11170,서울특별시 용산구 원효로53길 8,,37.53602358,126.9621284,02-711-3073,원효지구대,,Y,2026-01-31,3020000,서울특별시 용산구
세븐일레븐 용산아크로타워점,서울특별시,용산구,11170,서울특별시 용산구 백범로90길 26,,37.53659919,126.9684484,02-711-0703,원효지구대,,Y,2026-01-31,3020000,서울특별시 용산구
세븐일레븐 용산아이파크몰점,서울특별시,용산구,11170,서울특별시 용산구 한강대로23길 55,,37.5297718,126.9647415,02-2012-1313,용산역파출소,,Y,2026-01-31,3020000,서울특별시 용산구
세븐일레븐 용산서부이촌점,서울특별시,용산구,11170,서울특별시 용산구 이촌로14길 11-6,,37.52706793,126.9543224,02-701-0618,용산역파출소,,Y,2026-01-31,3020000,서울특별시 용산구
세븐일레븐 용산보광점,서울특별시,용산구,11170,서울특별시 용산구 우사단로 2가길 6,,37.5297649,126.9994538,1577-0711,이태원파출소,,Y,2026-01-31,3020000,서울특별시 용산구
세븐일레븐 숙대사랑점,서울특별시,용산구,11170,서울특별시 용산구 청파로47나길 35,,37.5464408,126.9674086,02-714-5315,원효지구대,,Y,2026-01-31,3020000,서울특별시 용산구
세븐일레븐 서울역점,서울특별시,용산구,11170,서울특별시 용산구 청파로 395,,37.55486721,126.9687441,02-3275-3220,원효지구대,,Y,2026-01-31,3020000,서울특별시 용산구
세븐일레븐 산천점,서울특별시,용산구,11170,서울특별시 용산구 효창원로 18,,37.53444734,126.9516903,02-719-8691,원효지구대,,Y,2026-01-31,3020000,서울특별시 용산구
세븐일레븐 보광우사단로점,서울특별시,용산구,11170,서울특별시 용산구 우사단로2길 12,,37.53056757,126.997403,02-790-2848,보광파출소,,Y,2026-01-31,3020000,서울특별시 용산구
GS25 용산그린,서울특별시,용산구,11170,서울특별시 용산구 두텁바위로 13,,37.5455079,126.9739182,02-771-3583,용중지구대,,Y,2026-01-31,3020000,서울특별시 용산구
GS25 서빙고로점,서울특별시,용산구,11170,서울특별시 용산구 서빙고로 75길 11-2,,37.52193406,126.9966567,1644-5425,이태원파출소,,Y,2026-01-31,3020000,서울특별시 용산구
CU 후암제일점,서울특별시,용산구,11170,서울특별시 용산구 후암로 28길 49,,37.54940437,126.9799755,1577-8007,용중지구대,,Y,2026-01-31,3020000,서울특별시 용산구
CU 이태원힐점,서울특별시,용산구,11170,서울특별시 용산구 우사단로4길 1,,37.5315055,126.9967388,02-790-6455,이태원파출소,,Y,2026-01-31,3020000,서울특별시 용산구
CU 이태원햇살점,서울특별시,용산구,11170,서울특별시 용산구 녹사평대로40나길 53,,37.53689993,126.9887566,02-790-9413,이태원파출소,,Y,2026-01-31,3020000,서울특별시 용산구
CU 원효대로점,서울특별시,용산구,11170,서울특별시 용산구 원효로 154,,37.53442392,126.9604217,02-702-7773,원효지구대,,Y,2026-01-31,3020000,서울특별시 용산구
CU 용산해방촌점,서울특별시,용산구,11170,서울특별시 용산구 신흥로7길 1,,37.54192348,126.9871809,02-749-4634,용중지구대,,Y,2026-01-31,3020000,서울특별시 용산구
CU 용산한강진,서울특별시,용산구,11170,서울특별시 용산구 이태원로54길 11,,37.53788452,127.0020955,02-749-1451,한남파출소,,Y,2026-01-31,3020000,서울특별시 용산구
CU 용산한강로점,서울특별시,용산구,11170,서울특별시 용산구 한강대로43길 13,,37.53156323,126.9691466,02-795-4163,용산역파출소,,Y,2026-01-31,3020000,서울특별시 용산구
CU 용산자이점,서울특별시,용산구,11170,서울특별시 용산구 삼개로 60,,37.53507154,126.9476429,02-711-5386,원효지구대,,Y,2026-01-31,3020000,서울특별시 용산구
CU 용산원효로점,서울특별시,용산구,11170,서울특별시 용산구 원효로 73,,37.53276301,126.9521321,02-704-4827,원효지구대,,Y,2026-01-31,3020000,서울특별시 용산구
CU 용산보광점,서울특별시,용산구,11170,서울특별시 용산구 장문로 119,,37.52710413,127.002494,02-794-2124,보광파출소,,Y,2026-01-31,3020000,서울특별시 용산구
CU 용산2가점,서울특별시,용산구,11170,서울특별시 용산구 소월로20길 53,,37.54424533,126.9846794,1577-8007,용중지구대,,Y,2026-01-31,3020000,서울특별시 용산구
CU 신용산점,서울특별시,용산구,11170,서울특별시 용산구 한강대로 142,,37.53189541,126.9708175,02-795-0058,한강로파출소,,Y,2026-01-31,3020000,서울특별시 용산구
CU 이촌한강점,서울특별시,용산구,11170,서울특별시 용산구 이촌로 248,,37.51938659,126.975026,02-792-2686,이촌파출소,,Y,2026-01-31,3020000,서울특별시 용산구
GS25 한밭대학사점,대전광역시,유성구,30200,대전광역시 유성구 학하서로121번길 142(덕명동),대전광역시 유성구 덕명동 597-4,36.348583,127.2987924,042-826-2515,대전유성경찰서 복용지구대,,Y,2026-01-13,3670000,대전광역시 유성구
CU 유성장대점,대전광역시,유성구,30200,대전광역시 유성구 유성대로730번길 96(장대동),대전광역시 유성구 장대동 286-1,36.357674,127.338066,042-824-5487,대전유성경찰서 유성지구대,,Y,2026-01-13,3670000,대전광역시 유성구
세븐일레븐 대전장대점,대전광역시,유성구,30200,대전광역시 유성구 온천서로 38(장대동),대전광역시 유성구 장대동 375-9,36.35771836,127.340038,042-825-5711,대전유성경찰서 유성지구대,,N,2026-01-13,3670000,대전광역시 유성구
세븐일레븐 유성한빛점,대전광역시,유성구,30200,대전광역시 유성구 어은로57번길 3(어은동),대전광역시 유성구 어은동 108-4,36.363046,127.3563413,042-861-2695,대전유성경찰서 도룡지구대,,Y,2026-01-13,3670000,대전광역시 유성구
세븐일레븐 대덕연구단지점,대전광역시,유성구,30200,대전광역시 유성구 어은로48번길 1(어은동),대전광역시 유성구 어은동 110-7,36.362754,127.357189,042-862-0020,대전유성경찰서 도룡지구대,,Y,2026-01-13,3670000,대전광역시 유성구
세븐일레븐 장대인산점,대전광역시,유성구,30200,대전광역시 유성구 문화원로 49(궁동),대전광역시 유성구 궁동 471-14,36.360064,127.341522,042-824-3153,대전유성경찰서 유성지구대,,Y,2026-01-13,3670000,대전광역시 유성구
GS25 궁동타운점,대전광역시,유성구,30200,대전광역시 유성구 대학로151번길 45(궁동),대전광역시 유성구 궁동 410-1,36.362634,127.350003,042-824-7119,대전유성경찰서 도룡지구대,,Y,2026-01-13,3670000,대전광역시 유성구
GS25 로데오점,대전광역시,유성구,30200,"대전광역시 유성구 대학로151번길 18, 1호(궁동)",대전광역시 유성구 궁동 425-15,36.361437,127.350291,042-824-0640,대전유성경찰서 도룡지구대,,N,2026-01-13,3670000,대전광역시 유성구
GS25 대전대림점,대전광역시,유성구,30200,대전광역시 유성구 농대로 17(궁동),대전광역시 유성구 궁동 405-11,36.362181,127.352959,042-824-1924,대전유성경찰서 도룡지구대,,Y,2026-01-13,3670000,대전광역시 유성구
이마트24 대전궁동점,대전광역시,유성구,30200,대전광역시 유성구 궁동로18번길 58(궁동),대전광역시 유성구 궁동 409-1,36.362636,127.350504,042-824-7771,대전유성경찰서 도룡지구대,,Y,2026-01-13,3670000,대전광역시 유성구
CU 궁동로데오점점,대전광역시,유성구,30200,"대전광역시 유성구 궁동로18번길 17, 1층(궁동)",대전광역시 유성구 궁동 395-10,36.362931,127.348373,042-824-9468,대전유성경찰서 도룡지구대,,Y,2026-01-13,3670000,대전광역시 유성구
GS25 궁동자연점,대전광역시,유성구,30200,"대전광역시 유성구 궁동로 49, 101호(궁동, 자연아파트상가)",대전광역시 유성구 궁동 393-3,36.36430091,127.3502989,042-822-2521,대전유성경찰서 도룡지구대,,Y,2026-01-13,3670000,대전광역시 유성구
GS25 유성중앙점,대전광역시,유성구,30200,대전광역시 유성구 온천북로33번길 36-38(봉명동),대전광역시 유성구 봉명동 642-2,36.358132,127.349282,042-825-2629,대전유성경찰서 유성지구대,,Y,2026-01-13,3670000,대전광역시 유성구
CU 유성타운점,대전광역시,유성구,30200,"대전광역시 유성구 온천북로33번길 21-4, 1층(봉명동, 스타트타워)",대전광역시 유성구 봉명동 630-5,36.357992,127.346732,042-824-1191,대전유성경찰서 유성지구대,,Y,2026-01-13,3670000,대전광역시 유성구
CSPACE 유성봉명점,대전광역시,유성구,30200,대전광역시 유성구 온천로 80(봉명동),대전광역시 유성구 봉명동 546-4,36.354584,127.346482,042-824-0535,대전유성경찰서 유성지구대,,N,2026-01-13,3670000,대전광역시 유성구
GS25 유성파크,대전광역시,유성구,30200,"대전광역시 유성구 온천로 60, 1층(봉명동, 사이언스타운주상복합)",대전광역시 유성구 봉명동 549-1,36.354582,127.3443059,042-824-7657,대전유성경찰서 유성지구대,,Y,2026-01-13,3670000,대전광역시 유성구
GS25 봉명스카이점,대전광역시,유성구,30200,대전광역시 유성구 문화원로 111(봉명동),대전광역시 유성구 봉명동 640-4,36.3590429,127.3482387,042-825-0871,대전유성경찰서 유성지구대,,Y,2026-01-13,3670000,대전광역시 유성구
세븐일레븐 유성센터점,대전광역시,유성구,30200,대전광역시 유성구 대학로 53(봉명동),대전광역시 유성구 봉명동 606-1,36.358503,127.342828,042-824-2333,대전유성경찰서 유성지구대,,Y,2026-01-13,3670000,대전광역시 유성구
GS25 유성스카이점,대전광역시,유성구,30200,대전광역시 유성구 대학로 49(봉명동),대전광역시 유성구 봉명동 606-2,36.35820106,127.3426776,042-826-6130,대전유성경찰서 유성지구대,,Y,2026-01-13,3670000,대전광역시 유성구
GS25 유성대온장점,대전광역시,유성구,30200,"대전광역시 유성구 계룡로87번길 50, 1층(봉명동)",대전광역시 유성구 봉명동 535-8,36.356216,127.341532,042-823-2505,대전유성경찰서 유성지구대,,Y,2026-01-13,3670000,대전광역시 유성구
오렌지마트,대전광역시,유성구,30200,대전광역시 유성구 계룡로141번길 14-5(봉명동),대전광역시 유성구 봉명동 544-15,36.35329787,127.346704,042-825-5255,대전유성경찰서 유성지구대,,N,2026-01-13,3670000,대전광역시 유성구
GS25 대전미라클점,대전광역시,유성구,30200,"대전광역시 유성구 계룡로105번길 20, 101호(봉명동, 케이타운)",대전광역시 유성구 봉명동 550-9,36.35422025,127.343101,042-826-2829,대전유성경찰서 유성지구대,,Y,2026-01-13,3670000,대전광역시 유성구
세븐일레븐 유성온천역점,대전광역시,유성구,30200,"대전광역시 유성구 계룡로 92, 1층 108호(봉명동, 유성CJ나인파크)",대전광역시 유성구 봉명동 553-2,36.35347404,127.3405936,042-824-2590,대전유성경찰서 유성지구대,,Y,2026-01-13,3670000,대전광역시 유성구
세븐일레븐 계산경명대로점,인천광역시,계양구,28245,인천광역시 계양구 경명대로 1029,인천광역시 계양구 계산동 932-23,37.543901,126.721192,032-544-5982,인천계양경찰서,2020,Y,2026-01-15,3550000,인천광역시 계양구
GS25 작전동보점,인천광역시,계양구,28245,인천광역시 계양구 아나지로 311 상가동 105호,인천광역시 계양구 작전동 388-2,37.526278,126.727570,032-555-4792,인천계양경찰서,2020,Y,2026-01-15,3550000,인천광역시 계양구
GS25 효성신화점,인천광역시,계양구,28245,인천광역시 계양구 새풀로 7번길 37,인천광역시 계양구 효성동 602-1,37.524275,126.695808,032-551-2344,인천계양경찰서,2020,Y,2026-01-15,3550000,인천광역시 계양구
GS25 효성중앙점,인천광역시,계양구,28245,인천광역시 계양구 효서로 62,인천광역시 계양구 효성동 511-2,37.527649,126.702597,032-545-5487,인천계양경찰서,2020,Y,2026-01-15,3550000,인천광역시 계양구
GS25 효성1동점,인천광역시,계양구,28245,인천광역시 계양구 봉오대로531번길 33,인천광역시 계양구 효성동 97,37.533656,126.707260,032-548-7779,인천계양경찰서,2020,Y,2026-01-15,3550000,인천광역시 계양구
GS25 효성샘터점,인천광역시,계양구,28245,인천광역시 계양구 새벌로171번길 5,인천광역시 계양구 효성동 8-20,37.532144,126.716765,,인천계양경찰서,2020,Y,2026-01-15,3550000,인천광역시 계양구
GS25 임학역점,인천광역시,계양구,28245,인천광역시 계양구 장제로 865,인천광역시 계양구 임학동 67-13,37.544537,126.737904,032-556-8463,인천계양경찰서,2020,Y,2026-01-15,3550000,인천광역시 계양구
GS25 인천임학점,인천광역시,계양구,28245,인천광역시 계양구 임학동로 17 101호,인천광역시 계양구 임학동 65-11,37.544094,126.735246,032-549-6376,인천계양경찰서,2020,Y,2026-01-15,3550000,인천광역시 계양구
GS25 작전중앙점,인천광역시,계양구,28245,"인천광역시 계양구 오조산로 1, 106호",인천광역시 계양구 작전동 911-7,37.530938,126.737815,032-554-3133,인천계양경찰서,2020,Y,2026-01-15,3550000,인천광역시 계양구
GS25 작전초교점,인천광역시,계양구,28245,인천광역시 계양구 주부토로 447 (작전동),인천광역시 계양구 작전동 859-4,37.534105,126.727702,,인천계양경찰서,2019,Y,2026-01-15,3550000,인천광역시 계양구
세븐일레븐 인천계산중앙점,인천광역시,계양구,28245,인천광역시 계양구 하느재로 6번길 30-1 (계산동),인천광역시 계양구 계산동 927-15,37.544716,126.727278,,인천계양경찰서,2019,Y,2026-01-15,3550000,인천광역시 계양구
세븐일레븐 작전점,인천광역시,계양구,28245,인천광역시 계양구 까치말로6번길 22 (작전동),인천광역시 계양구 작전동 632-14,37.526439,126.738429,,인천계양경찰서,2019,Y,2026-01-15,3550000,인천광역시 계양구
세븐일레븐 계양한라점,인천광역시,계양구,28245,인천광역시 계양구 주부토로 541,인천광역시 계양구 계산동 947,37.542522,126.728037,032-544-0711,인천계양경찰서,2018,Y,2026-01-15,3550000,인천광역시 계양구
세븐일레븐 인천효성백영점,인천광역시,계양구,28245,인천광역시 계양구 길마로11번길 1,인천광역시 계양구 효성동 101-46,37.533977,126.706585,032-548-6597,인천계양경찰서,2018,Y,2026-01-15,3550000,인천광역시 계양구
CU 계산하이베라스점,인천광역시,계양구,28245,인천광역시 계양구 계산새로71,인천광역시 계양구 계산동 1062,37.538782,126.735817,032-555-5879,인천계양경찰서,2018,Y,2026-01-15,3550000,인천광역시 계양구
세븐일레븐 인천용종점,인천광역시,계양구,28245,인천광역시 계양구 오조산로89번길 12,인천광역시 계양구 용종동 209-6,37.539103,126.737606,032-556-4567,인천계양경찰서,2018,Y,2026-01-15,3550000,인천광역시 계양구
세븐일레븐 작전중앙점,인천광역시,계양구,28245,인천광역시 계양구 봉오대로 733,인천광역시 계양구 작전동 98-3,37.530801,126.730532,032-515-2141,인천계양경찰서,2018,Y,2026-01-15,3550000,인천광역시 계양구
세븐일레븐 계양동양중앙점,인천광역시,계양구,28245,인천광역시 계양구 당미2길 9,인천광역시 계양구 동양동 623-7,37.560277,126.756792,032-541-7119,인천계양경찰서,2018,Y,2026-01-15,3550000,인천광역시 계양구
세븐일레븐 인천동양중앙점,인천광역시,계양구,28245,인천광역시 계양구 양지로 37,인천광역시 계양구 동양동 604-2,37.562107,126.754907,032-555-5078,인천계양경찰서,2018,Y,2026-01-15,3550000,인천광역시 계양구
세븐일레븐 계양은영점,인천광역시,계양구,28245,인천광역시 계양구 도두리로6번길 15,인천광역시 계양구 작전동 905-12,37.532512,126.734921,032-547-0821,인천계양경찰서,2018,Y,2026-01-15,3550000,인천광역시 계양구
세븐일레븐 인천임학점,인천광역시,계양구,28245,인천광역시 계양구 임학동로 43,인천광역시 계양구 임학동 66,37.545884,126.737012,032-549-0697,인천계양경찰서,2018,Y,2026-01-15,3550000,인천광역시 계양구
세븐일레븐 인천박촌본점,인천광역시,계양구,28245,인천광역시 계양구 장제로995번길 18 101,인천광역시 계양구 박촌동 317,37.554361,126.743485,032-541-2090,인천계양경찰서,2018,Y,2026-01-15,3550000,인천광역시 계양구
세븐일레븐 작전현대점,인천광역시,계양구,28245,인천광역시 계양구 작전동 효서로 377 221-103,인천광역시 계양구 작전동 580,37.527868,126.739221,032-556-7771,인천계양경찰서,2018,Y,2026-01-15,3550000,인천광역시 계양구
GS25 효성동원점,인천광역시,계양구,28245,인천광역시 계양구 안남로519번길 7 1층,인천광역시 계양구 효성동 232-1,37.529015,126.710302,,인천계양경찰서,2022,Y,2026-01-15,3550000,인천광역시 계양구
GS25 뉴효성본점,인천광역시,계양구,28245,인천광역시 계양구 봉오대로518번길 14,인천광역시 계양구 효성동 180-10,37.528642,126.706757,,인천계양경찰서,2022,Y,2026-01-15,3550000,인천광역시 계양구
이마트24 임학서로점,인천광역시,계양구,28245,인천광역시 계양구 임학서로42번길 1,인천광역시 계양구 임학동 35-17,37.546650,126.732133,,인천계양경찰서,2022,Y,2026-01-15,3550000,인천광역시 계양구
GS25 임학서로점,인천광역시,계양구,28245,"인천광역시 계양구 임학서로 28, 1층",인천광역시 계양구 임학동 47-22,37.545435,126.732578,,인천계양경찰서,2022,Y,2026-01-15,3550000,인천광역시 계양구
이마트24 경인교대점,인천광역시,계양구,28245,인천광역시 계양구 향교로5번길 2,인천광역시 계양구 계산동 983-30,37.538609,126.719576,,인천계양경찰서,2021,Y,2026-01-15,3550000,인천광역시 계양구
CU 계양구청점,인천광역시,계양구,28245,인천광역시 계양구 오조산로45번길 7,인천광역시 계양구 계산동 1083-8,37.534896,126.737733,032-541-6042,인천계양경찰서,2021,Y,2026-01-15,3550000,인천광역시 계양구
CU 계산삼보점,인천광역시,계양구,28245,"인천광역시 계양구 주부토로 530, 101호",인천광역시 계양구 계산동 337-12,37.541306,126.728467,,인천계양경찰서,2021,Y,2026-01-15,3550000,인천광역시 계양구
세븐일레븐 계산새길로점,인천광역시,계양구,28245,인천광역시 계양구 계산로100번길 1,인천광역시 계양구 계산동 988-21,37.537387,126.723414,,인천계양경찰서,2021,Y,2026-01-15,3550000,인천광역시 계양구
세븐일레븐 계산중앙점,인천광역시,계양구,28245,인천광역시 계양구 계산천동로 43,인천광역시 계양구 계산동 964-73,37.537503,126.727063,032-555-2141,인천계양경찰서,2021,Y,2026-01-15,3550000,인천광역시 계양구
세븐일레븐 인천교대점,인천광역시,계양구,28245,"인천광역시 계양구 계양대로 175, 1층",인천광역시 계양구 계산동 973-13,37.539551,126.722192,032-546-3985,인천계양경찰서,2021,Y,2026-01-15,3550000,인천광역시 계양구
GS25 계양구청점,인천광역시,계양구,28245,인천광역시 계양구 계산새로 93 밀레니엄프라자,인천광역시 계양구 용종동 211-4,37.538162,126.738505,,인천계양경찰서,2021,Y,2026-01-15,3550000,인천광역시 계양구
PLUS25 계산점,인천광역시,계양구,28245,인천광역시 계양구 장제로 758,인천광역시 계양구 계산동 1074-7,37.535349,126.734544,032-547-4472,인천계양경찰서,2021,Y,2026-01-15,3550000,인천광역시 계양구
이마트24 동양타운점,인천광역시,계양구,28245,인천광역시 계양구 당미1길 35,인천광역시 계양구 동양동 632-4,37.559741,126.759917,032-555-6760,인천계양경찰서,2020,Y,2026-01-15,3550000,인천광역시 계양구
CU 현대미래로점,인천광역시,계양구,28245,인천광역시 계양구 장군봉길 12,인천광역시 계양구 귤현동 489,37.569561,126.749277,032-556-8775,인천계양경찰서,2020,Y,2026-01-15,3550000,인천광역시 계양구
CU 계양장기점,인천광역시,계양구,28245,인천광역시 계양구 황어로 134번길 11,인천광역시 계양구 장기동 144-7,37.578954,126.736298,032-552-2058,인천계양경찰서,2020,Y,2026-01-15,3550000,인천광역시 계양구
CU 작전공단점,인천광역시,계양구,28245,인천광역시 계양구 아나지로 417,인천광역시 계양구 작전동 680-6,37.525820,126.738771,032-545-1139,인천계양경찰서,2020,Y,2026-01-15,3550000,인천광역시 계양구
CU 계산태양점,인천광역시,계양구,28245,인천광역시 계양구 경명대로 1017 창선빌딩 1층,인천광역시 계양구 계산동 935-15,37.543903,126.719858,032-541-1627,인천계양경찰서,2020,Y,2026-01-15,3550000,인천광역시 계양구
CU 효성태산점,인천광역시,계양구,28245,인천광역시 계양구 봉오대로 477번길 1,인천광역시 계양구 효성동 580-11,37.528745,126.701773,032-549-2989,인천계양경찰서,2020,Y,2026-01-15,3550000,인천광역시 계양구
CU 효성썬프라자점,인천광역시,계양구,28245,인천광역시 계양구 봉오대로 555번길 14,인천광역시 계양구 효성동 66-1,37.531884,126.710102,032-548-3958,인천계양경찰서,2020,Y,2026-01-15,3550000,인천광역시 계양구
CU 임학시장점,인천광역시,계양구,28245,인천광역시 계양구 계양산로 193,인천광역시 계양구 임학동 4-12,37.547672,126.737289,032-545-3394,인천계양경찰서,2020,Y,2026-01-15,3550000,인천광역시 계양구
CU 계양동양점,인천광역시,계양구,28245,"인천광역시 계양구 양지말1길 5, 101호",인천광역시 계양구 동양동 610,37.561246,126.754508,032-555-1539,인천계양경찰서,2020,Y,2026-01-15,3550000,인천광역시 계양구
CU 계양은행마을,인천광역시,계양구,28245,인천광역시 계양구 계산새로 110 삼보아파트 상가 110호,인천광역시 계양구 계산동 1084-2,37.537473,126.740381,032-541-9599,인천계양경찰서,2020,Y,2026-01-15,3550000,인천광역시 계양구
CU 계양대로점,인천광역시,계양구,28245,인천광역시 계양구 장제로 717,인천광역시 계양구 작전동 121-1,37.531837,126.733540,032-549-9373,인천계양경찰서,2020,Y,2026-01-15,3550000,인천광역시 계양구
CU 인천장기점,인천광역시,계양구,28245,인천광역시 계양구 장제로 1289,인천광역시 계양구 장기동 125-9,37.577306,126.732962,032-545-2058,인천계양경찰서,2020,Y,2026-01-15,3550000,인천광역시 계양구
세븐일레븐 계양효성점,인천광역시,계양구,28245,인천광역시 계양구 안남로 574,인천광역시 계양구 효성동 25-12,37.534144,126.710319,032-541-9981,인천계양경찰서,2020,Y,2026-01-15,3550000,인천광역시 계양구
세븐일레븐 인천임학역점,인천광역시,계양구,28245,인천광역시 계양구 장제로 875번길 1 103호,인천광역시 계양구 임학동 67-6,37.545244,126.738363,032-541-3157,인천계양경찰서,2020,Y,2026-01-15,3550000,인천광역시 계양구
세븐일레븐 인천아이빌점,인천광역시,계양구,28245,"인천광역시 계양구 오조산로 45번길 8,101호",인천광역시 계양구 계산동 1080-5,37.535187,126.737791,032-551-2047,인천계양경찰서,2020,Y,2026-01-15,3550000,인천광역시 계양구
GS25 작전까치점,인천광역시,계양구,28245,인천광역시 계양구 까치말로14,인천광역시 계양구 작전동 690-1,37.526822,126.736228,032-554-6366,인천계양경찰서,2020,Y,2026-01-15,3550000,인천광역시 계양구
GS25 계양타운점,인천광역시,계양구,28245,인천광역시 계양구 계산새로87번길 16 106호,인천광역시 계양구 용종동 212-6,37.539379,126.738209,032-556-6248,인천계양경찰서,2020,Y,2026-01-15,3550000,인천광역시 계양구
CU 계산안남점,인천광역시,계양구,28245,인천광역시 계양구 주부토로532번길 43(계산동),인천광역시 계양구 계산동 49-2,37.539950,126.732534,,인천계양경찰서,2023,Y,2026-01-15,3550000,인천광역시 계양구
GS25 계산타운점,인천광역시,계양구,28245,"인천광역시 계양구 주부토로496번길 18, 1층(계산동)",,37.539484,126.729640,,인천계양경찰서,2023,Y,2026-01-15,3550000,인천광역시 계양구
GS25 계산명인점,인천광역시,계양구,28245,"인천광역시 계양구 경명대로 1120, 101호(계산동,명인프라자)",,37.542884,126.731404,,인천계양경찰서,2023,Y,2026-01-15,3550000,인천광역시 계양구
CU 계산중앙점,인천광역시,계양구,28245,인천광역시 계양구 계수로 6(계산동),,37.546117,126.725686,,인천계양경찰서,2023,Y,2026-01-15,3550000,인천광역시 계양구
GS25 효성타운점,인천광역시,계양구,28245,인천광역시 계양구 마장로 549,,37.527273,126.704984,,인천계양경찰서,2023,Y,2026-01-15,3550000,인천광역시 계양구
GS25 인천계산하나점,인천광역시,계양구,28245,인천광역시 계양구 주부토로 532번길 18,인천광역시 계양구 계산동 343,37.541159,126.730237,,인천계양경찰서,2022,Y,2026-01-15,3550000,인천광역시 계양구
CU 계산하나점,인천광역시,계양구,28245,인천광역시 계양구 경명대로 1114번길 21,인천광역시 계양구 계산동 15-3,37.541603,126.732329,,인천계양경찰서,2022,Y,2026-01-15,3550000,인천광역시 계양구
CU 계산현대점,인천광역시,계양구,28245,인천광역시 계양구 계산로 173 1층 101동 105호,인천광역시 계양구 계산동 66,37.537684,126.732877,,인천계양경찰서,2022,Y,2026-01-15,3550000,인천광역시 계양구
CU 인천작동초점,인천광역시,계양구,28245,인천광역시 계양구 봉오대로744번길 5 (작전동) 1층,인천광역시 계양구 작전동 921-1,37.529631,126.735164,,인천계양경찰서,2022,Y,2026-01-15,3550000,인천광역시 계양구
CU 작전서해그랑블점,인천광역시,계양구,28245,인천광역시 계양구 아나지로247번길 22,인천광역시 계양구 작전동 949,37.527539,126.719995,,인천계양경찰서,2022,Y,2026-01-15,3550000,인천광역시 계양구
CU 작전뉴서울1차점,인천광역시,계양구,28245,인천광역시 계양구 봉오대로744번길 3 뉴서울상가 1층 101호,인천광역시 계양구 작전동 102-3,37.529376,126.732831,,인천계양경찰서,2022,Y,2026-01-15,3550000,인천광역시 계양구
CU 계양해링턴플레이스점,인천광역시,계양구,28245,인천광역시 계양구 서운로 34,인천광역시 계양구 서운동 19-3,37.529014,126.745830,,인천계양경찰서,2022,Y,2026-01-15,3550000,인천광역시 계양구
CU 계양병방시장로점,인천광역시,계양구,28245,인천광역시 계양구 병방시장로55번길 13 1층,인천광역시 계양구 병방동 366,37.548833,126.738559,,인천계양경찰서,2022,Y,2026-01-15,3550000,인천광역시 계양구
GS25 계양병방점,인천광역시,계양구,28245,인천광역시 계양구 장제로 929 돌샘프라자 1층 104호,인천광역시 계양구 병방동 109-30,37.549410,126.741649,,인천계양경찰서,2022,Y,2026-01-15,3550000,인천광역시 계양구
세븐일레븐 인천장기점,인천광역시,계양구,28245,인천광역시 계양구 황어로126번길 2 Cl프라자 1층,,37.579420,126.734720,,인천계양경찰서,2023,Y,2026-01-15,3550000,인천광역시 계양구
GS25 계양대원점,인천광역시,계양구,28245,인천광역시 계양구 황어로115번길 13,,37.579513,126.731332,,인천계양경찰서,2023,Y,2026-01-15,3550000,인천광역시 계양구
CU 작전삼성점,인천광역시,계양구,28245,인천광역시 계양구 효서로 303번길 9,인천광역시 계양구 작전동 179-6,37.528785,126.730182,,인천계양경찰서,2023,Y,2026-01-15,3550000,인천광역시 계양구
CU 계양코아루점,인천광역시,계양구,28245,인천광역시 계양구 계양문화로 119 105호,"인천광역시 계양구 용종동 207-1번지, 105호",37.541629,126.738970,,인천계양경찰서,2023,Y,2026-01-15,3550000,인천광역시 계양구
GS25 계양아라점,인천광역시,계양구,28245,인천광역시 계양구 계산새로 71 하이베라스 C동 123호,,37.538463,126.736391,,인천계양경찰서,2023,Y,2026-01-15,3550000,인천광역시 계양구
CU 박촌중앙점,인천광역시,계양구,28245,"인천광역시 계양구 장제로1025번길 11(박촌동, 킹스빌타운 322동 101호)",,37.557137,126.744280,,인천계양경찰서,2023,Y,2026-01-15,3550000,인천광역시 계양구
CU 서운그대가점,인천광역시,계양구,28245,인천광역시 계양구 효서로 417 임광그대가 상가1층,,37.528149,126.742867,,인천계양경찰서,2023,Y,2026-01-15,3550000,인천광역시 계양구
GS25 인천상륙작전점,인천광역시,계양구,28245,인천광역시 계양구 효서로 393,,37.528484,126.741429,,인천계양경찰서,2023,Y,2026-01-15,3550000,인천광역시 계양구
세븐일레븐 작전까치점,인천광역시,계양구,28245,인천광역시 계양구 효서로 385,,37.527868,126.739221,,인천계양경찰서,2023,Y,2026-01-15,3550000,인천광역시 계양구
세븐일레븐 작전효서로점,인천광역시,계양구,28245,인천광역시 계양구 효서로363번길 4,,37.528217,126.736668,,인천계양경찰서,2023,Y,2026-01-15,3550000,인천광역시 계양구
GS25 서운타운점,인천광역시,계양구,28245,인천광역시 계양구 아나지로443번길 20,,37.527279,126.742278,,인천계양경찰서,2023,Y,2026-01-15,3550000,인천광역시 계양구
CU 계양봉오대로점,인천광역시,계양구,28245,인천광역시 계양구 봉오대로706번길 15,,37.528531,126.727655,,인천계양경찰서,2023,Y,2026-01-15,3550000,인천광역시 계양구
CU 계양초정점,인천광역시,계양구,28245,인천광역시 계양구 계양문화로 140 상가동 1층,,37.540170,126.740510,,인천계양경찰서,2023,Y,2026-01-15,3550000,인천광역시 계양구
CU 계산월드점,인천광역시,계양구,28245,인천광역시 계양구 계양문화로59번길 13,,37.536075,126.734892,,인천계양경찰서,2023,Y,2026-01-15,3550000,인천광역시 계양구
CU 인천계양계산점,인천광역시,계양구,28245,인천광역시 계양구 오조산로57번길 7 성림빌딩 102호,,37.535836,126.737872,,인천계양경찰서,2023,Y,2026-01-15,3550000,인천광역시 계양구
GS25 까치공원점,인천광역시,계양구,28245,인천광역시 계양구 도두리로 25 106호,,37.534163,126.737121,,인천계양경찰서,2023,Y,2026-01-15,3550000,인천광역시 계양구
GS25 계산동경점,인천광역시,계양구,28245,인천광역시 계양구 계양문화로 55 도쿄프라자 1층 102호,,37.535729,126.736272,,인천계양경찰서,2023,Y,2026-01-15,3550000,인천광역시 계양구
이마트24 계산해피점,인천광역시,계양구,28245,인천광역시 계양구 하느재로5번길 1,,37.543928,126.724778,,인천계양경찰서,2023,Y,2026-01-15,3550000,인천광역시 계양구
CU 인천계산점,인천광역시,계양구,28245,인천광역시 계양구 하느재로 15,,37.544987,126.723857,,인천계양경찰서,2023,Y,2026-01-15,3550000,인천광역시 계양구
CU 계산제일점,인천광역시,계양구,28245,인천광역시 계양구 경명대로1079번길 6-1,,37.544053,126.727013,,인천계양경찰서,2023,Y,2026-01-15,3550000,인천광역시 계양구
CU 효성럭키점,인천광역시,계양구,28245,인천광역시 계양구 안남로572번길 16,,37.534336,126.711836,,인천계양경찰서,2023,Y,2026-01-15,3550000,인천광역시 계양구
GS25 계양장제로점,인천광역시,계양구,28245,인천광역시 계양구 장제로 1014(박촌동),,37.555943,126.745810,,인천계양경찰서,2023,Y,2026-01-15,3550000,인천광역시 계양구
세븐일레븐 효성사거리점,인천광역시,계양구,28245,인천광역시 계양구 안남로 474,인천광역시 계양구 효성동 302-10,37.525192,126.710984,032-554-5452,인천계양경찰서,2018,Y,2026-01-15,3550000,인천광역시 계양구
세븐일레븐 계양아주점,인천광역시,계양구,28245,인천광역시 계양구 용종로 30 (계산동)아주아파트 제상가동 116호,인천광역시 계양구 계산동 1085-2,37.536427,126.741687,,인천계양경찰서,2018,Y,2026-01-15,3550000,인천광역시 계양구
세븐일레븐 효성현대점,인천광역시,계양구,28245,인천광역시 계양구 길마로88번길 1 (효성동),인천광역시 계양구 효성동 21-47,37.533621,126.715609,,인천계양경찰서,2018,Y,2026-01-15,3550000,인천광역시 계양구
세븐일레븐 인천효성점,인천광역시,계양구,28245,인천광역시 계양구 안남로 551 (효성동),인천광역시 계양구 효성동 63-2,37.532218,126.710412,,인천계양경찰서,2018,Y,2026-01-15,3550000,인천광역시 계양구
세븐일레븐 계양국제점,인천광역시,계양구,28245,인천광역시 계양구 계양문화로29번길 10 (작전동),인천광역시 계양구 작전동 907-6,37.533634,126.735056,,인천계양경찰서,2018,Y,2026-01-15,3550000,인천광역시 계양구
세븐일레븐 계산본점,인천광역시,계양구,28245,인천광역시 계양구 계양대로205번길 23 (계산동),인천광역시 계양구 계산동 942-30,37.540743,126.721686,,인천계양경찰서,2018,Y,2026-01-15,3550000,인천광역시 계양구
GS25 동양휴먼빌점,인천광역시,계양구,28245,인천광역시 계양구 당미길 43 휴먼빌 201동 105호,인천광역시 계양구 동양동 613,37.563318,126.758105,032-556-6366,인천계양경찰서,2018,Y,2026-01-15,3550000,인천광역시 계양구
GS25 인천계산점,인천광역시,계양구,28245,인천광역시 계양구 주부토로529번길 14,인천광역시 계양구 계산동 951-13,37.541527,126.726731,032-546-5564,인천계양경찰서,2018,Y,2026-01-15,3550000,인천광역시 계양구
GS25 계양하나점,인천광역시,계양구,28245,인천광역시 계양구 주부토로 387,인천광역시 계양구 작전동 871-32,37.528808,126.729042,032-555-6353,인천계양경찰서,2018,Y,2026-01-15,3550000,인천광역시 계양구
GS25 박촌중앙점,인천광역시,계양구,28245,인천광역시 계양구 장제로997번길 9-1,인천광역시 계양구 박촌동 98-1,37.554894,126.744207,032-555-7809,인천계양경찰서,2018,Y,2026-01-15,3550000,인천광역시 계양구
GS25 인천박촌점,인천광역시,계양구,28245,인천광역시 계양구 장제로1025번길 2,인천광역시 계양구 박촌동 24-9,37.557138,126.745411,032-553-0328,인천계양경찰서,2018,Y,2026-01-15,3550000,인천광역시 계양구
GS25 인천효성점,인천광역시,계양구,28245,인천광역시 계양구 아나지로 75,인천광역시 계양구 효성동 549-2,37.525581,126.699728,032-548-0984,인천계양경찰서,2018,Y,2026-01-15,3550000,인천광역시 계양구
세븐일레븐 효성은서점,인천광역시,계양구,28245,인천광역시 계양구 아나지로 95,인천광역시 계양구 효성동 545-8,37.525414,126.702281,032-549-0282,인천계양경찰서,2018,Y,2026-01-15,3550000,인천광역시 계양구
GS25 효성어울림점,인천광역시,계양구,28245,인천광역시 계양구 새벌로 87,인천광역시 계양구 효성동 220-3,37.524761,126.716278,,인천계양경찰서,2018,Y,2026-01-15,3550000,인천광역시 계양구
GS25 작전코오롱점,인천광역시,계양구,28245,인천광역시 계양구 봉오대로 691번길 3,인천광역시 계양구 작전동 862-20,37.531108,126.725667,032-551-2995,인천계양경찰서,2018,Y,2026-01-15,3550000,인천광역시 계양구
GS25 인천동양점,인천광역시,계양구,28245,인천광역시 계양구 둥그재산길 1,인천광역시 계양구 동양동 596-12,37.562957,126.755843,032-553-0328,인천계양경찰서,2018,Y,2026-01-15,3550000,인천광역시 계양구
GS25 동양제일점,인천광역시,계양구,28245,인천광역시 계양구 당미길 4,인천광역시 계양구 동양동 641,37.559507,126.758587,,인천계양경찰서,2018,Y,2026-01-15,3550000,인천광역시 계양구
GS25 계양동양점,인천광역시,계양구,28245,인천광역시 계양구 당미2길 2,인천광역시 계양구 동양동 576,37.559983,126.755944,032-555-0913,인천계양경찰서,2018,Y,2026-01-15,3550000,인천광역시 계양구
GS25 효성현대점,인천광역시,계양구,28245,인천광역시 계양구 길마로 68,인천광역시 계양구 효성동 21-23,37.533548,126.712991,032-554-5403,인천계양경찰서,2018,Y,2026-01-15,3550000,인천광역시 계양구
GS25 작전한양점,인천광역시,계양구,28245,인천광역시 계양구 계양대로120번길 11,인천광역시 계양구 작전동 855-27,37.534535,126.723969,032-552-8520,인천계양경찰서,2018,Y,2026-01-15,3550000,인천광역시 계양구
GS25 한마음병원점,인천광역시,계양구,28245,인천광역시 계양구 효서로229번길 4(작전2동 865-21),인천광역시 계양구 작전동 865-21,37.528326,126.721577,032-543-8721,인천계양경찰서,2018,Y,2026-01-15,3550000,인천광역시 계양구
GS25 효성풍림점,인천광역시,계양구,28245,"인천광역시 계양구 효서로 182, 101동 1호 (효성2동 225-1, 풍림아파트상가)",인천광역시 계양구 효성동 225-1,37.527776,126.715818,032-544-4696,인천계양경찰서,2018,Y,2026-01-15,3550000,인천광역시 계양구
GS25 이화중앙점,인천광역시,계양구,28245,"인천광역시 계양구 황어로 139, 상가동 104호 (이화동 407, 이화신동아파밀리에)",인천광역시 계양구 이화동 407,37.580103,126.736378,032-547-2777,인천계양경찰서,2018,Y,2026-01-15,3550000,인천광역시 계양구
GS25 귤현중앙점,인천광역시,계양구,28245,"인천광역시 계양구 형제봉길 57, 1층 (귤현동 500-14)",인천광역시 계양구 귤현동 500-14,37.567317,126.749437,032-508-5332,인천계양경찰서,2018,Y,2026-01-15,3550000,인천광역시 계양구
GS25 작전타운점,인천광역시,계양구,28245,"인천광역시 계양구 장제로 672, 110호(작전서운동 149-1, 신영프라자)",인천광역시 계양구 작전동 149-1,37.527807,126.733798,032-543-0662,인천계양경찰서,2018,Y,2026-01-15,3550000,인천광역시 계양구
GS25 효성성지점,인천광역시,계양구,28245,인천광역시 계양구 아나지로247번길 11(효성2동 200-4),인천광역시 계양구 효성동 200-4,37.526609,126.719161,032-544-8392,인천계양경찰서,2018,Y,2026-01-15,3550000,인천광역시 계양구
GS25 효성유승점,인천광역시,계양구,28245,"인천광역시 계양구 아나지로197번길 7, 106호",인천광역시 계양구 효성동 273,37.526022,126.713526,032-545-1780,인천계양경찰서,2018,Y,2026-01-15,3550000,인천광역시 계양구
GS25 계산브래뉴점,인천광역시,계양구,28245,"인천광역시 계양구 계양대로 215, 101동 107호 (계산동 941, 계산동신도브래뉴아파트)",인천광역시 계양구 계산동 941,37.542809,126.720885,032-542-6871,인천계양경찰서,2018,Y,2026-01-15,3550000,인천광역시 계양구
CU 인천병방다올점,인천광역시,계양구,28245,인천광역시 계양구 장제로946번길 19(병방동),인천광역시 계양구 병방동 85-8,37.549020,126.744100,,인천계양경찰서,2023,Y,2026-01-15,3550000,인천광역시 계양구
GS25 계양산병방시장점,인천광역시,계양구,28245,인천광역시 계양구 병방시장로41번길 1,인천광역시 계양구 임학동 201 101호 ( 201),37.548090,126.736100,,인천계양경찰서,2020,Y,2026-01-15,3550000,인천광역시 계양구
yes25 계산현대점,인천광역시,계양구,28245,인천광역시 계양구 계산로 149 1층,,37.537260,126.729000,,인천계양경찰서,2022,Y,2026-01-15,3550000,인천광역시 계양구
GS25 인천계산별빛점,인천광역시,계양구,28245,인천광역시 계양구 하느재로 19번길 6,인천광역시 계양구 계산동 899-1,37.545507,126.724728,,인천계양경찰서,2019,Y,2026-01-15,3550000,인천광역시 계양구
씨유 화도진유경점,인천광역시,동구,28140,인천광역시 동구 화도로 51,인천광역시 동구 화수동 243,37.4820200909,126.629968198,,인천중부경찰서,2025,Y,2026-01-06,3500000,인천광역시 동구
씨유 화도진화수점,인천광역시,동구,28140,인천광역시 동구 화수로 72,인천광역시 동구 화수동 4-29,37.4847048369,126.6311864715,,인천중부경찰서,2025,Y,2026-01-06,3500000,인천광역시 동구
씨유 인천화수점,인천광역시,동구,28140,인천광역시 동구 화수로 43,인천광역시 동구 화수동 275-5,37.48270773,126.633132,032-763-5455,인천중부경찰서,2024,Y,2026-01-06,3500000,인천광역시 동구
GS25 송현삼두점,인천광역시,동구,28140,"인천광역시 동구 수문통로 35, 상가 101, 110호",인천광역시 동구 송현동 66-51,37.4795648,126.6336759,,인천중부경찰서,2023,Y,2026-01-06,3500000,인천광역시 동구
세븐일레븐 동인천파크점,인천광역시,동구,28140,"인천광역시 동구 솔빛로 17, 1층 101호",인천광역시 동구 송현동 155,37.4768162,126.6353921,032-762-5721,인천중부경찰서,2023,Y,2026-01-06,3500000,인천광역시 동구
씨유 송현주하점,인천광역시,동구,28140,"인천광역시 동구 화도진로34번길15, 송림신협 1층 일부 및 2층",인천광역시 동구 송현동 88-4,37.4760524,126.6351141,,인천중부경찰서,2023,Y,2026-01-06,3500000,인천광역시 동구
세븐일레븐 인천송현로점,인천광역시,동구,28140,인천광역시 동구 송현로 29,인천광역시 동구 송현동 56-310,37.4789098,126.6353857,,인천중부경찰서,2023,Y,2026-01-06,3500000,인천광역시 동구
씨유 송현하늘점,인천광역시,동구,28140,인천광역시 동구 방축로37번길 37,인천광역시 동구 송현동 128-11,37.48797218,126.6514264,,인천중부경찰서,2023,Y,2026-01-06,3500000,인천광역시 동구
이마트24 동구동산점,인천광역시,동구,28140,인천광역시 동구 새천년로 36,인천광역시 동구 송림동 101-25,37.47158769,126.6500388,,인천중부경찰서,2022,Y,2026-01-06,3500000,인천광역시 동구
GS25 송현하늘점,인천광역시,동구,28140,"인천광역시 동구 송현로 50, 솔빛마을 분산상가 A동",인천광역시 동구 송현동 154,37.47878636,126.6375473,032-772-2569,인천중부경찰서,2022,Y,2026-01-06,3500000,인천광역시 동구
씨유 송현송이점,인천광역시,동구,28140,인천광역시 동구 금곡로 42,인천광역시 동구 금곡동 50-4,37.4732431,126.640338,,인천중부경찰서,2018,Y,2026-01-06,3500000,인천광역시 동구
씨유 송림오거리점,인천광역시,동구,28140,인천광역시 동구 화도진로 109,인천광역시 동구 화수동 321,37.4806699,126.628384,032-765-9447,인천중부경찰서,2018,Y,2026-01-06,3500000,인천광역시 동구
씨유 송현주공점,인천광역시,동구,28140,인천광역시 동구 샛골로 146,인천광역시 동구 송림동 59-28,37.47540053,126.644657,032-765-4836,인천중부경찰서,2018,Y,2026-01-06,3500000,인천광역시 동구
GS25 동산휴먼시아점,인천광역시,동구,28140,인천광역시 동구 송림로 138,인천광역시 동구 송림동 29-11,37.4771243,126.649898,032-761-0107,인천중부경찰서,2018,Y,2026-01-06,3500000,인천광역시 동구
GS25 동구금곡점,인천광역시,동구,28140,인천광역시 동구 송화로2번길 11,인천광역시 동구 화평동 527-20,37.4769006,126.631382,032-777-7265,인천중부경찰서,2018,Y,2026-01-06,3500000,인천광역시 동구
GS25 동구솔빛점,인천광역시,동구,28140,인천광역시 동구 인중로 659,인천광역시 동구 송현동 6-28,37.481079,126.6453459,,인천중부경찰서,2019,Y,2026-01-06,3500000,인천광역시 동구
세븐일레븐 인천금곡점,인천광역시,동구,28140,인천광역시 동구 샛골로141번길 8,인천광역시 동구 송림동 58-6,37.475254,126.644007,032-763-3492,인천중부경찰서,2019,Y,2026-01-06,3500000,인천광역시 동구
GS25 송림오거리,인천광역시,동구,28140,인천광역시 동구 송현로 37-1,인천광역시 동구 송현동 56-295,37.479449,126.635925,032-776-7278,인천중부경찰서,2019,Y,2026-01-06,3500000,인천광역시 동구
GS25 인천송현,인천광역시,동구,28140,인천광역시 동구 화도진로 96,인천광역시 동구 화평동 229-1,37.479856,126.629756,032-766-3313,인천중부경찰서,2018,Y,2026-01-06,3500000,인천광역시 동구
GS25 송림아이원,인천광역시,동구,28140,인천광역시 동구 수문통로 26,인천광역시 동구 송현동 67-84,37.4784943,126.633378,032-777-2350,인천중부경찰서,2018,Y,2026-01-06,3500000,인천광역시 동구
GS25 송림본점,인천광역시,동구,28140,인천광역시 동구 중봉대로 100,인천광역시 동구 송현동 1-770,37.48792143,126.647252,032-766-3585,인천중부경찰서,2018,Y,2026-01-06,3500000,인천광역시 동구
세븐일레븐 인천송림오거리점,인천광역시,동구,28140,인천광역시 동구 화도진로 140,인천광역시 동구 만석동 127,37.48311259,126.6269704,032-763-1065,인천중부경찰서,2018,Y,2026-01-06,3500000,인천광역시 동구
세븐일레븐 인천재능대점,인천광역시,동구,28140,"인천광역시 동구 새천년로38번길 11, 상가동 101호",인천광역시 동구 송림동 343,37.47422892,126.6494075,032-777-1750,인천중부경찰서,2018,Y,2026-01-06,3500000,인천광역시 동구
세븐일레븐 동인천다인점,인천광역시,동구,28140,인천광역시 동구 금곡로 47,인천광역시 동구 금곡동 51-8,37.473559,126.6410313,032-777-0173,인천중부경찰서,2018,Y,2026-01-06,3500000,인천광역시 동구
씨유 동구화도진점,인천광역시,동구,28140,인천광역시 동구 솔빛로91번길 15,인천광역시 동구 송림동 55-245,37.476843,126.643523,,인천중부경찰서,2018,Y,2026-01-06,3500000,인천광역시 동구
씨유 송현먹자길점,인천광역시,동구,28140,인천광역시 동구 송림로 96,인천광역시 동구 송림동 60-5,37.475725,126.645307,032-766-0912,인천중부경찰서,2018,Y,2026-01-06,3500000,인천광역시 동구
씨유 송림공구상가점,인천광역시,동구,28140,인천광역시 동구 송미로24번길 17-8,인천광역시 동구 송림동 8-661,37.481654,126.649974,032-777-7754,인천중부경찰서,2018,Y,2026-01-06,3500000,인천광역시 동구
씨유 만석웰카운티점,인천광역시,동구,28140,인천광역시 동구 샛골로 124,인천광역시 동구 송림동 67-20,37.473443,126.644312,032-773-4019,인천중부경찰서,2018,Y,2026-01-06,3500000,인천광역시 동구
GS25 동구만석점,인천광역시,동구,28140,인천광역시 동구 화도진로 184,인천광역시 동구 만석동 9-285,37.485456,126.623107,032-772-2520,인천중부경찰서,2018,Y,2026-01-06,3500000,인천광역시 동구
GS25 동구화수점,인천광역시,동구,28140,인천광역시 동구 만석로 102,인천광역시 동구 화수동 287-5,37.480644,126.627258,032-766-1305,인천중부경찰서,2018,Y,2026-01-06,3500000,인천광역시 동구
세븐일레븐 대치으뜸점,서울특별시,강남구,11680,서울특별시 강남구 삼성로76길 16,,37.50406664,127.0596522,,서울강남경찰서,,Y,2026-01-29,3220000,서울특별시 강남구
세븐일레븐 대치선릉로점,서울특별시,강남구,11680,서울특별시 강남구 테헤란로68길 33,,37.50320174,127.0531092,,서울강남경찰서,,Y,2026-01-29,3220000,서울특별시 강남구
CU 대치메트로칸점,서울특별시,강남구,11680,서울특별시 강남구 테헤란로88길 10,,37.5068062,127.0594495,,서울수서경찰서,,Y,2026-01-29,3220000,서울특별시 강남구
세븐일레븐 대치멤버스점,서울특별시,강남구,11680,서울특별시 강남구 삼성로85길 42,,37.5045291,127.0538023,,서울수서경찰서,,Y,2026-01-29,3220000,서울특별시 강남구
세븐일레븐 대치6호점,서울특별시,강남구,11680,서울특별시 강남구 삼성로85길 19,,37.50471783,127.055754,,서울수서경찰서,,Y,2026-01-29,3220000,서울특별시 강남구
CU 양재점,서울특별시,강남구,11680,서울특별시 강남대로 238 스카이쏠라빌딩,,37.4997965,127.028823,,서울수서경찰서,,Y,2026-01-29,3220000,서울특별시 강남구
GS25 도곡센터점,서울특별시,강남구,11680,서울특별시 남부순환로359길 6,,37.48904039,127.0402649,,서울수서경찰서,,Y,2026-01-29,3220000,서울특별시 강남구
세븐일레븐 도곡2호점,서울특별시,강남구,11680,서울특별시 강남구 남부순환로365길 38,,37.4877624033,127.0399513229,,서울수서경찰서,,Y,2026-01-29,3220000,서울특별시 강남구
세븐일레븐 강남도곡점,서울특별시,강남구,11680,서울특별시 강남구 남부순환로361길 6,,37.4855940074,127.0375706543,,서울수서경찰서,,Y,2026-01-29,3220000,서울특별시 강남구
세븐일레븐 강남YMCA점,서울특별시,강남구,11680,서울특별시 강남구 봉은사로37길 28,,37.51005125,127.0359579,,서울강남경찰서,,Y,2026-01-29,3220000,서울특별시 강남구
CU 논현세원점,서울특별시,강남구,11680,서울특별시 강남구 언주로125길 7,,37.51290305,127.0346285,,서울강남경찰서,,Y,2026-01-29,3220000,서울특별시 강남구
GS25 논현동부점,서울특별시,강남구,11680,서울특별시 강남구 학동로30길 49,,37.51107025,127.0333161,,서울강남경찰서,,Y,2026-01-29,3220000,서울특별시 강남구
GS25 논현진실점,서울특별시,강남구,11680,"서울특별시 강남구 언주로121길 8, 1층",,37.51173381,127.0349617,,서울강남경찰서,,Y,2026-01-29,3220000,서울특별시 강남구
세븐일레븐 역삼타운점,서울특별시,강남구,11680,서울특별시 강남구 강남대로84길 28,,37.4969468,127.0309047,,서울강남경찰서,,Y,2026-01-29,3220000,서울특별시 강남구
세븐일레븐 역삼진선점,서울특별시,강남구,11680,서울특별시 강남구 선릉로85길 8,,37.5028306,127.048825,,서울강남경찰서,,Y,2026-01-29,3220000,서울특별시 강남구
세븐일레븐 역삼만남점,서울특별시,강남구,11680,서울특별시 강남구 테헤란로6길 47,,37.4955369,127.0318129,,서울강남경찰서,,Y,2026-01-29,3220000,서울특별시 강남구
세븐일레븐 역삼디오빌점,서울특별시,강남구,11680,서울특별시 강남구 언주로 427,,37.50147603,127.0426899,,서울수서경찰서,,N,2026-01-29,3220000,서울특별시 강남구
세븐일레븐 역삼8호점,서울특별시,강남구,11680,서울특별시 강남구 강남대로102길 11,,37.5019276,127.0267351,,서울강남경찰서,,Y,2026-01-29,3220000,서울특별시 강남구
세븐일레븐 역삼22호점,서울특별시,강남구,11680,서울특별시 강남구 언주로71길 9,,37.497325,127.044262,,서울강남경찰서,,Y,2026-01-29,3220000,서울특별시 강남구
세븐일레븐 압구정로데오본점,서울특별시,강남구,11680,서울특별시 강남구 도산대로51길 44,,37.5259514,127.0383732,,서울강남경찰서,,N,2026-01-29,3220000,서울특별시 강남구
세븐일레븐 신사증권점,서울특별시,강남구,11680,서울특별시 강남구 압구정로30길 18,,37.52631186,127.0289891,,서울강남경찰서,,Y,2026-01-29,3220000,서울특별시 강남구
세븐일레븐 신사제일점,서울특별시,강남구,11680,서울특별시 강남구 논현로 808,,37.52090959,127.0284222,,서울강남경찰서,,Y,2026-01-29,3220000,서울특별시 강남구
세븐일레븐 세븐포이3호점,서울특별시,강남구,11680,서울특별시 강남구 논현로12길 19-9,,37.4753372,127.0486408,,서울수서경찰서,,Y,2026-01-29,3220000,서울특별시 강남구
CU 대치예영점,서울특별시,강남구,11680,서울특별시 강남구 삼성로63길 5,,37.4998355,127.059663,,서울수서경찰서,,Y,2026-01-29,3220000,서울특별시 강남구
세븐일레븐 삼성플러스원점,서울특별시,강남구,11680,서울특별시 강남구 봉은사로57길 13,,37.5116097,127.044926,,서울강남경찰서,,Y,2026-01-29,3220000,서울특별시 강남구
세븐일레븐 삼성베스트점,서울특별시,강남구,11680,서울특별시 강남구 삼성로104길 12,,37.5108204,127.055755,,서울강남경찰서,,Y,2026-01-29,3220000,서울특별시 강남구
세븐일레븐 삼성동래미안점,서울특별시,강남구,11680,서울특별시 강남구 선릉로130길 20,,37.51566482,127.043345,,서울강남경찰서,,Y,2026-01-29,3220000,서울특별시 강남구
세븐일레븐 삼성10호점,서울특별시,강남구,11680,서울특별시 강남구 삼성로115길 46,,37.5139612,127.048401,,서울강남경찰서,,Y,2026-01-29,3220000,서울특별시 강남구
세븐일레븐 메트로칸점,서울특별시,강남구,11680,서울특별시 강남구 테헤란로88길 10,,37.5068062,127.0594495,,서울수서경찰서,,Y,2026-01-29,3220000,서울특별시 강남구
세븐일레븐 도곡센트레빌점,서울특별시,강남구,11680,서울특별시 강남구 선릉로 206,,37.491453,127.0556417,,서울수서경찰서,,Y,2026-01-29,3220000,서울특별시 강남구
세븐일레븐 도곡공원점,서울특별시,강남구,11680,서울특별시 강남구 도곡로4길 5,,37.4895461,127.033329,,서울수서경찰서,,Y,2026-01-29,3220000,서울특별시 강남구
세븐일레븐 대치점,서울특별시,강남구,11680,서울특별시 강남구 삼성로 150,,37.49571728,127.0686391,,서울수서경찰서,,Y,2026-01-29,3220000,서울특별시 강남구
세븐일레븐 대치10호점,서울특별시,강남구,11680,서울특별시 강남구 역삼로64길 25,,37.4994391,127.0535637,,서울수서경찰서,,Y,2026-01-29,3220000,서울특별시 강남구
세븐일레븐 뉴강남센터점,서울특별시,강남구,11680,서울특별시 강남구 강남대로96길 9,,37.4998965,127.027723,,서울강남경찰서,,Y,2026-01-29,3220000,서울특별시 강남구
세븐일레븐 논현힐탑점,서울특별시,강남구,11680,서울특별시 강남구 논현로 639,,37.5105313,127.032098,,서울강남경찰서,,Y,2026-01-29,3220000,서울특별시 강남구
세븐일레븐 논현한바위점,서울특별시,강남구,11680,서울특별시 강남구 강남대로118길 30,,37.50685922,127.0257676,,서울강남경찰서,,Y,2026-01-29,3220000,서울특별시 강남구
세븐일레븐 논현제일점,서울특별시,강남구,11680,서울특별시 강남구 선릉로 641,,37.5137766,127.0422874,,서울강남경찰서,,Y,2026-01-29,3220000,서울특별시 강남구
세븐일레븐 논현보람점,서울특별시,강남구,11680,서울특별시 강남구 논현로132길 15,,37.5152193,127.0318073,,서울강남경찰서,,Y,2026-01-29,3220000,서울특별시 강남구
세븐일레븐 논현13호점,서울특별시,강남구,11680,서울특별시 강남구 학동로43길 14,,37.5170337,127.0375091,,서울강남경찰서,,Y,2026-01-29,3220000,서울특별시 강남구
세븐일레븐 논현12호점,서울특별시,강남구,11680,서울특별시 강남구 강남대로128길 48,,37.5111526,127.025632,,서울강남경찰서,,Y,2026-01-29,3220000,서울특별시 강남구
CU 대치동부점,서울특별시,강남구,11680,서울특별시 강남구 테헤란로78길 8,,37.50562267,127.055221,,서울수서경찰서,,Y,2026-01-29,3220000,서울특별시 강남구
세븐일레븐 거평타운점,서울특별시,강남구,11680,서울특별시 강남구 봉은사로 129,,37.5059169,127.0283077,,서울강남경찰서,,Y,2026-01-29,3220000,서울특별시 강남구
세븐일레븐 개포본점,서울특별시,강남구,11680,서울특별시 강남구 개포로28길 15,,37.47807861,127.0499559,,서울수서경찰서,,Y,2026-01-29,3220000,서울특별시 강남구
세븐일레븐 개포2호점,서울특별시,강남구,11680,서울특별시 강남구 개포로 512,,37.4893117,127.0688124,,서울수서경찰서,,Y,2026-01-29,3220000,서울특별시 강남구
세븐일레븐 개포1호점,서울특별시,강남구,11680,서울특별시 강남구 선릉로 48,,37.48360708,127.059715,,서울수서경찰서,,N,2026-01-29,3220000,서울특별시 강남구
세븐일레븐 강남선릉점,서울특별시,강남구,11680,서울특별시 강남구 언주로98길 37,,37.5047589,127.0448202,,서울강남경찰서,,Y,2026-01-29,3220000,서울특별시 강남구
세븐일레븐 KT강남점,서울특별시,강남구,11680,서울특별시 강남구 언주로 517,,37.50433183,127.0415199,,서울강남경찰서,,Y,2026-01-29,3220000,서울특별시 강남구
GS25 포이점,서울특별시,강남구,11680,서울특별시 강남구 개포로22길 40,,37.4765057,127.0493261,,서울수서경찰서,,Y,2026-01-29,3220000,서울특별시 강남구
GS25 포이그린점,서울특별시,강남구,11680,서울특별시 강남구 개포로25길 15,,37.4799477,127.0480005,,서울수서경찰서,,Y,2026-01-29,3220000,서울특별시 강남구
GS25 청담타운점,서울특별시,강남구,11680,서울특별시 강남구 삼성로145길 16,,37.5225416,127.046944,,서울강남경찰서,,Y,2026-01-29,3220000,서울특별시 강남구
GS25 청담중앙점,서울특별시,강남구,11680,서울특별시 강남구 선릉로148길 32,,37.5226105,127.042187,,서울강남경찰서,,Y,2026-01-29,3220000,서울특별시 강남구
CU 대치기량점,서울특별시,강남구,11680,서울특별시 강남구 선릉로 406,,37.5011164,127.050858,,서울수서경찰서,,Y,2026-01-29,3220000,서울특별시 강남구
GS25 일원으뜸점,서울특별시,강남구,11680,서울특별시 강남구 일원로5길 6,,37.4906218,127.0814726,,서울수서경찰서,,Y,2026-01-29,3220000,서울특별시 강남구
GS25 역삼테헤란점,서울특별시,강남구,11680,서울특별시 강남구 테헤란로33길 7,,37.502262,127.039234,,서울강남경찰서,,Y,2026-01-29,3220000,서울특별시 강남구
GS25 역삼지에스점,서울특별시,강남구,11680,서울특별시 강남구 봉은사로30길 78,,37.5024499,127.037017,,서울강남경찰서,,Y,2026-01-29,3220000,서울특별시 강남구
GS25 역삼제일점,서울특별시,강남구,11680,서울특별시 강남구 언주로108길 6,,37.50782724,127.040098,,서울강남경찰서,,Y,2026-01-29,3220000,서울특별시 강남구
GS25 역삼아워홈점,서울특별시,강남구,11680,서울특별시 강남구 역삼로3길 10,,37.4942198,127.0316173,,서울강남경찰서,,Y,2026-01-29,3220000,서울특별시 강남구
GS25 역삼싱아점,서울특별시,강남구,11680,서울특별시 강남구 논현로72길 13,,37.49584009,127.0405163,,서울강남경찰서,,Y,2026-01-29,3220000,서울특별시 강남구
GS25 역삼소망점,서울특별시,강남구,11680,서울특별시 강남구 봉은사로26길 26,,37.505404,127.033641,,서울강남경찰서,,Y,2026-01-29,3220000,서울특별시 강남구
GS25 역삼사랑점,서울특별시,강남구,11680,서울특별시 강남구 테헤란로55길 27,,37.5059701,127.046548,,서울강남경찰서,,Y,2026-01-29,3220000,서울특별시 강남구
GS25 역삼블루점,서울특별시,강남구,11680,서울특별시 강남구 도곡로21길 18,,37.4932542,127.0388231,,서울수서경찰서,,Y,2026-01-29,3220000,서울특별시 강남구
GS25 역삼대홍점,서울특별시,강남구,11680,서울특별시 강남구 논현로63길 19,,37.4924317,127.039223,,서울강남경찰서,,Y,2026-01-29,3220000,서울특별시 강남구
CU 논현강남점,서울특별시,강남구,11680,서울특별시 강남구 선릉로131길 25,,37.5171263,127.038928,,서울강남경찰서,,Y,2026-01-29,3220000,서울특별시 강남구
GS25 역삼2점,서울특별시,강남구,11680,서울특별시 강남구 역삼로14길 7,,37.4940425,127.0355007,,서울강남경찰서,,Y,2026-01-29,3220000,서울특별시 강남구
GS25 신사초롱점,서울특별시,강남구,11680,서울특별시 강남구 논현로153길 46,,37.52051764,127.024426,,서울강남경찰서,,Y,2026-01-29,3220000,서울특별시 강남구
GS25 세곡래미안점,서울특별시,강남구,11680,서울특별시 강남구 자곡로 101,,37.4726559,127.0958063,,서울수서경찰서,,N,2026-01-29,3220000,서울특별시 강남구
GS25 삼성한울점,서울특별시,강남구,11680,서울특별시 강남구 삼성로119길 37,,37.5153096,127.048545,,서울강남경찰서,,Y,2026-01-29,3220000,서울특별시 강남구
GS25 삼성승리점,서울특별시,강남구,11680,서울특별시 강남구 테헤란로63길 17,,37.506364,127.050027,,서울강남경찰서,,Y,2026-01-29,3220000,서울특별시 강남구
GS25 삼성그린점,서울특별시,강남구,11680,서울특별시 강남구 삼성로107길 31,,37.5107392,127.0515468,,서울강남경찰서,,Y,2026-01-29,3220000,서울특별시 강남구
GS25 도곡점,서울특별시,강남구,11680,서울특별시 강남구 남부순환로 2730,,37.4857031,127.044693,,서울수서경찰서,,Y,2026-01-29,3220000,서울특별시 강남구
GS25 도곡럭키본점,서울특별시,강남구,11680,서울특별시 강남구 남부순환로365길 56,,37.48903939,127.0402449,,서울수서경찰서,,Y,2026-01-29,3220000,서울특별시 강남구
GS25 논현한영점,서울특별시,강남구,11680,서울특별시 강남구 논현로114길 11,,37.50882736,127.0343009,,서울강남경찰서,,Y,2026-01-29,3220000,서울특별시 강남구
GS25 논현학동점,서울특별시,강남구,11680,서울특별시 강남구 논현로146길 11,,37.51822062,127.0299073,,서울강남경찰서,,Y,2026-01-29,3220000,서울특별시 강남구
CU 개포사랑점,서울특별시,강남구,11680,서울특별시 강남구 선릉로10길 4,,37.48311645,127.060656,,서울수서경찰서,,Y,2026-01-29,3220000,서울특별시 강남구
GS25 논현이편한점,서울특별시,강남구,11680,서울특별시 강남구 봉은사로11길 12,,37.50674207,127.0289875,,서울강남경찰서,,Y,2026-01-29,3220000,서울특별시 강남구
GS25 논현보람점,서울특별시,강남구,11680,서울특별시 강남구 선릉로121길 15,,37.5136671,127.0410001,,서울강남경찰서,,Y,2026-01-29,3220000,서울특별시 강남구
GS25 논현동우점,서울특별시,강남구,11680,서울특별시 강남구 봉은사로37길 13,,37.50921235,127.0364508,,서울강남경찰서,,Y,2026-01-29,3220000,서울특별시 강남구
GS25 개포소망점,서울특별시,강남구,11680,서울특별시 강남구 개포로 508,,37.48923213,127.0679409,,서울수서경찰서,,Y,2026-01-29,3220000,서울특별시 강남구
GS25 개포사랑점,서울특별시,강남구,11680,서울특별시 강남구 논현로8길 21,,37.4744169,127.050455,,서울수서경찰서,,Y,2026-01-29,3220000,서울특별시 강남구
GS25 개포럭키점,서울특별시,강남구,11680,서울특별시 강남구 개포로20길 12,,37.4779054,127.047248,,서울수서경찰서,,Y,2026-01-29,3220000,서울특별시 강남구
GS25 강남동원점,서울특별시,강남구,11680,서울특별시 강남구 테헤란로77길 7,,37.50692766,127.0544955,,서울강남경찰서,,Y,2026-01-29,3220000,서울특별시 강남구
GS25 강남나누리점,서울특별시,강남구,11680,서울특별시 강남구 언주로147길 10,,37.5199548,127.0334065,,서울강남경찰서,,Y,2026-01-29,3220000,서울특별시 강남구
CU 역삼형지점,서울특별시,강남구,11680,서울특별시 강남구 논현로 327,,37.4944237,127.0396056,,서울강남경찰서,,Y,2026-01-29,3220000,서울특별시 강남구
CU 역삼하나점,서울특별시,강남구,11680,서울특별시 강남구 테헤란로25길 59,,37.50430796,127.034133,,서울강남경찰서,,Y,2026-01-29,3220000,서울특별시 강남구
CU 강남푸르지오점,서울특별시,강남구,11680,서울특별시 강남구 테헤란로4길 6,,37.497689,127.0292848,,서울강남경찰서,,Y,2026-01-29,3220000,서울특별시 강남구
CU 역삼푸른점,서울특별시,강남구,11680,서울특별시 강남구 도곡로1길 7,,37.490414,127.032327,,서울강남경찰서,,Y,2026-01-29,3220000,서울특별시 강남구
CU 역삼푸르지오점,서울특별시,강남구,11680,서울특별시 강남구 언주로70길 10,,37.4969176,127.046391,,서울강남경찰서,,Y,2026-01-29,3220000,서울특별시 강남구
CU 역삼포스틸점,서울특별시,강남구,11680,서울특별시 강남구 테헤란로20길 10,,37.4990484,127.034161,,서울강남경찰서,,Y,2026-01-29,3220000,서울특별시 강남구
CU 역삼타운점,서울특별시,강남구,11680,서울특별시 강남구 언주로75길 16,,37.49870801,127.0430309,,서울강남경찰서,,Y,2026-01-29,3220000,서울특별시 강남구
CU 역삼카이로스점,서울특별시,강남구,11680,서울특별시 강남구 강남대로66길 8,,37.49171982,127.031564,,서울강남경찰서,,Y,2026-01-29,3220000,서울특별시 강남구
CU 역삼점,서울특별시,강남구,11680,서울특별시 강남구 테헤란로51길 10,,37.5047409,127.046954,,서울강남경찰서,,Y,2026-01-29,3220000,서울특별시 강남구
CU 역삼유토빌점,서울특별시,강남구,11680,서울특별시 강남구 논현로87길 41,,37.498821,127.033588,,서울강남경찰서,,Y,2026-01-29,3220000,서울특별시 강남구
CU 역삼에클라트점,서울특별시,강남구,11680,서울특별시 강남구 테헤란로20길 19,,37.498524,127.0350122,,서울강남경찰서,,Y,2026-01-29,3220000,서울특별시 강남구
CU 역삼시티점,서울특별시,강남구,11680,서울특별시 강남구 테헤란로7길 7,,37.49963104,127.0304731,,서울강남경찰서,,Y,2026-01-29,3220000,서울특별시 강남구
CU 역삼삼부자점,서울특별시,강남구,11680,서울특별시 강남구 테헤란로51길 43,,37.505703,127.044178,,서울강남경찰서,,Y,2026-01-29,3220000,서울특별시 강남구
CU 강남시티점,서울특별시,강남구,11680,서울특별시 강남구 선릉로93길 50,,37.5043533,127.0446413,,서울강남경찰서,,Y,2026-01-29,3220000,서울특별시 강남구
CU 역삼사랑점,서울특별시,강남구,11680,서울특별시 강남구 언주로104길 6,,37.50700526,127.040809,,서울강남경찰서,,Y,2026-01-29,3220000,서울특별시 강남구
CU 역삼벚꽃길점,서울특별시,강남구,11680,서울특별시 강남구 도곡로7길 8,,37.49134037,127.0352301,,서울강남경찰서,,Y,2026-01-29,3220000,서울특별시 강남구
CU 역삼경남점,서울특별시,강남구,11680,서울특별시 강남구 언주로85길 13,,37.50056793,127.042336,,서울강남경찰서,,Y,2026-01-29,3220000,서울특별시 강남구
CU 역삼건화점,서울특별시,강남구,11680,서울특별시 강남구 논현로64길 18,,37.4934452,127.041948,,서울강남경찰서,,Y,2026-01-29,3220000,서울특별시 강남구
CU 역삼가화점,서울특별시,강남구,11680,서울특별시 강남구 역삼로34길 19,,37.4960087,127.0426913,,서울강남경찰서,,N,2026-01-29,3220000,서울특별시 강남구
CU 신사현대점,서울특별시,강남구,11680,서울특별시 강남구 논현로176길 20,,37.5272065,127.0301094,,서울강남경찰서,,Y,2026-01-29,3220000,서울특별시 강남구
CU 선정릉역점,서울특별시,강남구,11680,서울특별시 강남구 봉은사로 409,,37.5108229,127.0447138,,서울강남경찰서,,N,2026-01-29,3220000,서울특별시 강남구
CU 도곡아이파크점,서울특별시,강남구,11680,서울특별시 강남구 도곡로28길 8,,37.4920697,127.0421146,,서울수서경찰서,,Y,2026-01-29,3220000,서울특별시 강남구
CU 대치한국점,서울특별시,강남구,11680,서울특별시 강남구 선릉로86길 7,,37.5032613,127.050312,,서울수서경찰서,,Y,2026-01-29,3220000,서울특별시 강남구
이마트24 R뉴청담본점,서울특별시,강남구,11680,서울특별시 강남구 도산대로66길 43,,37.5206195,127.043855,,서울강남경찰서,,Y,2026-01-29,3220000,서울특별시 강남구
씨스페이스 삼성1점,서울특별시,강남구,11680,서울특별시 강남구 영동대로112길 5,,37.5151298,127.0606594,,서울강남경찰서,,N,2026-01-29,3220000,서울특별시 강남구
세븐일레븐 테헤란로점,서울특별시,강남구,11680,서울특별시 강남구 테헤란로 428,,37.5056037,127.0541831,,서울수서경찰서,,Y,2026-01-29,3220000,서울특별시 강남구
세븐일레븐 청담유시어터점,서울특별시,강남구,11680,서울특별시 강남구 도산대로58길 17,,37.5220301,127.0415161,,서울강남경찰서,,Y,2026-01-29,3220000,서울특별시 강남구
세븐일레븐 청담루나점,서울특별시,강남구,11680,서울특별시 강남구 학동로 523,,37.5201056,127.056051,,서울강남경찰서,,Y,2026-01-29,3220000,서울특별시 강남구
세븐일레븐 일원석탑점,서울특별시,강남구,11680,서울특별시 강남구 개포로 615,,37.4926193,127.0755689,,서울수서경찰서,,Y,2026-01-29,3220000,서울특별시 강남구
세븐일레븐 역삼화인점,서울특별시,강남구,11680,서울특별시 강남구 봉은사로30길 28,,37.505604,127.0354373,,서울강남경찰서,,Y,2026-01-29,3220000,서울특별시 강남구
세븐일레븐 역삼화랑점,서울특별시,강남구,11680,서울특별시 강남구 역삼로20길 9,,37.49471298,127.0376559,,서울강남경찰서,,Y,2026-01-29,3220000,서울특별시 강남구
세븐일레븐 역삼태극점,서울특별시,강남구,11680,서울특별시 강남구 강남대로78길 8,,37.4946558,127.030034,,서울강남경찰서,,Y,2026-01-29,3220000,서울특별시 강남구
세븐일레븐 역삼태광점,서울특별시,강남구,11680,서울특별시 강남구 테헤란로34길 7,,37.50112367,127.0403049,,서울수서경찰서,,Y,2026-01-29,3220000,서울특별시 강남구
CU 대치태양점,서울특별시,강남구,11680,서울특별시 강남구 선릉로68길 9,,37.49912587,127.052486,,서울수서경찰서,,Y,2026-01-29,3220000,서울특별시 강남구
이마트24 부평신명점,인천광역시,부평구,28237,"인천광역시 부평구 장제로 145, 신명스카이홈 108호",인천광역시 부평구 부평동 378-3,37.4988433,126.7296659,,인천부평경찰서,2024,Y,2025-12-22,3540000,인천광역시 부평구
이마트24 삼산중앙점,인천광역시,부평구,28237,"인천광역시 부평구 후정동로 49, 1층",인천광역시 부평구 삼산동 60-52,37.5217432,126.7380319,,인천삼산경찰서,2024,Y,2025-12-22,3540000,인천광역시 부평구
CU 부평신동아점,인천광역시,부평구,28237,인천광역시 부평구 아트센터로 118 동암신동아@ 나동상가 2층,인천광역시 부평구 십정동 607번지 동암신동아아파트 나동 상가 2층,37.4772768,126.7044393,,인천부평경찰서,2024,Y,2025-12-22,3540000,인천광역시 부평구
GS25 그랑힐스청천점,인천광역시,부평구,28237,"인천광역시 부평구 산청로 97, 상가동 714호, 715호",인천광역시 부평구 청천동 36-3,37.5200476,126.7021398,080-999-5425,인천부평경찰서,2024,Y,2025-12-22,3540000,인천광역시 부평구
GS25 그랑힐스중앙점,인천광역시,부평구,28237,"인천광역시 부평구 산청로 97, 상가동 502호, 503호",인천광역시 부평구 청천동 36-3,37.5200476,126.7021398,080-999-5425,인천부평경찰서,2024,Y,2025-12-22,3540000,인천광역시 부평구
CU 산곡유경점,인천광역시,부평구,28237,"인천광역시 부평구 마곡로 14, 상가동 B09호",인천광역시 부평구 산곡동 534,37.51276485,126.7000403,,인천부평경찰서,2024,Y,2025-12-22,3540000,인천광역시 부평구
세븐일레븐 산곡드림점,인천광역시,부평구,28237,인천광역시 부평구 세월천로 55,인천광역시 부평구 산곡동 45-78,37.51294402,126.7033547,,인천부평경찰서,2024,Y,2025-12-22,3540000,인천광역시 부평구
부평도서관(2),인천광역시,부평구,28237,"인천광역시 부평구 경원대로 1191, 2층 종합자료실",인천광역시 부평구 십정동 186-454,37.48499649,126.7045861,032-510-7300,인천부평경찰서,2024,Y,2025-12-22,3540000,인천광역시 부평구
부평도서관(1),인천광역시,부평구,28237,"인천광역시 부평구 경원대로 1191, 1층 안내실",인천광역시 부평구 십정동 186-454,37.48499649,126.7045861,032-510-7300,인천부평경찰서,2024,Y,2025-12-22,3540000,인천광역시 부평구
이마트24 R부평동아점,인천광역시,부평구,28237,인천광역시 부평구 부평문화로 50-1,인천광역시 부평구 부평동 546-67,37.4937685,126.7218377,02-6916-1500,인천부평경찰서,2023,Y,2025-12-22,3540000,인천광역시 부평구
CU 부평골목길점,인천광역시,부평구,28237,인천광역시 부평구 경원대로1377번길 29,인천광역시 부평구 부평동 546-26,37.4927502,126.722195,032-506-1199,인천부평경찰서,2023,Y,2025-12-22,3540000,인천광역시 부평구
CU 삼산부일점,인천광역시,부평구,28237,인천광역시 부평구 영성로18번길 5,인천광역시 부평구 삼산동 81-4,37.5197718,126.7413394,,인천삼산경찰서,2023,Y,2025-12-22,3540000,인천광역시 부평구
세븐일레븐 부평대경점,인천광역시,부평구,28237,인천광역시 부평구 주부토로65번길 35,인천광역시 부평구 부평동 437-16,37.50095402,126.7233553,1577-0711,인천부평경찰서,2023,Y,2025-12-22,3540000,인천광역시 부평구
CU 부평에코펠리스점,인천광역시,부평구,28237,인천광역시 부평구 부흥북로23번길 7,인천광역시 부평구 부평동 433-42,37.50180967,126.7246633,,인천부평경찰서,2023,Y,2025-12-22,3540000,인천광역시 부평구
CU 산곡우성점,인천광역시,부평구,28237,인천광역시 부평구 부영로189번길 51,인천광역시 부평구 산곡동 281-5,37.50211844,126.7129695,,인천부평경찰서,2023,Y,2025-12-22,3540000,인천광역시 부평구
CU 부평금호타운점,인천광역시,부평구,28237,인천광역시 부평구 안남로 274,인천광역시 부평구 청천동 336-11,37.5073451,126.7092938,,인천부평경찰서,2023,Y,2025-12-22,3540000,인천광역시 부평구
세븐일레븐 부평산곡우성점,인천광역시,부평구,28237,인천광역시 부평구 화랑북로 35,인천광역시 부평구 산곡동 325-46,37.49619044,126.7071139,1577-0711,인천부평경찰서,2023,Y,2025-12-22,3540000,인천광역시 부평구
이마트24 부평청천본점,인천광역시,부평구,28237,인천광역시 부평구 세월천로40번길 24,인천광역시 부평구 청천동 180-1,37.51437975,126.7054644,02-6916-1500,인천부평경찰서,2023,Y,2025-12-22,3540000,인천광역시 부평구
CU 청천대우점,인천광역시,부평구,28237,인천광역시 부평구 세월천로 13,인천광역시 부평구 청천동 191-17,37.51254425,126.7079728,1577-3663,인천부평경찰서,2023,Y,2025-12-22,3540000,인천광역시 부평구
CU 청천우리점,인천광역시,부평구,28237,인천광역시 부평구 마장로426번길 33,인천광역시 부평구 청천동 174-32,37.51631343,126.7060914,1577-3663,인천부평경찰서,2023,Y,2025-12-22,3540000,인천광역시 부평구
GS25 부흥중앙점,인천광역시,부평구,28237,인천광역시 부평구 부흥북로15번길 4,인천광역시 부평구 부평동 433-107,37.5016558,126.7237915,,인천부평경찰서,2023,Y,2025-12-22,3540000,인천광역시 부평구
CU 부개점,인천광역시,부평구,28237,"인천광역시 부평구 부흥로 420, 105호, 106호",인천광역시 부평구 부개동 502-5,37.4973302,126.7386472,032-361-0042,인천삼산경찰서,2023,Y,2025-12-22,3540000,인천광역시 부평구
세븐일레븐 인천U1센터점,인천광역시,부평구,28237,"인천광역시 부평구 주부토로 236, 인천U1센터 A150호",인천광역시 부평구 갈산동 94,37.51522301,126.7272319,1577-0711,인천삼산경찰서,2023,Y,2025-12-22,3540000,인천광역시 부평구
CU 갈산지웰점,인천광역시,부평구,28237,인천광역시 부평구 주부토로249번길 17,인천광역시 부평구 갈산동 171,37.51691219,126.7262463,032-522-0252,인천삼산경찰서,2023,Y,2025-12-22,3540000,인천광역시 부평구
이마트24 갈산금강점,인천광역시,부평구,28237,"인천광역시 부평구 주부토로 223, 금강프라자 106호",인천광역시 부평구 갈산동 171-11,37.5151439,126.725801,070-7780-6287,인천삼산경찰서,2023,Y,2025-12-22,3540000,인천광역시 부평구
GS25 부개1동점,인천광역시,부평구,28237,"인천광역시 부평구 동수로 162, 1층",인천광역시 부평구 부개동 259,37.4853142,126.7365979,032-522-7362,인천삼산경찰서,2023,Y,2025-12-22,3540000,인천광역시 부평구
GS25 부평이즈뷰점,인천광역시,부평구,28237,인천광역시 부평구 주부토로65번길 19,인천광역시 부평구 부평동 437-2,37.5008678,126.7241755,,인천부평경찰서,2023,Y,2025-12-22,3540000,인천광역시 부평구
GS25 부평센터점,인천광역시,부평구,28237,인천광역시 부평구 장제로195번길 37,인천광역시 부평구 부평동 10-30,37.5030849,126.7286211,032-662-3088,인천부평경찰서,2023,Y,2025-12-22,3540000,인천광역시 부평구
GS25 부평포인트점,인천광역시,부평구,28237,인천광역시 부평구 부흥로366번길 17,인천광역시 부평구 부평동 156-15,37.49713771,126.7325296,,인천삼산경찰서,2023,Y,2025-12-22,3540000,인천광역시 부평구
CU 부평스타점,인천광역시,부평구,28237,인천광역시 부평구 부일로19번길 10,인천광역시 부평구 부평동 491-1,37.4905417,126.732718,,인천삼산경찰서,2023,Y,2025-12-22,3540000,인천광역시 부평구
GS25 부평역사점,인천광역시,부평구,28237,인천광역시 부평구 광장로 16,인천광역시 부평구 부평동 738-21,37.48956767,126.7233506,032-516-1913,인천부평경찰서,2023,Y,2025-12-22,3540000,인천광역시 부평구
CU 부평아뜨리에점,인천광역시,부평구,28237,인천광역시 부평구 경원대로 1346,인천광역시 부평구 부평동 534-92,37.49089864,126.7185161,032-505-0576,인천부평경찰서,2023,Y,2025-12-22,3540000,인천광역시 부평구
CU 부평여고점,인천광역시,부평구,28237,인천광역시 부평구 부흥로243번길 39,인천광역시 부평구 부평동 65-7,37.50037018,126.718248,080-999-5425,인천부평경찰서,2023,Y,2025-12-22,3540000,인천광역시 부평구
CU 동수향기점,인천광역시,부평구,28237,인천광역시 부평구 안남로11번길 6,인천광역시 부평구 부평동 756-138,37.4856638,126.7161698,,인천부평경찰서,2023,Y,2025-12-22,3540000,인천광역시 부평구
CU 부평벨리온점,인천광역시,부평구,28237,인천광역시 부평구 부평대로 153,인천광역시 부평구 부평동 954,37.5051131,126.7208191,032-502-0564,인천부평경찰서,2023,Y,2025-12-22,3540000,인천광역시 부평구
GS25 부평부흥점,인천광역시,부평구,28237,인천광역시 부평구 시장로 69,인천광역시 부평구 부평동 222-13,37.4965084,126.7284226,080-999-5425,인천부평경찰서,2023,Y,2025-12-22,3540000,인천광역시 부평구
GS25 부평스위트점,인천광역시,부평구,28237,인천광역시 부평구 부흥북로 88,인천광역시 부평구 부평동 119-2,37.50076296,126.7319066,,인천삼산경찰서,2023,Y,2025-12-22,3540000,인천광역시 부평구
GS25 부평타운점,인천광역시,부평구,28237,인천광역시 부평구 부흥북로72번길 11,인천광역시 부평구 부평동 377-24,37.5004624,126.7300523,080-999-5425,인천부평경찰서,2023,Y,2025-12-22,3540000,인천광역시 부평구
GS25 부평그랜드점,인천광역시,부평구,28237,인천광역시 부평구 신트리로 22번길 8,인천광역시 부평구 부평동 883-7,37.50543945,126.7234816,032-361-2522,인천부평경찰서,2023,Y,2025-12-22,3540000,인천광역시 부평구
GS25 부평창조점,인천광역시,부평구,28237,인천광역시 부평구 부흥로303번길 14,인천광역시 부평구 부평동 416-38,37.49908085,126.7258738,080-999-5425,인천부평경찰서,2023,Y,2025-12-22,3540000,인천광역시 부평구
세븐일레븐 산곡사랑점,인천광역시,부평구,28237,인천광역시 부평구 부영로 161,인천광역시 부평구 산곡동 294-134,37.49950008,126.7158278,032-508-2550,인천부평경찰서,2022,Y,2025-12-22,3540000,인천광역시 부평구
세븐일레븐 부평청천점,인천광역시,부평구,28237,"인천광역시 부평구 부평대로 165, 이오빌딩",인천광역시 부평구 청천동 302-65,37.50621321,126.7205803,032-205-8962,인천부평경찰서,2022,Y,2025-12-22,3540000,인천광역시 부평구
GS25 산곡경남점,인천광역시,부평구,28237,"인천광역시 부평구 부흥로 173번길 78, 101호",인천광역시 부평구 산곡동 274-3,37.50232187,126.7114239,080-999-5425,인천부평경찰서,2022,Y,2025-12-22,3540000,인천광역시 부평구
세븐일레븐 산곡오남프라자점,인천광역시,부평구,28237,"인천광역시 부평구 부영로 189번길 51, 106호",인천광역시 부평구 산곡동 281-5,37.5021383,126.7129915,,인천부평경찰서,2022,Y,2025-12-22,3540000,인천광역시 부평구
세븐일레븐 부평궁전점,인천광역시,부평구,28237,인천광역시 부평구 부평대로 165번길 90,인천광역시 부평구 부평동 799-18,37.50402596,126.7168267,1577-0711,인천부평경찰서,2022,Y,2025-12-22,3540000,인천광역시 부평구
CU 부평한라비발디점,인천광역시,부평구,28237,인천광역시 부평구 대정로 7,인천광역시 부평구 부평동 374-1,37.497954,126.723537,,인천부평경찰서,2022,Y,2025-12-22,3540000,인천광역시 부평구
GS25 부평파리상뜨점,인천광역시,부평구,28237,"인천광역시 부평구 부평대로152, 106호",인천광역시 부평구 부평동 417-16,37.50515258,126.7217263,080-999-5425,인천삼산경찰서,2022,Y,2025-12-22,3540000,인천광역시 부평구
CU 부평갈산2동점,인천광역시,부평구,28237,"인천광역시 부평구 갈월서로 10, (갈산동) 1층",인천광역시 부평구 갈산동 377,37.5083083,126.7229372,032-507-4939,인천삼산경찰서,2022,Y,2025-12-22,3540000,인천광역시 부평구
여성권익시설 여성긴급전화1366센터(2),인천광역시,부평구,28237,"인천광역시 부평구 백범로 577번길 20, 경인센타 5층(상담실)",인천광역시 부평구 십정동 562-3,37.47459279,126.6891499,032-862-1366,인천부평경찰서,2022,Y,2025-12-22,3540000,인천광역시 부평구
여성권익시설 여성긴급전화1366센터(1),인천광역시,부평구,28237,"인천광역시 부평구 백범로 577번길 20, 경인센타 5층(상담실)",인천광역시 부평구 십정동 562-3,37.47459279,126.6891499,032-862-1366,인천부평경찰서,2022,Y,2025-12-22,3540000,인천광역시 부평구
CU 갈산중앙점,인천광역시,부평구,28237,인천광역시 부평구 평천로 286,인천광역시 부평구 갈산동 177,37.51646815,126.722222,,인천삼산경찰서,2021,Y,2025-12-22,3540000,인천광역시 부평구
GS25 삼산하이존점,인천광역시,부평구,28237,"인천광역시 부평구 체육관로32, 104호(삼산동)",인천광역시 부평구 삼산동 459-2,37.50828837,126.7351484,,인천삼산경찰서,2021,Y,2025-12-22,3540000,인천광역시 부평구
GS25 삼산평천로점,인천광역시,부평구,28237,"인천광역시 부평구 평천로506번길14, 1층",인천광역시 부평구 삼산동 449-14,37.51605779,126.7466466,080-999-5425,인천삼산경찰서,2021,Y,2025-12-22,3540000,인천광역시 부평구
GS25 삼산광명점,인천광역시,부평구,28237,"인천광역시 부평구 후정동로68, 1층",인천광역시 부평구 삼산동 359-2,37.52293319,126.7384381,032-505-7038,인천삼산경찰서,2021,Y,2025-12-22,3540000,인천광역시 부평구
CU 산곡향기,인천광역시,부평구,28237,"인천광역시 부평구 마장로 250(산곡동,신일빌딩)",인천광역시 부평구 산곡동 251-1,37.50021932,126.7030079,032-522-3969,인천부평경찰서,2021,Y,2025-12-22,3540000,인천광역시 부평구
CU 인천산곡본점,인천광역시,부평구,28237,인천광역시 부평구 화랑북로21번길 2(산곡동),인천광역시 부평구 산곡동 317-82,37.49589341,126.7054127,032-215-8745,인천부평경찰서,2021,Y,2025-12-22,3540000,인천광역시 부평구
CU 삼산주차타워점,인천광역시,부평구,28237,인천광역시 부평구 충선로203번길 58(삼산동),인천광역시 부평구 삼산동 463-1,37.50762164,126.7330337,032-522-7774,인천삼산경찰서,2021,Y,2025-12-22,3540000,인천광역시 부평구
CU 삼산엠코타운점,인천광역시,부평구,28237,"인천광역시 부평구 후정로 7(삼산동,부평삼산엠코타운)",인천광역시 부평구 삼산동 494,37.52060319,126.7338347,032-512-0221,인천삼산경찰서,2021,Y,2025-12-22,3540000,인천광역시 부평구
GS25대전대학사점,대전광역시,동구,30110,대전광역시 동구 대학로 62-60,대전광역시 동구 용운동 603,36.33759832,127.4578732,042-251-4514,동부서상황실,2017,Y,2025-07-01,3640000,대전광역시 동구
GS25 대전대학로,대전광역시,동구,30110,대전광역시 동구 대학로 33 혜성빌딩,대전광역시 동구 용운동 717,36.33301033,127.4549643,042-251-4514,동부서상황실,2017,Y,2025-07-01,3640000,대전광역시 동구
세븐일레븐 대전대정문점,대전광역시,동구,30110,대전광역시 동구 새울로 123번길 38-29,대전광역시 동구 용운동 180-1,36.33084765,127.4610164,042-251-4514,동부서상황실,2017,Y,2025-07-01,3640000,대전광역시 동구
GS25 뉴대전인동점,대전광역시,동구,30110,대전광역시 동구 인창로 60,대전광역시 동구 인동 27-1,36.3237834,127.4359497,042-251-4514,동부서상황실,2017,Y,2025-07-01,3640000,대전광역시 동구
GS25 성남스마트점,대전광역시,동구,30110,대전광역시 동구 성남로 15 휴먼시아 1층,대전광역시 동구 성남동 528,36.34304284,127.4339175,042-251-4514,동부서상황실,2017,Y,2025-07-01,3640000,대전광역시 동구
GS25 대전성남점,대전광역시,동구,30110,대전광역시 동구 계족로 392번길 52,대전광역시 동구 성남동 497-1,36.34757386,127.4353442,042-251-4514,동부서상황실,2017,Y,2025-07-01,3640000,대전광역시 동구
GS25 대전삼성점,대전광역시,동구,30110,대전광역시 동구 대전천북로 88,대전광역시 동구 삼성동 330-13,36.33909905,127.4196203,042-251-4514,동부서상황실,2017,Y,2025-07-01,3640000,대전광역시 동구
GS25 낭월제일점,대전광역시,동구,30110,대전광역시 동구 산내로 1375 오투그란데 아파트,대전광역시 동구 낭월동 304,36.28752015,127.4641525,042-251-4514,동부서상황실,2017,Y,2025-07-01,3640000,대전광역시 동구
GS25 대전낭월점,대전광역시,동구,30110,대전광역시 동구 산내로 1305번길 1,대전광역시 동구 낭월동 592,36.27986783,127.4680672,042-251-4514,동부서상황실,2017,Y,2025-07-01,3640000,대전광역시 동구
GS25 가오은어송점,대전광역시,동구,30110,대전광역시 동구 은어송로 116 은어송마을4단지아파트,대전광역시 동구 가오동 555,36.31027658,127.4620485,042-251-4514,동부서상황실,2017,Y,2025-07-01,3640000,대전광역시 동구
GS25 보건점,대전광역시,동구,30110,대전광역시 동구 충정로 32,대전광역시 동구 가양동 147-7,36.3482885,127.454581,042-251-4514,동부서상황실,2017,Y,2025-07-01,3640000,대전광역시 동구
GS25 우송대서문점,대전광역시,동구,30110,대전광역시 동구 가양남로 32,대전광역시 동구 가양동 356-1,36.33872154,127.4445536,042-251-4514,동부서상황실,2017,Y,2025-07-01,3640000,대전광역시 동구
세븐일레븐 대전가양보건점,대전광역시,동구,30110,대전광역시 동구 우암로 326번길 14,대전광역시 동구 가양동 161-5,36.34780344,127.4517866,042-251-4514,동부서상황실,2017,Y,2025-07-01,3640000,대전광역시 동구
세븐일레븐 가양사랑점,대전광역시,동구,30110,대전광역시 동구 동중앙로 117,대전광역시 동구 가양동 182-5,36.3418067,127.4478607,042-251-4515,동부서상황실,2018,Y,2025-07-01,3640000,대전광역시 동구
대동하늘공원,대전광역시,동구,30110,대전광역시 동구 대동1-641,대전광역시 동구 대동1-641,36.33171504,127.4515649,042-251-4514,동부서상황실,2017,Y,2025-07-01,3640000,대전광역시 동구
GS25 대전자양로점,대전광역시,동구,30110,대전광역시 동구 한밭대로 1290,대전광역시 동구 용전동 66-3,36.35349257,127.4386441,042-251-4514,동부서상황실,2017,Y,2025-07-01,3640000,대전광역시 동구
세븐일레븐 새피앙점,대전광역시,동구,30110,대전광역시 동구 홍도로 46,대전광역시 동구 용전동 82-9,36.35015497,127.4284849,042-251-4514,동부서상황실,2017,Y,2025-07-01,3640000,대전광역시 동구
GS25 복합터미널1호점,대전광역시,동구,30110,대전광역시 동구 동서대로 1689 대전복합터미널,대전광역시 동구 용전동 63-34,36.35031101,127.4366949,042-251-4514,동부서상황실,2017,Y,2025-07-01,3640000,대전광역시 동구
세븐일레븐 대전대하늘점,대전광역시,동구,30110,대전광역시 동구 새울로109번길 46,대전광역시 동구 용운동 289-11,36.32862295,127.4593276,042-251-4514,동부서상황실,2017,Y,2025-07-01,3640000,대전광역시 동구
GS25 판암점,대전광역시,동구,30110,대전광역시 동구 동부로 73번길 25,대전광역시 동구 용운동 401-10,36.32329179,127.4602776,042-251-4514,동부서상황실,2017,Y,2025-07-01,3640000,대전광역시 동구
GS25 용운센터점,대전광역시,동구,30110,대전광역시 동구 새울로 103-1번지,대전광역시 동구 용운동 305-3,36.32767447,127.4615735,042-251-4514,동부서상황실,2017,Y,2025-07-01,3640000,대전광역시 동구
GS25 뉴대전대정문점,대전광역시,동구,30110,대전광역시 동구 용운로 147번길 93,대전광역시 동구 용운동 174-20,36.33093978,127.4614613,042-251-4514,동부서상황실,2017,Y,2025-07-01,3640000,대전광역시 동구
미니스톱 길동현대점,서울특별시,강동구,11740,서울특별시 강동구 명일로200-34,서울특별시 강동구 길동 470-1,37.53694861,127.1476683,,길동지구대,,Y,2023-08-18,3240000,서울특별시 강동구
GS25 성내한빛,서울특별시,강동구,11740,서울특별시 강동구 천호대로168길 25,서울특별시 강동구 성내동 196-8,37.53468848,127.1328468,02-488-3969,성내지구대,,Y,2023-08-18,3240000,서울특별시 강동구
CU 강일5단지점,서울특별시,강동구,11740,서울특별시 강동구 아리수로97길 20,서울특별시 강동구 강일동 670,37.56851355,127.1781387,02-428-1186,강일지구대,,Y,2023-08-18,3240000,서울특별시 강동구
씨스페이스 강동상일점,서울특별시,강동구,11740,서울특별시 강동구 천호대로1469,서울특별시 강동구 상일동 437-8,37.5464168,127.1713147,02-426-4935,상일지구대,,Y,2023-08-18,3240000,서울특별시 강동구
세븐일레븐 고덕광문점,서울특별시,강동구,11740,서울특별시 강동구 동남로81길 10,서울특별시 강동구 고덕동 501-4,37.5606516,127.1561175,02-442-7172,고덕지구대,,N,2023-08-18,3240000,서울특별시 강동구
GS25 고덕,서울특별시,강동구,11740,서울특별시 강동구 동남로81길 44,서울특별시 강동구 고덕동 503,37.56001982,127.1545091,02-429-4153,고덕지구대,,Y,2023-08-18,3240000,서울특별시 강동구
세븐일레븐 강동고덕점,서울특별시,강동구,11740,서울특별시 강동구 동남로75길 13-25,서울특별시 강동구 명일동 47-16,37.5530312,127.1554565,02-426-1746,명일지구대,,Y,2023-08-18,3240000,서울특별시 강동구
세븐일레븐 명일점,서울특별시,강동구,11740,서울특별시 강동구 양재대로1655,서울특별시 강동구 명일동 306-5,37.5533158,127.1439183,02-441-9623,명일지구대,,Y,2023-08-18,3240000,서울특별시 강동구
세븐일레븐 명일삼익점,서울특별시,강동구,11740,서울특별시 강동구 양재대로128길 47,서울특별시 강동구 명일동 350-4,37.54450894,127.1454636,02-426-7814,명일지구대,,Y,2023-08-18,3240000,서울특별시 강동구
미니스톱 명일스타점,서울특별시,강동구,11740,서울특별시 강동구 고덕로38길 64,서울특별시 강동구 명일동 312-140,37.5517026,127.142414,02-427-3120,명일지구대,,Y,2023-08-18,3240000,서울특별시 강동구
세븐일레븐 길동4호점,서울특별시,강동구,11740,서울특별시 강동구 명일로210,서울특별시 강동구 길동 142-2,37.537263,127.1460832,02-484-8315,길동지구대,,N,2023-08-18,3240000,서울특별시 강동구
세븐일레븐 길동제일점,서울특별시,강동구,11740,서울특별시 강동구 천호대로1203,서울특별시 강동구 길동 148-2,37.53540255,127.1447004,02-485-7637,길동지구대,,Y,2023-08-18,3240000,서울특별시 강동구
세븐일레븐 길동으뜸점,서울특별시,강동구,11740,서울특별시 강동구 천중로49길 26,서울특별시 강동구 길동338-3,37.5420442,127.1431272,02-484-7506,길동지구대,,Y,2023-08-18,3240000,서울특별시 강동구
세븐일레븐 길동와이시티점,서울특별시,강동구,11740,서울특별시 강동구 천호대로175길 42,서울특별시 강동구 길동 414-4,37.53650327,127.1374255,02-476-3434,길동지구대,,Y,2023-08-18,3240000,서울특별시 강동구
세븐일레븐 길동스위트점,서울특별시,강동구,11740,서울특별시 강동구 양재대로111길 15,서울특별시 강동구 길동 413-1,37.53698126,127.1385858,02-487-1650,길동지구대,,Y,2023-08-18,3240000,서울특별시 강동구
세븐일레븐 강동길동점,서울특별시,강동구,11740,서울특별시 강동구 양재대로113길 22,서울특별시 강동구 길동 379-18,37.5382315,127.138742,02-477-2622,길동지구대,,Y,2023-08-18,3240000,서울특별시 강동구
GS25 길동삼익,서울특별시,강동구,11740,서울특별시 강동구 명일로275,서울특별시 강동구 길동 48,37.54333138,127.147576,,길동지구대,,Y,2023-08-18,3240000,서울특별시 강동구
GS25 우성스타,서울특별시,강동구,11740,서울특별시 강동구 양재대로114길 31,서울특별시 강동구 길동 393-7,37.53761173,127.1417854,02-474-4994,길동지구대,,Y,2023-08-18,3240000,서울특별시 강동구
GS25 길동하이브,서울특별시,강동구,11740,서울특별시 강동구 진황도로100,서울특별시 강동구 길동 456-2,37.5353382,127.1373813,02-420-4474,길동지구대,,Y,2023-08-18,3240000,서울특별시 강동구
CU 길동마루,서울특별시,강동구,11740,서울특별시 강동구 양재대로1465,서울특별시 강동구 길동 412-8,37.5368082,127.1393134,02-475-2595,길동지구대,,Y,2023-08-18,3240000,서울특별시 강동구
GS25 둔촌프라자,서울특별시,강동구,11740,서울특별시 강동구 천호대로198길 32,서울특별시 강동구 둔촌동 611-1,37.53453704,127.1480484,02-484-7264,둔촌지구대,,Y,2023-08-18,3240000,서울특별시 강동구
GS25 암사현대,서울특별시,강동구,11740,서울특별시 강동구 고덕로27길 28,서울특별시 강동구 암사동 400-5,37.5559112,127.1380327,02-426-8549,암사지구대,,Y,2023-08-18,3240000,서울특별시 강동구
CU 암사한강점,서울특별시,강동구,11740,서울특별시 강동구 올림픽로104길 36,서울특별시 강동구 암사동 442-1,37.55547042,127.1316795,02-429-6359,암사지구대,,Y,2023-08-18,3240000,서울특별시 강동구
세븐일레븐 암사희망점,서울특별시,강동구,11740,서울특별시 강동구 암사길25,서울특별시 강동구 암사동 469-17,37.551753,127.1320257,02-426-2385,암사지구대,,Y,2023-08-18,3240000,서울특별시 강동구
GS25 암사햇살,서울특별시,강동구,11740,서울특별시 강동구 구천면로47가길 33,서울특별시 강동구 암사동 490-29,37.5489289,127.1328495,02-3426-5090,암사지구대,,Y,2023-08-18,3240000,서울특별시 강동구
GS25 암사우성,서울특별시,강동구,11740,서울특별시 강동구 구천면로361,서울특별시 강동구 암사동 422-13,37.55077724,127.1386887,02-428-7142,암사지구대,,N,2023-08-18,3240000,서울특별시 강동구
GS25 암사시장,서울특별시,강동구,11740,서울특별시 강동구 올림픽로98길 50,서울특별시 강동구 암사동 496-11,37.5499258,127.1296102,,암사지구대,,Y,2023-08-18,3240000,서울특별시 강동구
GS25 암사성모,서울특별시,강동구,11740,서울특별시 강동구 암사길54,서울특별시 강동구 암사동 478,37.55182627,127.1353017,02-441-6323,암사지구대,,N,2023-08-18,3240000,서울특별시 강동구
GS25 강동암사,서울특별시,강동구,11740,서울특별시 강동구 고덕로20마길 29,서울특별시 강동구 암사동 469-30,37.5521612,127.1320255,070-7559-9279,암사지구대,,Y,2023-08-18,3240000,서울특별시 강동구
GS25 천호후레쉬,서울특별시,강동구,11740,서울특별시 강동구 천중로35길 11,서울특별시 강동구 천호동 112-5,37.5417564,127.1372655,02-475-2177,천호지구대,,Y,2023-08-18,3240000,서울특별시 강동구
세븐일레븐 천호역점,서울특별시,강동구,11740,서울특별시 강동구 올림픽로 654,서울특별시 강동구 천호동 429-2,37.53985894,127.1240846,02-474-3969,천호지구대,,Y,2023-08-18,3240000,서울특별시 강동구
세븐일레븐 천호쌍용점,서울특별시,강동구,11740,서울특별시 강동구 올림픽로659,서울특별시 강동구 천호동 432-10,37.54030638,127.1235413,02-472-4610,천호지구대,,Y,2023-08-18,3240000,서울특별시 강동구
미니스톱 천호현대점,서울특별시,강동구,11740,서울특별시 강동구 올림픽로70길 39,서울특별시 강동구 천호동 416-3,37.53935246,127.1258986,02-471-0213,천호지구대,,Y,2023-08-18,3240000,서울특별시 강동구
GS25 천호역,서울특별시,강동구,11740,서울특별시 강동구 올림픽로 651,서울특별시 강동구 천호동 431-4,37.5397441,127.123315,02-471-3989,천호지구대,,Y,2023-08-18,3240000,서울특별시 강동구
CU 천호고분,서울특별시,강동구,11740,서울특별시 강동구 구천면로33길 11,서울특별시 강동구 천호동 398-3,37.5423248,127.1303551,,천호지구대,,Y,2023-08-18,3240000,서울특별시 강동구
GS25 천호중앙점,서울특별시,강동구,11740,서울특별시 강동구 상암로162,서울특별시 강동구 천호동 39-14,37.54576919,127.140448,02-479-4648,천호지구대,,Y,2023-08-18,3240000,서울특별시 강동구
GS25 천호타운,서울특별시,강동구,11740,서울특별시 강동구 천중로35길 66,서울특별시 강동구 천호동 48-1,37.54400182,127.1385731,02-427-4222,천호지구대,,Y,2023-08-18,3240000,서울특별시 강동구
GS25 성내삼성점,서울특별시,강동구,11740,서울특별시 강동구 풍성로135,서울특별시 강동구 성내동 276-2,37.531525,127.1272061,02-475-0441,성내지구대,,Y,2023-08-18,3240000,서울특별시 강동구
CU 강풀만화거리점,서울특별시,강동구,11740,서울특별시 강동구 천호대로1034,서울특별시 강동구 성내동 9-14,37.53720715,127.1267613,02-478-4282,성내지구대,,Y,2023-08-18,3240000,서울특별시 강동구
세븐일레븐 강동오륜점,서울특별시,강동구,11740,서울특별시 강동구 양재대로81길 30,서울특별시 강동구 성내동 442-10,37.52320993,127.132659,02-470-1544,성내지구대,,Y,2023-08-18,3240000,서울특별시 강동구
GS25 둔촌역,서울특별시,강동구,11740,서울특별시 강동구 양재대로1367,서울특별시 강동구 성내동 416-4,37.52830949,127.1359081,02-476-7470,성내지구대,,Y,2023-08-18,3240000,서울특별시 강동구
GS25 성내하이츠,서울특별시,강동구,11740,서울특별시 강동구 양재대로95길 47,서울특별시 강동구 성내동 410-4,37.53060359,127.1342117,02-483-5866,성내지구대,,Y,2023-08-18,3240000,서울특별시 강동구
GS25 성내제일,서울특별시,강동구,11740,서울특별시 강동구 천호대로170길 66,서울특별시 강동구 성내동 501-21,37.53260267,127.1320298,02-470-2006,성내지구대,,Y,2023-08-18,3240000,서울특별시 강동구
GS25 성내이안,서울특별시,강동구,11740,서울특별시 강동구 천호대로162길 34,서울특별시 강동구 성내동 25-1,37.53557687,127.1279515,02-482-4842,성내지구대,,Y,2023-08-18,3240000,서울특별시 강동구
GS25 성내신공원,서울특별시,강동구,11740,서울특별시 강동구 성안로13길 38,서울특별시 강동구 성내동 505-4,37.5318445,127.1302143,02-486-3945,성내지구대,,Y,2023-08-18,3240000,서울특별시 강동구
GS25 성내스타,서울특별시,강동구,11740,서울특별시 강동구 풍성로37길 41,서울특별시 강동구 성내동 139-4,37.53371897,127.1263146,02-475-1816,성내지구대,,N,2023-08-18,3240000,서울특별시 강동구
CU 성내새빛점,서울특별시,강동구,11740,서울특별시 강동구 천호옛12길 18,서울특별시 강동구 성내동135-1,37.53471818,127.1254483,02-472-5524,성내지구대,,Y,2023-08-18,3240000,서울특별시 강동구
세븐일레븐 성내삼성점,서울특별시,강동구,11740,서울특별시 강동구 성내로9길 35,서울특별시 강동구 성내동 534-7,37.5304459,127.1250701,02-470-2149,성내지구대,,Y,2023-08-18,3240000,서울특별시 강동구
씨유연수롯데점,인천광역시,연수구,23040,인천광역시 연수구 먼우금로 161번길 12,,37.41319821,126.673916,,인천연수경찰서,2021,Y,2025-11-30,3520000,인천광역시 연수구
세븐일레븐인천송도2호점,인천광역시,연수구,23040,인천광역시 연수구 능허대로 209-1,,37.41715514,126.6506187,,인천연수경찰서,2021,Y,2025-11-30,3520000,인천광역시 연수구
GS25옥련백산점,인천광역시,연수구,23040,인천광역시 연수구 독배로 25,,37.42302276,126.644647,,인천연수경찰서,2021,Y,2025-11-30,3520000,인천광역시 연수구
GS25송도라마다점,인천광역시,연수구,23040,인천광역시 연수구 능허대로 267번길 29,,37.41420561,126.6553568,,인천연수경찰서,2021,Y,2025-11-30,3520000,인천광역시 연수구
씨유옥련현대점,인천광역시,연수구,23040,인천광역시 연수구 한나루로 105번길 68,,37.4257934,126.6508212,,인천연수경찰서,2021,Y,2025-11-30,3520000,인천광역시 연수구
세븐일레븐송도드림점,인천광역시,연수구,23040,인천광역시 연수구 컨벤시아대로 81,,37.39494231,126.650165,,인천연수경찰서,2021,Y,2025-11-30,3520000,인천광역시 연수구
세븐일레븐연수프라자점,인천광역시,연수구,23040,인천광역시 연수구 먼우금로 190,,37.41405348,126.6767147,,인천연수경찰서,2021,Y,2025-11-30,3520000,인천광역시 연수구
GS25청학현대점,인천광역시,연수구,23040,인천광역시 연수구 계림로 35번길 58,,37.42837692,126.6686149,,인천연수경찰서,2021,Y,2025-11-30,3520000,인천광역시 연수구
GS25송도유원지점,인천광역시,연수구,23040,인천광역시 연수구 능허대로 203,,37.41770267,126.6508575,,인천연수경찰서,2021,Y,2025-11-30,3520000,인천광역시 연수구
세븐일레븐세븐일레븐 송정프라자점,인천광역시,연수구,23040,인천광역시 연수구 해돋이로168,,37.39542472,126.6452079,032-831-4571,인천연수경찰서,2018,Y,2025-11-30,3520000,인천광역시 연수구
세븐일레븐세븐일레븐 연수동남점,인천광역시,연수구,23040,인천광역시 연수구 먼우금로19,,37.40072243,126.6674321,032-815-5081,인천연수경찰서,2018,Y,2025-11-30,3520000,인천광역시 연수구
세븐일레븐세븐일레븐 송도역점,인천광역시,연수구,23040,인천광역시 연수구 비류대로 184,,37.4278345,126.6550154,032-832-8885,인천연수경찰서,2018,Y,2025-11-30,3520000,인천광역시 연수구
세븐일레븐세븐일레븐 청학서해점,인천광역시,연수구,23040,인천광역시 연수구 미추홀대로251번길 9,,37.42136929,126.667142,032-833-6701,인천연수경찰서,2018,Y,2025-11-30,3520000,인천광역시 연수구
씨유청학타운점,인천광역시,연수구,23040,,인천광역시 연수구 청학동496,37.4182162,126.6763991,,인천연수경찰서,2018,Y,2025-11-30,3520000,인천광역시 연수구
씨유현대송도하이웨이점,인천광역시,연수구,23040,,인천광역시 연수구 옥련동304-7,37.42823053,126.6567443,,인천연수경찰서,2018,Y,2025-11-30,3520000,인천광역시 연수구
씨유송도힐스테이트점,인천광역시,연수구,23040,,인천광역시 연수구 송도동21-59,37.39660192,126.6495932,,인천연수경찰서,2018,Y,2025-11-30,3520000,인천광역시 연수구
씨유송도푸르지오시티점,인천광역시,연수구,23040,,인천광역시 연수구 송도동83,37.395285,126.6312868,,인천연수경찰서,2018,Y,2025-11-30,3520000,인천광역시 연수구
씨유동춘삼환점,인천광역시,연수구,23040,,인천광역시 연수구 동춘동925-7,37.40648656,126.6782948,,인천연수경찰서,2018,Y,2025-11-30,3520000,인천광역시 연수구
씨유현대인천대교점,인천광역시,연수구,23040,,인천광역시 연수구 동춘동913-4,37.3965395,126.6615565,,인천연수경찰서,2018,Y,2025-11-30,3520000,인천광역시 연수구
씨유연수역점,인천광역시,연수구,23040,,인천광역시 연수구 연수동592,37.4170187,126.6780913,,인천연수경찰서,2018,Y,2025-11-30,3520000,인천광역시 연수구
씨유동춘제일점,인천광역시,연수구,23040,,인천광역시 연수구 동춘동937,37.4086239,126.6708042,,인천연수경찰서,2018,Y,2025-11-30,3520000,인천광역시 연수구
씨유송도점,인천광역시,연수구,23040,,인천광역시 연수구 옥련동540-4,37.4186014,126.6514322,,인천연수경찰서,2018,Y,2025-11-30,3520000,인천광역시 연수구
씨유동춘현대점,인천광역시,연수구,23040,,인천광역시 연수구 동춘동928,37.40350018,126.675868,,인천연수경찰서,2018,Y,2025-11-30,3520000,인천광역시 연수구
씨유동춘풍림점,인천광역시,연수구,23040,,인천광역시 연수구 동춘동929,37.40029851,126.6730899,,인천연수경찰서,2018,Y,2025-11-30,3520000,인천광역시 연수구
씨유동춘그랜드점,인천광역시,연수구,23040,,인천광역시 연수구 동춘동 933,37.4072527,126.6721424,,인천연수경찰서,2018,Y,2025-11-30,3520000,인천광역시 연수구
씨유청학현대점,인천광역시,연수구,23040,,인천광역시 연수구 청학동 551-3,37.4275539,126.6693872,,인천연수경찰서,2018,Y,2025-11-30,3520000,인천광역시 연수구
씨유연수대림점,인천광역시,연수구,23040,,인천광역시 연수구 연수동532,37.4213638,126.6958727,,인천연수경찰서,2018,Y,2025-11-30,3520000,인천광역시 연수구
씨유연수함박점,인천광역시,연수구,23040,,인천광역시 연수구 연수동525-7,37.42428226,126.6859021,,인천연수경찰서,2018,Y,2025-11-30,3520000,인천광역시 연수구
씨유송도아트윈점,인천광역시,연수구,23040,,인천광역시 연수구 송도동33-1,37.3931345,126.6328644,,인천연수경찰서,2018,Y,2025-11-30,3520000,인천광역시 연수구
씨유송도뉴타운점,인천광역시,연수구,23040,,인천광역시 연수구 송도동3-5,37.39494624,126.6515593,,인천연수경찰서,2018,Y,2025-11-30,3520000,인천광역시 연수구
씨유송도파크게이트점,인천광역시,연수구,23040,,인천광역시 연수구 송도동23-5,37.39319481,126.6431451,,인천연수경찰서,2018,Y,2025-11-30,3520000,인천광역시 연수구
씨유송도포스코1호점,인천광역시,연수구,23040,,인천광역시 연수구 송도동4-1,37.39254165,126.6476788,,인천연수경찰서,2018,Y,2025-11-30,3520000,인천광역시 연수구
씨유송도자이점,인천광역시,연수구,23040,,인천광역시 연수구 송도동19-6,37.39626737,126.6425794,,인천연수경찰서,2018,Y,2025-11-30,3520000,인천광역시 연수구
이마트24송도이든점,인천광역시,연수구,23040,,인천광역시 연수구 송도동 10-94,37.38168605,126.6406878,,인천연수경찰서,2022,Y,2025-11-30,3520000,인천광역시 연수구
이마트24송도캐슬센트럴점,인천광역시,연수구,23040,인천광역시 연수구 하모니로138번길 11,,37.3849626,126.6428001,,인천연수경찰서,2022,Y,2025-11-30,3520000,인천광역시 연수구
CU송동애니오션점,인천광역시,연수구,23040,인천광역시 연수구 인천타워대로 99,,37.38117862,126.6423042,,인천연수경찰서,2022,Y,2025-11-30,3520000,인천광역시 연수구
GS25연수유천점,인천광역시,연수구,23040,인천광역시 연수구 먼우금로 302,,37.42347342,126.6830711,,인천연수경찰서,2022,Y,2025-11-30,3520000,인천광역시 연수구
CU연수문남점,인천광역시,연수구,23040,인천광역시 연수구 새말로35번길 22,,37.42266259,126.6762521,,인천연수경찰서,2022,Y,2025-11-30,3520000,인천광역시 연수구
CU연수장미점,인천광역시,연수구,23040,인천광역시 연수구 새말로 69번길 20,,37.42055944,126.6783978,,인천연수경찰서,2022,Y,2025-11-30,3520000,인천광역시 연수구
세븐일레븐연수함박점,인천광역시,연수구,23040,인천광역시 연수구 함박뫼로50번길 93,,37.41913761,126.6779898,,인천연수경찰서,2022,Y,2025-11-30,3520000,인천광역시 연수구
세븐일레븐 인천연수역점,인천광역시,연수구,23040,인천광역시 연수구 새말로 88,,37.41865028,126.6791927,,인천연수경찰서,2022,Y,2025-11-30,3520000,인천광역시 연수구
CU송도유원지점,인천광역시,연수구,23040,인천광역시 연수구 능허대로 193,,37.41842005,126.6500611,,인천연수경찰서,2022,Y,2025-11-30,3520000,인천광역시 연수구
GS25연수삼성점,인천광역시,연수구,23040,인천광역시 연수구 원인재로 81,,37.40699487,126.6754458,,인천연수경찰서,2022,Y,2025-11-30,3520000,인천광역시 연수구
GS25연수파크자이점,인천광역시,연수구,23040,,인천광역시 연수구 동춘동 769-17,37.41203155,126.6569099,,인천연수경찰서,2022,Y,2025-11-30,3520000,인천광역시 연수구
GS25동춘태평점,인천광역시,연수구,23040,인천광역시 연수구 앵고개로 206번길 10,,37.41086435,126.6665631,,인천연수경찰서,2022,Y,2025-11-30,3520000,인천광역시 연수구
GS25송도라마다점,인천광역시,연수구,23040,,인천광역시 연수구 동춘동 812-1,37.41420561,126.6553568,,인천연수경찰서,2022,Y,2025-11-30,3520000,인천광역시 연수구
세븐일레븐송도마들렌점,인천광역시,연수구,23040,인천광역시 연수구 능허대로 265,,37.41311942,126.6538705,,인천연수경찰서,2022,Y,2025-11-30,3520000,인천광역시 연수구
이마트24연수로데오점,인천광역시,연수구,23040,인천광역시 연수구 용담로 136,,37.41356097,126.6792869,,인천연수경찰서,2022,Y,2025-11-30,3520000,인천광역시 연수구
세븐일레븐인천연수샘말점,인천광역시,연수구,23040,인천광역시 연수구 샘말로62번길 3,,37.41388619,126.680001,,인천연수경찰서,2022,Y,2025-11-30,3520000,인천광역시 연수구
세븐일레븐연수푸르지오점,인천광역시,연수구,23040,인천광역시 연수구 벚꽃로 130-3,,37.41620815,126.6801185,,인천연수경찰서,2022,Y,2025-11-30,3520000,인천광역시 연수구
GS25연수단비점,인천광역시,연수구,23040,인천광역시 연수구 청능대로 113번길 43,,37.4142302,126.6781792,,인천연수경찰서,2022,Y,2025-11-30,3520000,인천광역시 연수구
세븐일레븐연수파크타운점,인천광역시,연수구,23040,인천광역시 연수구 용담로 115,,37.41511473,126.6778158,,인천연수경찰서,2022,Y,2025-11-30,3520000,인천광역시 연수구
CU송도더샵프라임뷰점,인천광역시,연수구,23040,,인천광역시 연수구 송도동 114,37.38391886,126.6267679,,인천연수경찰서,2022,Y,2025-11-30,3520000,인천광역시 연수구
CU송도더샵퍼스트점,인천광역시,연수구,23040,인천광역시 연수구 컨벤시아대로 252번길 70,,37.38910925,126.6320679,,인천연수경찰서,2022,Y,2025-11-30,3520000,인천광역시 연수구
CU더샵센트럴점,인천광역시,연수구,23040,인천광역시 연수구 센트럴로 194,,37.39378627,126.6418742,,인천연수경찰서,2022,Y,2025-11-30,3520000,인천광역시 연수구
씨유청학청량산점,인천광역시,연수구,23040,인천광역시 연수구 솔샘로 92번길 3,,37.42554289,126.6636465,,인천연수경찰서,2021,Y,2025-11-30,3520000,인천광역시 연수구
씨유연수4단지점,인천광역시,연수구,23040,인천광역시 연수구 비류대로 429,,37.42440958,126.682504,,인천연수경찰서,2021,Y,2025-11-30,3520000,인천광역시 연수구
GS25연수청학점,인천광역시,연수구,23040,인천광역시 연수구 함박로 50,,37.42550289,126.6827482,,인천연수경찰서,2021,Y,2025-11-30,3520000,인천광역시 연수구
GS25옥련현대점,인천광역시,연수구,23040,인천광역시 연수구 한진로 58,,37.42749551,126.6486961,,인천연수경찰서,2021,Y,2025-11-30,3520000,인천광역시 연수구
GS25옥련풍림점,인천광역시,연수구,23040,인천광역시 연수구 한나루로 193번길 3,,37.42645629,126.6564232,,인천연수경찰서,2021,Y,2025-11-30,3520000,인천광역시 연수구
GS25청학용담점,인천광역시,연수구,23040,인천광역시 연수구 청능대로 53번길 32,,37.41811531,126.6740736,,인천연수경찰서,2021,Y,2025-11-30,3520000,인천광역시 연수구
세븐일레븐청학사랑점,인천광역시,연수구,23040,인천광역시 연수구 용담로 74,,37.41759461,126.6742682,,인천연수경찰서,2021,Y,2025-11-30,3520000,인천광역시 연수구
세븐일레븐연수만인점,인천광역시,연수구,23040,인천광역시 연수구 용담로 117번길 41,,37.41658091,126.6785948,,인천연수경찰서,2021,Y,2025-11-30,3520000,인천광역시 연수구
세븐일레븐송도스마트밸리점,인천광역시,연수구,23040,인천광역시 연수구 송도미래로 30,,37.36664055,126.6472802,,인천연수경찰서,2022,Y,2025-11-30,3520000,인천광역시 연수구
CU송도랜드마크시티1호,인천광역시,연수구,23040,인천광역시 연수구 랜드마크로 68,,37.4151351,126.6184226,,인천연수경찰서,2022,Y,2025-11-30,3520000,인천광역시 연수구
CU송도트리플타워점,인천광역시,연수구,23040,,인천광역시 연수구 송도동 169,37.38246235,126.6606644,,인천연수경찰서,2022,Y,2025-11-30,3520000,인천광역시 연수구
GS25송도큐브점,인천광역시,연수구,23040,인천광역시 연수구 송도과학로16번길 13-18,,37.3810207,126.6608134,,인천연수경찰서,2022,Y,2025-11-30,3520000,인천광역시 연수구
이마트24송도아메리칸타운점,인천광역시,연수구,23040,"인천광역시 연수구 송도과학로27번길 15, 104동 126호",,37.38544587,126.6617228,,인천연수경찰서,2022,Y,2025-11-30,3520000,인천광역시 연수구
이마트24연수선학점,인천광역시,연수구,23040,인천광역시 연수구 비류대로 541번길 15,,37.42398548,126.6946482,,인천연수경찰서,2022,Y,2025-11-30,3520000,인천광역시 연수구
세븐일레븐인천선학웅비점,인천광역시,연수구,23040,인천광역시 연수구 넘말로 47번길 11,,37.42946567,126.6965549,,인천연수경찰서,2022,Y,2025-11-30,3520000,인천광역시 연수구
이마트24연수주공점,인천광역시,연수구,23040,"인천광역시 연수구 함박뫼로 221, 연수주공2차아파트 상가 101,102호",,37.41999993,126.6907314,,인천연수경찰서,2022,Y,2025-11-30,3520000,인천광역시 연수구
이마트24연수풍림점,인천광역시,연수구,23040,"인천광역시 연수구 함박뫼로 250, 108호",,37.41790205,126.6915081,,인천연수경찰서,2022,Y,2025-11-30,3520000,인천광역시 연수구
CU연수시영승기점,인천광역시,연수구,23040,인천광역시 연수구 원인재로 212,,37.4150145,126.687503,,인천연수경찰서,2022,Y,2025-11-30,3520000,인천광역시 연수구
이마트24R인천선학점,인천광역시,연수구,23040,인천광역시 연수구 넘말로 55번길 13,,37.42987449,126.6962869,,인천연수경찰서,2022,Y,2025-11-30,3520000,인천광역시 연수구
세븐일레븐선학뉴서울점,인천광역시,연수구,23040,인천광역시 연수구 선학로 101,,37.42561319,126.7006837,,인천연수경찰서,2022,Y,2025-11-30,3520000,인천광역시 연수구
세븐일레븐선학역점,인천광역시,연수구,23040,인천광역시 연수구 경원대로467번길 3,,37.42584101,126.6982563,,인천연수경찰서,2022,Y,2025-11-30,3520000,인천광역시 연수구
GS25송도스마트밸리점,인천광역시,연수구,23040,인천광역시 연수구 송도미래로 30,,37.36664055,126.6472802,,인천연수경찰서,2022,Y,2025-11-30,3520000,인천광역시 연수구
CU송도형지점,인천광역시,연수구,23040,,인천광역시 연수구 송도동 11-2,37.37821211,126.6445309,,인천연수경찰서,2022,Y,2025-11-30,3520000,인천광역시 연수구
세븐일레븐송도타임점,인천광역시,연수구,23040,,인천광역시 연수구 송도동 8-21,37.3832947,126.642256,,인천연수경찰서,2022,Y,2025-11-30,3520000,인천광역시 연수구
CU송도마리나베이점,인천광역시,연수구,23040,인천광역시 연수구 랜드마크로 160,,37.41604387,126.6107415,,인천연수경찰서,2022,Y,2025-11-30,3520000,인천광역시 연수구
GS25동춘힌양점,인천광역시,연수구,23040,인천광역시 연수구 원인재로 88,,37.40648628,126.6782943,,인천연수경찰서,2022,Y,2025-11-30,3520000,인천광역시 연수구
GS25퍼스트파크13점,인천광역시,연수구,23040,,인천광역시 연수구 송도동 20-21,37.39777816,126.6497659,,인천연수경찰서,2022,Y,2025-11-30,3520000,인천광역시 연수구
세븐일레븐송도월드마크점,인천광역시,연수구,23040,인천광역시 연수구 컨벤시아대로 50,,37.39816021,126.6516913,,인천연수경찰서,2022,Y,2025-11-30,3520000,인천광역시 연수구
CU송도더마람츠점,인천광역시,연수구,23040,인천광역시 연수구 신송로 153,,37.39717004,126.6491501,,인천연수경찰서,2022,Y,2025-11-30,3520000,인천광역시 연수구
CU송도더푸라우점,인천광역시,연수구,23040,인천광역시 연수구 컨벤시아대로 42번길 12,,37.39911413,126.6512372,,인천연수경찰서,2022,Y,2025-11-30,3520000,인천광역시 연수구
CU송도에이스점,인천광역시,연수구,23040,인천광역시 연수구 컨벤시아대로42번길 27,,37.39941144,126.6494307,,인천연수경찰서,2022,Y,2025-11-30,3520000,인천광역시 연수구
세븐일레븐송도더프라우점,인천광역시,연수구,23040,인천광역시 연수구 컨벤시아대로42번길 20,,37.40036597,126.6507696,,인천연수경찰서,2022,Y,2025-11-30,3520000,인천광역시 연수구
세븐일레븐연수함박로점,인천광역시,연수구,23040,인천광역시 연수구 함박로 36,,37.42565149,126.6810809,,인천연수경찰서,2022,Y,2025-11-30,3520000,인천광역시 연수구
세븐일레븐연수푸른점,인천광역시,연수구,23040,인천광역시 연수구 함박로 58,,37.4254216,126.6836133,,인천연수경찰서,2022,Y,2025-11-30,3520000,인천광역시 연수구
이마트24R스퀘어원점,인천광역시,연수구,23040,,인천광역시 연수구 동춘동 926,37.40599816,126.6836221,,인천연수경찰서,2022,Y,2025-11-30,3520000,인천광역시 연수구
GS25연수희망점,인천광역시,연수구,23040,인천광역시 연수구 앵고개로 256,,37.40783309,126.6720193,,인천연수경찰서,2022,Y,2025-11-30,3520000,인천광역시 연수구
이마트24연수한양점,인천광역시,연수구,23040,인천광역시 연수구 앵고개로264번길 41,,37.40637956,126.6710747,,인천연수경찰서,2022,Y,2025-11-30,3520000,인천광역시 연수구
GS25연수동춘점,인천광역시,연수구,23040,인천광역시 연수구 앵고개로 246번길 10,,37.40841671,126.6706044,,인천연수경찰서,2022,Y,2025-11-30,3520000,인천광역시 연수구
세븐일레븐인천송도글로벌점,인천광역시,연수구,23040,인천광역시 연수구 송도문화로 28번길 28,,37.37811907,126.6539472,,인천연수경찰서,2022,Y,2025-11-30,3520000,인천광역시 연수구
CU송도센트럴파크1호점,인천광역시,연수구,23040,인천광역시 연수구 센트럴로 232,,37.3974223,126.6366413,,인천연수경찰서,2022,Y,2025-11-30,3520000,인천광역시 연수구
CU송도웨스턴파크점,인천광역시,연수구,23040,"인천광역시 연수구 아트센터대로168번길 100, 133호",,37.40603911,126.6289628,,인천연수경찰서,2024,Y,2025-11-30,3520000,인천광역시 연수구
GS25송도센트로드점,인천광역시,연수구,23040,인천광역시 연수구 인천타워대로 323,,37.39952317,126.6295727,,인천연수경찰서,2024,Y,2025-11-30,3520000,인천광역시 연수구
이마트24송도스타점,인천광역시,연수구,23040,"인천광역시 연수구 아트센터대로168번길 101, 111호",,37.40529321,126.6279733,,인천연수경찰서,2024,Y,2025-11-30,3520000,인천광역시 연수구
GS25한라웨스턴파크점,인천광역시,연수구,23040,"인천광역시 연수구 아트센터대로168번길 100, 104호",,37.40603911,126.6289628,,인천연수경찰서,2024,Y,2025-11-30,3520000,인천광역시 연수구
CU송도더스카이힐스점,인천광역시,연수구,23040,인천광역시 연수구 인천타워대로 365,,37.40111773,126.6283874,,인천연수경찰서,2024,Y,2025-11-30,3520000,인천광역시 연수구
이마트24송도씨워크점,인천광역시,연수구,23040,인천광역시 연수구 센트럴로 313,,37.40161283,126.6315673,,인천연수경찰서,2024,Y,2025-11-30,3520000,인천광역시 연수구
CU송도더테라스정문점,인천광역시,연수구,23040,인천광역시 연수구 센트럴로 415,,37.41087761,126.6266868,,인천연수경찰서,2023,Y,2025-11-30,3520000,인천광역시 연수구
CU송도밀레니엄점,인천광역시,연수구,23040,인천광역시 연수구 컨벤시아대로 69,,37.39571538,126.6509559,,인천연수경찰서,2023,Y,2025-11-30,3520000,인천광역시 연수구
CU연수햇살점,인천광역시,연수구,23040,"인천광역시 연수구 원인재로 286, 경남아파트상가 1층 7호",,37.41904379,126.6926711,,인천연수경찰서,2023,Y,2025-11-30,3520000,인천광역시 연수구
CU연수선학점,인천광역시,연수구,23040,인천광역시 연수구 넘말로55번길 6-12,,37.43080329,126.6963717,,인천연수경찰서,2023,Y,2025-11-30,3520000,인천광역시 연수구
CU옥련쌍용점,인천광역시,연수구,23040,인천광역시 연수구 청량로194번길 22,,37.42468031,126.6536467,,인천연수경찰서,2023,Y,2025-11-30,3520000,인천광역시 연수구
CU송도글로벌푸르지오점,인천광역시,연수구,23040,인천광역시 연수구 송도문화로28번길 28,,37.37811907,126.6539472,,인천연수경찰서,2023,Y,2025-11-30,3520000,인천광역시 연수구
CU청학함박뫼로점,인천광역시,연수구,23040,인천광역시 연수구 함박뫼로4번길 13-12,,37.41823365,126.672198,,인천연수경찰서,2023,Y,2025-11-30,3520000,인천광역시 연수구
CU선학중앙점,인천광역시,연수구,23040,인천광역시 연수구 학나래로29번길 2-3,,37.42472261,126.6963319,,인천연수경찰서,2023,Y,2025-11-30,3520000,인천광역시 연수구
GS25옥련사거리점,인천광역시,연수구,23040,"인천광역시 연수구 독배로 68, 106호",,37.42662787,126.6451787,,인천연수경찰서,2023,Y,2025-11-30,3520000,인천광역시 연수구
CU옥련1호점,인천광역시,연수구,23040,인천광역시 연수구 독배로 56,,37.4256289,126.6449015,,인천연수경찰서,2023,Y,2025-11-30,3520000,인천광역시 연수구
이마트24선학승현점,인천광역시,연수구,23040,인천광역시 연수구 학나래로45번길 3,,37.42542004,126.6964916,,인천연수경찰서,2023,Y,2025-11-30,3520000,인천광역시 연수구
CU선학스마일점,인천광역시,연수구,23040,인천광역시 연수구 학나래로5번길 27,,37.42352272,126.6951046,,인천연수경찰서,2023,Y,2025-11-30,3520000,인천광역시 연수구
세븐일레븐연수능안점,인천광역시,연수구,23040,"인천광역시 연수구 학나래로5번길 2, 1층",,37.42376781,126.6964743,,인천연수경찰서,2023,Y,2025-11-30,3520000,인천광역시 연수구
CU연수메카점,인천광역시,연수구,23040,인천광역시 연수구 먼우금로 194,,37.41433409,126.6769911,,인천연수경찰서,2023,Y,2025-11-30,3520000,인천광역시 연수구
GS25청능마을점,인천광역시,연수구,23040,인천광역시 연수구 청능말로7번길 11,,37.41749735,126.6690318,,인천연수경찰서,2023,Y,2025-11-30,3520000,인천광역시 연수구
이마트24연수우성점,인천광역시,연수구,23040,인천광역시 연수구 원인재로 180,,37.41227928,126.6839421,,인천연수경찰서,2023,Y,2025-11-30,3520000,인천광역시 연수구
세븐일레븐청학한라점,인천광역시,연수구,23040,인천광역시 연수구 비류대로291번길 13,,37.42695955,126.6673068,,인천연수경찰서,2023,Y,2025-11-30,3520000,인천광역시 연수구
CU청학제일점,인천광역시,연수구,23040,"인천광역시 연수구 청학로16번길4, 1층",,37.42849883,126.6636719,,인천연수경찰서,2023,Y,2025-11-30,3520000,인천광역시 연수구
세븐일레븐청학도서관점,인천광역시,연수구,23040,인천광역시 연수구 비류대로232번길 50,,37.42515081,126.660698,,인천연수경찰서,2023,Y,2025-11-30,3520000,인천광역시 연수구
이마트24연수청학점,인천광역시,연수구,23040,"인천광역시 연수구 솔샘로 46, 1층",,37.42446288,126.6660401,,인천연수경찰서,2023,Y,2025-11-30,3520000,인천광역시 연수구
CU연수타운점,인천광역시,연수구,23040,인천광역시 연수구 함박로25번길 22-20,,37.42667725,126.6812328,,인천연수경찰서,2023,Y,2025-11-30,3520000,인천광역시 연수구
CU송도더샵엑스포점,인천광역시,연수구,23040,인천광역시 연수구 컨벤시아대로42번길 95,,37.40388022,126.6432294,,인천연수경찰서,2023,Y,2025-11-30,3520000,인천광역시 연수구
GS25송도센트럴점,인천광역시,연수구,23040,인천광역시 연수구 송도 국제대로 261,,37.37421922,126.6499786,,인천연수경찰서,2022,Y,2025-11-30,3520000,인천광역시 연수구
세븐일레븐송도카리스점,인천광역시,연수구,23040,,인천광역시 연수구 송도동 21-27,37.39616222,126.6471178,,인천연수경찰서,2022,Y,2025-11-30,3520000,인천광역시 연수구
CU송도스마트밸리점,인천광역시,연수구,23040,인천광역시 연수구 송도미래로 30,,37.36664055,126.6472802,,인천연수경찰서,2022,Y,2025-11-30,3520000,인천광역시 연수구
CU송도미래점,인천광역시,연수구,23040,인천광역시 연수구 송도미래로 47,,37.36781129,126.6501764,,인천연수경찰서,2022,Y,2025-11-30,3520000,인천광역시 연수구
GS25 불광역점,서울특별시,은평구,11380,서울특별시 은평구 통일로 750,서울특별시 은평구 불광동 267-1,37.61230099,126.9286073,02-351-6235,은평경찰서,2014,Y,2025-12-18,3110000,서울특별시 은평구
GS25 불광래미안점,서울특별시,은평구,11380,서울특별시 은평구 진흥로 267-16,서울특별시 은평구 불광동 638-1,37.61161588,126.9377235,02-351-6235,은평경찰서,2014,Y,2025-12-18,3110000,서울특별시 은평구
GS25 녹번점,서울특별시,은평구,11380,서울특별시 은평구 통일로 685,서울특별시 은평구 녹번동 117-61,37.60734825,126.9324542,02-351-6235,은평경찰서,2014,Y,2025-12-18,3110000,서울특별시 은평구
GS25 뉴구산가온,서울특별시,은평구,11380,"서울특별시 은평구 서오릉로17길 18, 1층",서울특별시 은평구 구산동 363-17,37.61358055,126.9081794,02-351-6235,은평경찰서,2014,Y,2025-12-18,3110000,서울특별시 은평구
CU 응암에이스점,서울특별시,은평구,11380,서울특별시 은평구 가좌로7다길 7,서울특별시 은평구 응암동 732-9,37.58529423,126.9184862,02-351-6235,은평경찰서,2014,Y,2025-12-18,3110000,서울특별시 은평구
CU 선정송이점,서울특별시,은평구,11380,"서울특별시 은평구 서오릉로20길 20-1, 선정쉐르빌",서울특별시 은평구 갈현동 327-135,37.61715587,126.9095737,02-351-6235,은평경찰서,2014,Y,2025-12-18,3110000,서울특별시 은평구
cu 홍성법원점,충청남도,홍성군,44800,충청남도 홍성군 홍성읍 법원로 20,충청남도 홍성군 홍성읍 대교리 535,36.59988726,126.6509387,041-632-3355,충남홍성경찰서,2017,Y,2025-12-31,4600000,충청남도 홍성군
emart24 홍성홍주고점,충청남도,홍성군,44800,충청남도 홍성군 홍성읍 문화로 88-1,충청남도 홍성군 홍성읍 오관리 511-6,36.59536449,126.6622754,041-632-5534,충남홍성경찰서,2017,Y,2025-12-31,4600000,충청남도 홍성군
CU 홍성소방서점,충청남도,홍성군,44800,충청남도 홍성군 홍성읍 충절로 1053,충청남도 홍성군 홍성읍 오관리 366-13,36.59923664,126.6661297,041-632-1017,충남홍성경찰서,2017,Y,2025-12-31,4600000,충청남도 홍성군
CU 홍성초사랑점,충청남도,홍성군,44800,충청남도 홍성군 홍성읍 조양로33번길 7-1,충청남도 홍성군 홍성읍 옥암리 59-1,36.59791181,126.6571231,041-631-8689,충남홍성경찰서,2017,Y,2025-12-31,4600000,충청남도 홍성군
CU 홍성의료원점,충청남도,홍성군,44800,충청남도 홍성군 홍성읍 조양로 236,충청남도 홍성군 홍성읍 고암리 580-1,36.59944692,126.6756432,041-633-6033,충남홍성경찰서,2017,Y,2025-12-31,4600000,충청남도 홍성군
CU 홍성오거리장군점,충청남도,홍성군,44800,충청남도 홍성군 홍성읍 조양로 190,충청남도 홍성군 홍성읍 고암리 536-1,36.60047128,126.670581,041-631-2420,충남홍성경찰서,2017,Y,2025-12-31,4600000,충청남도 홍성군
GS25 홍성법원점,충청남도,홍성군,44800,충청남도 홍성군 홍성읍 월산로50번길 27,충청남도 홍성군 홍성읍 월산리 827-2,36.60064427,126.647265,041-633-4665,충남홍성경찰서,2017,Y,2025-12-31,4600000,충청남도 홍성군
CU 홍성월산점,충청남도,홍성군,44800,충청남도 홍성군 홍성읍 월산로50번길 19,충청남도 홍성군 홍성읍 월산리 828-3,36.59986991,126.647223,041-632-6741,충남홍성경찰서,2017,Y,2025-12-31,4600000,충청남도 홍성군
CU 홍성법원점,충청남도,홍성군,44800,충청남도 홍성군 홍성읍 법원로 20,충청남도 홍성군 홍성읍 월산리 864-5,36.59988726,126.650908,041-634-6893,충남홍성경찰서,2017,Y,2025-12-31,4600000,충청남도 홍성군
세븐일레븐 홍성읍내점,충청남도,홍성군,44800,충청남도 홍성군 홍성읍 내포로146번길 41,충청남도 홍성군 홍성읍 옥암리 938,36.59794848,126.6538797,041-634-4151,충남홍성경찰서,2017,Y,2025-12-31,4600000,충청남도 홍성군
CU 홍성옥암점,충청남도,홍성군,44800,충청남도 홍성군 홍성읍 내포로 134,충청남도 홍성군 홍성읍 옥암리 31-1,36.59523094,126.6553819,,충남홍성경찰서,2017,Y,2025-12-31,4600000,충청남도 홍성군
CU 홍성대학원룸점,충청남도,홍성군,44800,충청남도 홍성군 홍성읍 충서로1175번길 5,충청남도 홍성군 홍성읍 남장리 362-1,36.58129477,126.654817,041-631-0653,충남홍성경찰서,2017,Y,2025-12-31,4600000,충청남도 홍성군
GS25 청운대타운점,충청남도,홍성군,44800,충청남도 홍성군 홍성읍 대학길 78-6,충청남도 홍성군 홍성읍 학계리 500,36.57527767,126.6602349,041-633-8728,충남홍성경찰서,2017,Y,2025-12-31,4600000,충청남도 홍성군
CU 홍성대학로점,충청남도,홍성군,44800,충청남도 홍성군 홍성읍 대학길 66,충청남도 홍성군 홍성읍 학계리 501-43,36.576488,126.6594198,041-631-1875,충남홍성경찰서,2017,N,2025-12-31,4600000,충청남도 홍성군
세븐일레븐 홍성청운대점,충청남도,홍성군,44800,충청남도 홍성군 홍성읍 남장2길 64-11,충청남도 홍성군 홍성읍 남장리 281-15,36.58358218,126.664294,041-634-5742,충남홍성경찰서,2017,Y,2025-12-31,4600000,충청남도 홍성군
GS25 중구포트뷰점,인천광역시,중구,28110,"인천광역시 중구 홍예문로 7, 104호 (중앙동3가 4-8, 포트뷰오피스텔)","인천광역시 중구 중앙동3가 4-8, 포트뷰오피스텔",37.47152291,126.623051,032-777-7988,인천중부경찰서,2018,Y,2025-05-30,3490000,인천광역시 중구
GS25 중구율목,인천광역시,중구,28110,인천광역시 중구 율목로 16-36,인천광역시 중구 율목동 247-13,37.469154,126.634635,032-773-6435,인천중부경찰서,2018,Y,2025-05-30,3490000,인천광역시 중구
GS25 중구도산로점,인천광역시,중구,28110,"인천광역시 중구 도산로 14-1, 1층 (도원동 28-65)",인천광역시 중구 도원동 28-65,37.467633,126.637398,,인천중부경찰서,2018,Y,2025-05-30,3490000,인천광역시 중구
GS25 인천경동점,인천광역시,중구,28110,"인천광역시 중구 개항로 82, 1층 2호 (경동 187-3, 예지요양병원)",인천광역시 중구 경동 187-3,37.471631,126.6318184,032-764-6954,인천중부경찰서,2018,Y,2025-05-30,3490000,인천광역시 중구
GS25 을왕그린,인천광역시,중구,28110,인천광역시 중구 을왕로58번길 10-4,인천광역시 중구 을왕동 763-2,37.449381,126.372307,032-746-3354,인천중부경찰서,2018,Y,2025-05-30,3490000,인천광역시 중구
GS25 월미중앙점,인천광역시,중구,28110,인천광역시 중구 월미문화로 65 (북성동1가 98-61),인천광역시 중구 북성동1가 98-61,37.472633,126.596506,,인천중부경찰서,2018,Y,2025-05-30,3490000,인천광역시 중구
GS25 월미분수대점,인천광역시,중구,28110,인천광역시 중구 월미문화로 57 (북성동1가 98-275),인천광역시 중구 북성동1가 98-275,37.47330497,126.596858,032-766-5141,인천중부경찰서,2018,Y,2025-05-30,3490000,인천광역시 중구
GS25 운서택지,인천광역시,중구,28110,"인천광역시 중구 화랑목로100번길 65-1, 1층 103호",인천광역시 중구 운서동 3046-11,37.494074,126.499219,032-746-5434,인천중부경찰서,2018,Y,2025-05-30,3490000,인천광역시 중구
씨유 호텔휴인천공항점,인천광역시,중구,28110,인천광역시 중구 공항로424번길 60,인천광역시 중구 운서동 2850-5,37.43893593,126.461055,032-743-3579,인천중부경찰서,2018,Y,2025-05-30,3490000,인천광역시 중구
씨유 현대신공항점,인천광역시,중구,28110,인천광역시 중구 신도시남로 141번길 6,인천광역시 중구 운서동 2797-1,37.49424173,126.489519,,인천중부경찰서,2018,Y,2025-05-30,3490000,인천광역시 중구
씨유 하늘다와라점,인천광역시,중구,28110,인천광역시 중구 하늘달빛로64번길 6-3,인천광역시 중구 중산동 1874-8,37.485753,126.560443,032-746-6668,인천중부경찰서,2018,Y,2025-05-30,3490000,인천광역시 중구
씨유 중구보건소점,인천광역시,중구,28110,인천광역시 중구 참외전로 88-69,인천광역시 중구 전동 8-5,37.4774271,126.628639,032-766-1231,인천중부경찰서,2018,Y,2025-05-30,3490000,인천광역시 중구
씨유 을왕영심이점,인천광역시,중구,28110,인천광역시 중구 용유서로 356,인천광역시 중구 을왕동 762-25,37.449882,126.373472,032-747-1195,인천중부경찰서,2018,Y,2025-05-30,3490000,인천광역시 중구
씨유 운서사랑점,인천광역시,중구,28110,인천광역시 중구 운서4로 3,인천광역시 중구 운서동 2914-11,37.482688,126.510109,032-746-1014,인천중부경찰서,2018,Y,2025-05-30,3490000,인천광역시 중구
씨유 운서나래점,인천광역시,중구,28110,인천광역시 중구 햇내로안길 11,인천광역시 중구 운서동 3042-5,37.495431,126.498242,032-521-3777,인천중부경찰서,2018,Y,2025-05-30,3490000,인천광역시 중구
씨유 운남관창로점,인천광역시,중구,28110,인천광역시 중구 관창북로 2,인천광역시 중구 운남동 1531-9,37.49151201,126.530475,032-743-0585,인천중부경찰서,2018,Y,2025-05-30,3490000,인천광역시 중구
씨유 영종풍림점,인천광역시,중구,28110,인천광역시 중구 신도시북로43번길 14,인천광역시 중구 운서동 2744-1,37.4994592,126.483955,032-746-7941,인천중부경찰서,2018,Y,2025-05-30,3490000,인천광역시 중구
씨유 영종BCD몰점,인천광역시,중구,28110,인천광역시 중구 하늘별빛로65번길 8,인천광역시 중구 중산동 1882-13,37.4893211,126.5635011,032-752-5805,인천중부경찰서,2018,Y,2025-05-30,3490000,인천광역시 중구
씨유 연안비취점,인천광역시,중구,28110,인천광역시 중구 연안부두로33번길 36,인천광역시 중구 항동7가 27-131,37.453581,126.605771,032-882-8825,인천중부경찰서,2018,Y,2025-05-30,3490000,인천광역시 중구
씨유 연안부두점,인천광역시,중구,28110,인천광역시 중구 연안부두로 43,인천광역시 중구 항동7가 58-54,37.45460156,126.601672,032-887-4049,인천중부경찰서,2018,Y,2025-05-30,3490000,인천광역시 중구
씨유 씨팰리스점,인천광역시,중구,28110,"인천광역시 중구 인항로 6, 정광씨팰리스",인천광역시 중구 신흥동3가 7-308,37.45775936,126.6307538,032-212-6422,인천중부경찰서,2018,Y,2025-05-30,3490000,인천광역시 중구
씨유 신포로데오점,인천광역시,중구,28110,"인천광역시 중구 개항로 10-2, 1층",인천광역시 중구 중앙동4가 2-1,37.471294,126.624105,032-766-7241,인천중부경찰서,2018,Y,2025-05-30,3490000,인천광역시 중구
씨유 동인천거리점,인천광역시,중구,28110,인천광역시 중구 자유공원로 13,인천광역시 중구 인현동 18-2,37.47520298,126.629641,032-883-7110,인천중부경찰서,2018,Y,2025-05-30,3490000,인천광역시 중구
씨유 공항디오빌점,인천광역시,중구,28110,인천광역시 중구 공항로424번길 72,인천광역시 중구 운서동 2850-7,37.438834,126.4628888,032-743-0120,인천중부경찰서,2018,Y,2025-05-30,3490000,인천광역시 중구
세븐일레븐 중구도원로점,인천광역시,중구,28110,인천광역시 중구 도원로 59-1,인천광역시 중구 유동 9-3,37.469714,126.638615,,인천중부경찰서,2018,Y,2025-05-30,3490000,인천광역시 중구
세븐일레븐 인천중구송월점,인천광역시,중구,28110,"인천광역시 중구 참외전로59번길 38, 1층",인천광역시 중구 송월동1가 4-96,37.48051108,126.624863,032-777-1020,인천중부경찰서,2018,Y,2025-05-30,3490000,인천광역시 중구
세븐일레븐 인천동화마을점,인천광역시,중구,28110,인천광역시 중구 차이나타운로 3-1,인천광역시 중구 송월동3가 11-148,37.47883703,126.6198039,032-777-2322,인천중부경찰서,2018,Y,2025-05-30,3490000,인천광역시 중구
세븐일레븐 월미문화로점,인천광역시,중구,28110,인천광역시 중구 월미문화로 53,인천광역시 중구 북성동1가 98-432,37.47364031,126.597021,032-777-3568,인천중부경찰서,2018,Y,2025-05-30,3490000,인천광역시 중구
세븐일레븐 영종을왕중앙점,인천광역시,중구,28110,인천광역시 중구 용유서로 520,인천광역시 중구 을왕동 916,37.46431048,126.372447,,인천중부경찰서,2018,Y,2025-05-30,3490000,인천광역시 중구
세븐일레븐 영종원룸다와로점,인천광역시,중구,28110,"인천광역시 중구 운서3로 20, 1층",인천광역시 중구 운서동 2899-10,37.484895,126.509353,032-751-6669,인천중부경찰서,2018,Y,2025-05-30,3490000,인천광역시 중구
세븐일레븐 영종운서초교점,인천광역시,중구,28110,인천광역시 중구 운서2로68번길 1,인천광역시 중구 운서동 2911-5,37.483221,126.5110029,,인천중부경찰서,2018,Y,2025-05-30,3490000,인천광역시 중구
세븐일레븐 영종운남동로점,인천광역시,중구,28110,인천광역시 중구 운남로128번길 9,"인천광역시 중구 운남동 1560-3 , 1층",37.489296,126.534209,,인천중부경찰서,2018,Y,2025-05-30,3490000,인천광역시 중구
세븐일레븐 영종씨에로점,인천광역시,중구,28110,인천광역시 중구 영종대로 90,인천광역시 중구 운서동 2789-2,37.4949149,126.489007,032-746-0748,인천중부경찰서,2018,Y,2025-05-30,3490000,인천광역시 중구
세븐일레븐 동인천점,인천광역시,중구,28110,인천광역시 중구 우현로90번길 19-13,인천광역시 중구 인현동 26-1,37.47433617,126.631331,032-765-7090,인천중부경찰서,2018,Y,2025-05-30,3490000,인천광역시 중구
세븐일레븐 내트럭점,인천광역시,중구,28110,인천광역시 중구 축항대로296번길 183,인천광역시 중구 신흥동3가 70,37.43169473,126.6238225,032-891-7119,인천중부경찰서,2018,Y,2025-05-30,3490000,인천광역시 중구
GS25 항동라이프,인천광역시,중구,28110,인천광역시 중구 연안부두로53번길 35,인천광역시 중구 항동7가 58-84,37.45293492,126.6044398,032-886-8523,인천중부경찰서,2018,Y,2025-05-30,3490000,인천광역시 중구
GS25 중구항동,인천광역시,중구,28110,"인천광역시 중구 연안부두로43번길 18, 고려스포렉스","인천광역시 중구 항동7가 58-12, 고려스포렉스",37.4534711,126.6037139,032-888-1990,인천중부경찰서,2018,Y,2025-05-30,3490000,인천광역시 중구
세븐일레븐 인천문학공원점,인천광역시,미추홀구,28177,인천광역시 미추홀구 소성로 300,인천광역시 미추홀구 문학동 361-3,37.43758933,126.6803976,032-433-3684,인천미추홀경찰서,2018,Y,2025-06-24,3510500,인천광역시 미추홀구
세븐일레븐 인천문학초교점,인천광역시,미추홀구,28177,"인천광역시 미추홀구 매소홀로535번길 12-3, 1층",인천광역시 미추홀구 문학동 338-16,37.4392674,126.6809754,032-421-1950,인천미추홀경찰서,2018,Y,2025-06-24,3510500,인천광역시 미추홀구
세븐일레븐 제일시장점,인천광역시,미추홀구,28177,인천광역시 미추홀구 경인로 310,인천광역시 미추홀구 도화동 433-1,37.4596368,126.6745957,1577-0711,인천미추홀경찰서,2018,Y,2025-06-24,3510500,인천광역시 미추홀구
미니스톱 주안행복점,인천광역시,미추홀구,28177,인천광역시 미추홀구 석바위로53번길 3,인천광역시 미추홀구 주안동 216-2,37.4609806,126.6786917,032-868-6625,인천미추홀경찰서,2018,Y,2025-06-24,3510500,인천광역시 미추홀구
미니스톱 용현센터점,인천광역시,미추홀구,28177,인천광역시 미추홀구 낙섬중로 67,인천광역시 미추홀구 용현동 623-7,37.45388245,126.639018,070-7774-4615,인천미추홀경찰서,2018,Y,2025-06-24,3510500,인천광역시 미추홀구
미니스톱 용현블루온점,인천광역시,미추홀구,28177,"인천광역시 미추홀구 인주대로 149, 102호","인천광역시 미추홀구 용현동 490-37, 102호",37.45665255,126.6537883,032-881-6833,인천미추홀경찰서,2018,Y,2025-06-24,3510500,인천광역시 미추홀구
씨유 숭의오거리점,인천광역시,미추홀구,28177,인천광역시 미추홀구 미추로6번길 7,인천광역시 미추홀구 숭의동 187-18,37.46091673,126.6483481,0507-1342-516,인천미추홀경찰서,2018,Y,2025-06-24,3510500,인천광역시 미추홀구
GS25 학익으뜸점,인천광역시,미추홀구,28177,"인천광역시 미추홀구 재넘이길9번길 66, 1층","인천광역시 미추홀구 학익동 314-23, 1층",37.44457876,126.6646332,032-875-0928,인천미추홀경찰서,2018,Y,2025-06-24,3510500,인천광역시 미추홀구
GS25 학익중앙점,인천광역시,미추홀구,28177,인천광역시 미추홀구 소성로185번길 16-5,인천광역시 미추홀구 학익동 244-1,37.44188512,126.6694697,032-874-1611,인천미추홀경찰서,2018,Y,2025-06-24,3510500,인천광역시 미추홀구
GS25 학익석목점,인천광역시,미추홀구,28177,"인천광역시 미추홀구 학익소로 29, 105호",인천광역시 미추홀구 학익동 25-12,37.44478424,126.670093,032-872-0722,인천미추홀경찰서,2018,Y,2025-06-24,3510500,인천광역시 미추홀구
GS25 학익태산점,인천광역시,미추홀구,28177,"인천광역시 미추홀구 한나루로357번길 63-28, 1층(블루빌)","인천광역시 미추홀구 학익동 706-13, 블루빌 1층",37.43876638,126.6585422,032-867-2158,인천미추홀경찰서,2018,Y,2025-06-24,3510500,인천광역시 미추홀구
GS25 학익센터점,인천광역시,미추홀구,28177,"인천광역시 미추홀구 매소홀로446번길 4, 1층","인천광역시 미추홀구 학익동 677-2, 1층",37.43943351,126.6712636,032-876-5424,인천미추홀경찰서,2018,Y,2025-06-24,3510500,인천광역시 미추홀구
GS25 학익타운점,인천광역시,미추홀구,28177,"인천광역시 미추홀구 한나루로 350, 1층","인천광역시 미추홀구 학익동 691-8 , 1층",37.43939585,126.662283,032-873-5519,인천미추홀경찰서,2018,Y,2025-06-24,3510500,인천광역시 미추홀구
GS25 주안진흥점,인천광역시,미추홀구,28177,"인천광역시 미추홀구 인하로299번길 3, 102호",인천광역시 미추홀구 주안동 1464-48,37.44818219,126.6813803,032-422-8957,인천미추홀경찰서,2019,Y,2025-06-24,3510500,인천광역시 미추홀구
GS25 주안한신점,인천광역시,미추홀구,28177,인천광역시 미추홀구 인하로352번길 10,인천광역시 미추홀구 주안동 1523-36,37.44757102,126.6872751,032-874-2330,인천미추홀경찰서,2018,Y,2025-06-24,3510500,인천광역시 미추홀구
GS25 마포도화,서울특별시,마포구,11440,서울특별시 마포구 도화2길 2,,37.540322,126.948604,02-3272-2225,서울마포경찰서,,Y,2025-11-10,3130000,서울특별시 마포구
GS25 망원중앙,서울특별시,마포구,11440,서울특별시 마포구 월드컵로 126,,37.55954858,126.907229,02-3144-6685,서울마포경찰서,,Y,2025-11-10,3130000,서울특별시 마포구
세븐일레븐 마포노고산점,서울특별시,마포구,11440,서울특별시 마포구 신촌로14길 5,,37.55566802,126.9339824,02-3141-0711,서울마포경찰서,,Y,2025-11-10,3130000,서울특별시 마포구
세븐일레븐 망원대림점,서울특별시,마포구,11440,서울특별시 마포구 망원로1길 28,,37.55764625,126.899753,02-322-0211,서울마포경찰서,,Y,2025-11-10,3130000,서울특별시 마포구
세븐일레븐 상암DMC빌점,서울특별시,마포구,11440,서울특별시 마포구 월드컵북로60길 13,,37.58234376,126.8846707,02-380-4848,서울마포경찰서,,Y,2025-11-10,3130000,서울특별시 마포구
세븐일레븐 마포아크로타워점,서울특별시,마포구,11440,서울특별시 마포구 마포대로 68,,37.54133155,126.948967,02-703-0779,서울마포경찰서,,Y,2025-11-10,3130000,서울특별시 마포구
세븐일레븐 서교삼양점,서울특별시,마포구,11440,서울특별시 마포구 양화로6길 9-28,,37.55014123,126.915945,02-3144-3821,서울마포경찰서,,Y,2025-11-10,3130000,서울특별시 마포구
세븐일레븐 당인동점,서울특별시,마포구,11440,서울특별시 마포구 어울마당로 26,,37.547433,126.9199324,02-3142-7562,서울마포경찰서,,Y,2025-11-10,3130000,서울특별시 마포구
세븐일레븐 마포연남점,서울특별시,마포구,11440,서울특별시 마포구 성미산로 142,,37.56365871,126.9223096,02-3141-9809,서울마포경찰서,,Y,2025-11-10,3130000,서울특별시 마포구
세븐일레븐 서교2호점,서울특별시,마포구,11440,서울특별시 마포구 독막로7길 16,,37.54855764,126.9189775,02-324-8247,서울마포경찰서,,Y,2025-11-10,3130000,서울특별시 마포구
CU 공덕센트럴점,서울특별시,마포구,11440,서울특별시 마포구 만리재로 45,,37.54552099,126.9555875,02-713-1623,서울마포경찰서,,Y,2025-11-10,3130000,서울특별시 마포구
CU 서교타워점,서울특별시,마포구,11440,서울특별시 마포구 양화로 133,,37.55523107,126.920953,02-3141-3117,서울마포경찰서,,Y,2025-11-10,3130000,서울특별시 마포구
CU 상암4단지점,서울특별시,마포구,11440,서울특별시 마포구 월드컵북로 381,,37.57795288,126.889863,02-308-5287,서울마포경찰서,,Y,2025-11-10,3130000,서울특별시 마포구
CU 마포구청점,서울특별시,마포구,11440,서울특별시 마포구 월드컵로 139,,37.56030096,126.9059463,02-3141-4928,서울마포경찰서,,Y,2025-11-10,3130000,서울특별시 마포구
CU 망원월드컵점,서울특별시,마포구,11440,서울특별시 마포구 망원로 95,,37.557904,126.907302,02-335-1589,서울마포경찰서,,Y,2025-11-10,3130000,서울특별시 마포구
CU 연남파크점,서울특별시,마포구,11440,서울특별시 마포구 성미산로32길 47,,37.56281006,126.9227268,02-322-3272,서울마포경찰서,,Y,2025-11-10,3130000,서울특별시 마포구
세븐일레븐 홍대본점,서울특별시,마포구,11440,서울특별시 마포구 어울마당로 58,,37.55010497,126.921264,02-322-3289,서울마포경찰서,,Y,2025-11-10,3130000,서울특별시 마포구
GS25송도레이크3차점,인천광역시,연수구,23040,인천광역시 연수구 아카데미로 442,인천광역시 연수구 송도동 397-5,37.39346881,126.617771,,인천연수경찰서,2025,Y,2025-11-30,3520000,인천광역시 연수구
GS25연수럭키점,인천광역시,연수구,23040,인천광역시 연수구 능허대로79번길 30,인천광역시 연수구 옥련동 626,37.42486434,126.641600,,인천연수경찰서,2025,Y,2025-11-30,3520000,인천광역시 연수구
이마트24송도SK뷰점,인천광역시,연수구,23040,인천광역시 연수구 랜드마크로 19,인천광역시 연수구 송도동 315-1,37.41412436,126.624905,,인천연수경찰서,2025,Y,2025-11-30,3520000,인천광역시 연수구
CU연수파크레인점,인천광역시,연수구,23040,인천광역시 연수구 능허대로 343,,37.40859358,126.6567947,,인천연수경찰서,2024,Y,2025-11-30,3520000,인천광역시 연수구
CU송도청량로점,인천광역시,연수구,23040,인천광역시 연수구 청량로 82,,37.41562737,126.6576048,,인천연수경찰서,2024,Y,2025-11-30,3520000,인천광역시 연수구
이마트24연수현대점,인천광역시,연수구,23040,"인천광역시 연수구 원인재로 56, 2동 1층 408호",,37.40350018,126.6758696,,인천연수경찰서,2024,Y,2025-11-30,3520000,인천광역시 연수구
이마트24연수서해점,인천광역시,연수구,23040,"인천광역시 연수구 능허대로446번길 12, 상가 101호",,37.40068692,126.6644547,,인천연수경찰서,2024,Y,2025-11-30,3520000,인천광역시 연수구
GS25인천동춘서해점,인천광역시,연수구,23040,인천광역시 연수구 봉재산로36번안길 21,,37.40835748,126.6649997,,인천연수경찰서,2024,Y,2025-11-30,3520000,인천광역시 연수구
이마트24R연수행복점,인천광역시,연수구,23040,인천광역시 연수구 새말로 55,,37.42074443,126.6766863,,인천연수경찰서,2024,Y,2025-11-30,3520000,인천광역시 연수구
이마트24연수동점,인천광역시,연수구,23040,인천광역시 연수구 함박로88번길 44,,37.42495849,126.6835522,,인천연수경찰서,2024,Y,2025-11-30,3520000,인천광역시 연수구
이마트24R연수소망점,인천광역시,연수구,23040,인천광역시 연수구 함박로 13-1,,37.42598459,126.6786155,,인천연수경찰서,2024,Y,2025-11-30,3520000,인천광역시 연수구
CU송도센트로드점,인천광역시,연수구,23040,"인천광역시 연수구 인천타워대로323, D-123호",,37.39952317,126.6295727,,인천연수경찰서,2024,Y,2025-11-30,3520000,인천광역시 연수구
CU 봉산점,전라남도,여수시,46130,전라남도 여수시 봉산2로 50,전라남도 여수시 봉산동 222-2,34.7340872,127.7267721,061-686-7300,여수경찰서,2017,Y,2025-12-01,4810000,전라남도 여수시
CU 여수남산점,전라남도,여수시,46130,전라남도 여수시 남산로 39,전라남도 여수시 남산동 233,34.7341691,127.7312767,061-642-7282,여수경찰서,2017,N,2025-12-01,4810000,전라남도 여수시
거북이동산,전라남도,여수시,46130,전라남도 여수시 봉산벅수길 25,전라남도 여수시 봉산동 675,34.7380387,127.7240544,061-642-1162,여수경찰서,2017,Y,2025-12-01,4810000,전라남도 여수시
금진마트,전라남도,여수시,46130,전라남도 여수시 좌수영로 11,전라남도 여수시 서교동 464,34.74140903,127.7276472,061-642-4564,여수경찰서,2017,Y,2025-12-01,4810000,전라남도 여수시
동백슈퍼 (5통장집),전라남도,여수시,46130,전라남도 여수시 봉강2길 2-2,전라남도 여수시 봉강동 279,34.73959949,127.7258052,061-643-0510,여수경찰서,2017,Y,2025-12-01,4810000,전라남도 여수시
진남연쇄점,전라남도,여수시,46130,전라남도 여수시 광무9길 1,전라남도 여수시 광무동 806-6,34.75068161,127.7264987,061-642-7463,여수경찰서,2017,Y,2025-12-01,4810000,전라남도 여수시
행운수퍼,전라남도,여수시,46130,전라남도 여수시 군자길 67,전라남도 여수시 군자동 111,34.7431954,127.7363877,061-662-5168,여수경찰서,2017,Y,2025-12-01,4810000,전라남도 여수시
연등할인마트,전라남도,여수시,46130,전라남도 여수시 연등1길 25,전라남도 여수시 연등동 290,34.7487859,127.7286498,061-663-6466,여수경찰서,2017,Y,2025-12-01,4810000,전라남도 여수시
세븐일레븐 여수밤바다점,전라남도,여수시,46130,전라남도 여수시 이순신광장로 159,전라남도 여수시 중앙동 243,34.7373934,127.7413272,061-662-5624,여수경찰서,2017,Y,2025-12-01,4810000,전라남도 여수시
세븐일레븐 중앙점,전라남도,여수시,46130,전라남도 여수시 중앙로 79,전라남도 여수시 중앙동 428,34.7399952,127.7364322,061-665-3375,여수경찰서,2017,Y,2025-12-01,4810000,전라남도 여수시
GS25 독산우정점,서울특별시,금천구,11545,서울특별시 금천구 독산로75길 34 (독산동),서울특별시 금천구 독산동 196-21,37.46925504,126.9005498,02-869-4159,서울금천경찰서,2014,Y,2025-12-17,3170000,서울특별시 금천구
GS25 금천태양점,서울특별시,금천구,11545,서울특별시 금천구 시흥대로141길 47 (독산동),서울특별시 금천구 독산동 144-49,37.47494553,126.8975384,02-855-3174,서울금천경찰서,2014,Y,2025-12-17,3170000,서울특별시 금천구
GS25 금천중앙점,서울특별시,금천구,11545,서울특별시 금천구 시흥대로 406 (독산동),서울특별시 금천구 독산동 286-8,37.46965614,126.8984645,02-839-3117,서울금천경찰서,2014,Y,2025-12-17,3170000,서울특별시 금천구
CU 시흥금빛점,서울특별시,금천구,11545,서울특별시 금천구 금하로 657 팔삼구빌딩 (시흥동),서울특별시 금천구 시흥동 839,37.45363719,126.904001,02-896-5287,서울금천경찰서,2014,Y,2025-12-17,3170000,서울특별시 금천구
CU 독산시장점,서울특별시,금천구,11545,서울특별시 금천구 시흥대로138길 13 (독산동),서울특별시 금천구 독산동 988-13,37.47285733,126.8993912,02-855-8964,서울금천경찰서,2014,Y,2025-12-17,3170000,서울특별시 금천구
CU 가산원룸점,서울특별시,금천구,11545,서울특별시 금천구 시흥대로153길 42 (가산동),서울특별시 금천구 가산동 147-7,37.47720455,126.896092,02-856-1108,서울금천경찰서,2014,Y,2025-12-17,3170000,서울특별시 금천구
CU 홍대3호점,서울특별시,마포구,11440,서울특별시 마포구 와우산로29길 16,,37.55501688,126.9290200,02-325-2237,서울마포경찰서,,Y,2025-11-10,3130000,서울특별시 마포구
CU 서교3호점,서울특별시,마포구,11440,서울특별시 마포구 양화로 100-13,,37.55251814,126.9193349,070-7778-5347,서울마포경찰서,,Y,2025-11-10,3130000,서울특별시 마포구
CU 마포양화공원점,서울특별시,마포구,11440,서울특별시 마포구 포은로 27,,37.550136,126.9081275,02-323-3320,서울마포경찰서,,Y,2025-11-10,3130000,서울특별시 마포구
CU 망원2동점,서울특별시,마포구,11440,서울특별시 마포구 방울내로 38,,37.55869004,126.9002094,02-333-6396,서울마포경찰서,,Y,2025-11-10,3130000,서울특별시 마포구
CU 한강시민공원점,서울특별시,마포구,11440,서울특별시 마포구 망원로 8,,37.55572956,126.8978057,02-336-2044,서울마포경찰서,,Y,2025-11-10,3130000,서울특별시 마포구
GS25 상암7단지,서울특별시,마포구,11440,"서울특별시 마포구 상암산로1길 92, 상가 101호",,37.58275639,126.8820988,02-303-0509,서울마포경찰서,,Y,2025-11-10,3130000,서울특별시 마포구
GS25 합정본점,서울특별시,마포구,11440,서울특별시 마포구 양화로 59,,37.550638,126.914886,02-3144-1013,서울마포경찰서,,Y,2025-11-10,3130000,서울특별시 마포구
GS25 합정청마점,서울특별시,마포구,11440,서울특별시 마포구 포은로 42,,37.55132073,126.9072203,02-335-3951,서울마포경찰서,,Y,2025-11-10,3130000,서울특별시 마포구
GS25 연남경성점,서울특별시,마포구,11440,서울특별시 마포구 성미산로 112,,37.562042,126.9195746,02-332-7286,서울마포경찰서,,Y,2025-11-10,3130000,서울특별시 마포구
GS25 연남타운,서울특별시,마포구,11440,서울특별시 마포구 월드컵북로6길 69,,37.55973369,126.921725,070-8959-3702,서울마포경찰서,,Y,2025-11-10,3130000,서울특별시 마포구
GS25 연남공원,서울특별시,마포구,11440,서울특별시 마포구 동교로29길 32,,37.56193105,126.923245,02-324-7978,서울마포경찰서,,Y,2025-11-10,3130000,서울특별시 마포구
GS25 홍대동교,서울특별시,마포구,11440,서울특별시 마포구 양화로21길 21,,37.55908879,126.924825,02-322-7590,서울마포경찰서,,Y,2025-11-10,3130000,서울특별시 마포구
GS25 상암9단지,서울특별시,마포구,11440,서울특별시 마포구 월드컵북로 501,,37.58479973,126.8781707,02-304-1785,서울마포경찰서,,Y,2025-11-10,3130000,서울특별시 마포구
GS25 도원사거리점,전라남도,여수시,46130,전라남도 여수시 소호로 658,전라남도 여수시 학동 111,34.76074749,127.6568194,061-691-0912,여수경찰서,2017,Y,2025-12-01,4810000,전라남도 여수시
GS25 여수소호점,전라남도,여수시,46130,전라남도 여수시 장성2길 1,전라남도 여수시 안산동 722-8,34.7546626,127.6564765,061-684-3698,여수경찰서,2017,Y,2025-12-01,4810000,전라남도 여수시
CU 여수사랑점,전라남도,여수시,46130,전라남도 여수시 성산3길 21-13,전라남도 여수시 화장동 796-7,34.77742549,127.6498691,070-8624-4043,여수경찰서,2017,Y,2025-12-01,4810000,전라남도 여수시
CU 여수남양대박점,전라남도,여수시,46130,전라남도 여수시 무선중앙로 83,전라남도 여수시 선원동 1250-16,34.7727732,127.6530804,070-4227-1848,여수경찰서,2017,Y,2025-12-01,4810000,전라남도 여수시
세븐일레븐 여수성산점,전라남도,여수시,46130,전라남도 여수시 무선중앙로 3,전라남도 여수시 화장동 789-12,34.7762422,127.6461695,061-920-3404,여수경찰서,2017,N,2025-12-01,4810000,전라남도 여수시
CU 요트동동점,전라남도,여수시,46130,전라남도 여수시 소호로 405,전라남도 여수시 소호동 443-1,34.73939396,127.6496481,061-683-6997,여수경찰서,2017,Y,2025-12-01,4810000,전라남도 여수시
GS25 여수안산점,전라남도,여수시,46130,전라남도 여수시 소호로 618,전라남도 여수시 학동 196-8,34.7569539,127.6569744,061-691-2526,여수경찰서,2017,Y,2025-12-01,4810000,전라남도 여수시
미니스톱 여천제일점,전라남도,여수시,46130,전라남도 여수시 쌍봉로 74,전라남도 여수시 학동 40-1,34.7660604,127.6639654,061-691-2669,여수경찰서,2017,N,2025-12-01,4810000,전라남도 여수시
덕충 아구찜 식당,전라남도,여수시,46130,전라남도 여수시 충민로 175,전라남도 여수시 덕충동 1744-1,34.75384632,127.7363742,061-662-5484,여수경찰서,2017,N,2025-12-01,4810000,전라남도 여수시
올 할인마트(10통장집),전라남도,여수시,46130,전라남도 여수시 만성로 22-1,전라남도 여수시 둔덕동 490-4,34.76920579,127.6984529,061-655-0902,여수경찰서,2017,Y,2025-12-01,4810000,전라남도 여수시
GS25 여수한려점,전라남도,여수시,46130,전라남도 여수시 쌍봉로 316,전라남도 여수시 둔덕동 657,34.76597435,127.6891871,061-655-0705,여수경찰서,2017,Y,2025-12-01,4810000,전라남도 여수시
미평주공할인마트,전라남도,여수시,46130,전라남도 여수시 미평로 79,전라남도 여수시 미평동 284,34.77022207,127.7089537,061-652-5588,여수경찰서,2017,Y,2025-12-01,4810000,전라남도 여수시
GS25 여수미평점,전라남도,여수시,46130,전라남도 여수시 만성로 84,전라남도 여수시 미평동 668-1,34.7705566,127.7050576,061-653-0492,여수경찰서,2017,Y,2025-12-01,4810000,전라남도 여수시
GS25 여수동양점,전라남도,여수시,46130,전라남도 여수시 율촌면 여순로 1038,전라남도 여수시 율촌면 월산리 1501-1,34.8831666,127.5700291,061-685-4077,여수경찰서,2017,Y,2025-12-01,4810000,전라남도 여수시
GS25 죽림부영점,전라남도,여수시,46130,전라남도 여수시 소라면 죽림로 11,전라남도 여수시 소라면 죽림리 1229-1,34.7618801,127.6395677,061-691-5669,여수경찰서,2017,Y,2025-12-01,4810000,전라남도 여수시
세븐일레븐 문수광장점,전라남도,여수시,46130,전라남도 여수시 여문2로 76,전라남도 여수시 문수동 478,34.7542651,127.6934825,061-651-3417,여수경찰서,2017,N,2025-12-01,4810000,전라남도 여수시
CU 여수여문로점,전라남도,여수시,46130,전라남도 여수시 여문2로 86,전라남도 여수시 문수동 471-1,34.7545197,127.6943336,061-655-4044,여수경찰서,2017,Y,2025-12-01,4810000,전라남도 여수시
GS25 여수문수점,전라남도,여수시,46130,전라남도 여수시 허문정1길 59,전라남도 여수시 문수동 690-1,34.7496327,127.6940129,061-651-3843,여수경찰서,2017,Y,2025-12-01,4810000,전라남도 여수시
GS25 여수 여서로점,전라남도,여수시,46130,전라남도 여수시 여서1로 60,전라남도 여수시 여서동 228-5,34.75250815,127.7042756,061-655-1920,여수경찰서,2017,Y,2025-12-01,4810000,전라남도 여수시
새마을슈퍼 (새마을마트),전라남도,여수시,46130,전라남도 여수시 여서동5길 29,전라남도 여수시 여서동 375-3,34.75020816,127.7077073,061-662-2164,여수경찰서,2017,Y,2025-12-01,4810000,전라남도 여수시
세븐일레븐 학동씨티점,전라남도,여수시,46130,전라남도 여수시 학동1길 16-15,전라남도 여수시 학동 38-6,34.7648918,127.6652045,061-685-7606,여수경찰서,2017,N,2025-12-01,4810000,전라남도 여수시
신월 DC마트,전라남도,여수시,46130,전라남도 여수시 신월로 559,전라남도 여수시 신월동 67,34.7242358,127.7081258,061-652-3195,여수경찰서,2017,Y,2025-12-01,4810000,전라남도 여수시
복지도우미(4통장집),전라남도,여수시,46130,전라남도 여수시 신월로 478-6,전라남도 여수시 신월동 296-2,34.7251883,127.6994201,061-641-4062,여수경찰서,2017,N,2025-12-01,4810000,전라남도 여수시
복지도우미(3통장집),전라남도,여수시,46130,전라남도 여수시 신월6길 6-3,전라남도 여수시 신월동 163,34.72270136,127.7045389,061-642-0369,여수경찰서,2017,N,2025-12-01,4810000,전라남도 여수시
세븐일레븐 국동대주점,전라남도,여수시,46130,전라남도 여수시 신월로 686,전라남도 여수시 국동 543,34.73167591,127.7188176,061-927-2480,여수경찰서,2017,N,2025-12-01,4810000,전라남도 여수시
GS25 여수국동점,전라남도,여수시,46130,전라남도 여수시 어항단지로 43,전라남도 여수시 국동 1082-31,34.72604035,127.7150372,061-641-3378,여수경찰서,2017,Y,2025-12-01,4810000,전라남도 여수시
GS25시 돌산점,전라남도,여수시,46130,전라남도 여수시 돌산읍 강남8길 33,전라남도 여수시 돌산읍 우두리 1032-7,34.7206769,127.7497871,061-643-7530,여수경찰서,2017,N,2025-12-01,4810000,전라남도 여수시
GS25 봉강점,전라남도,여수시,46130,전라남도 여수시 봉강서1길 42,전라남도 여수시 봉강동 471,34.7424845,127.7206978,061-642-2221,여수경찰서,2017,Y,2025-12-01,4810000,전라남도 여수시
여천동 주민센터 안심택배함,전라남도,여수시,46130,전라남도 여수시 무선로190,전라남도 여수시 선원동 704,34.777519,127.652454,070-8672-9457,여수경찰서,2024,Y,2025-12-01,4810000,전라남도 여수시
여성문화회관 안심택배함,전라남도,여수시,46130,전라남도 여수시 좌수영로 369-1,전라남도 여수시 미평동 591-9,34.762287,127.706641,070-8672-9456,여수경찰서,2024,Y,2025-12-01,4810000,전라남도 여수시
이마트24 엑스포정문점,전라남도,여수시,46130,전라남도 여수시 동문로 139,전라남도 여수시 공화동 343-1,34.74841227,127.7447184,061-666-0524,여수경찰서,2017,Y,2025-12-01,4810000,전라남도 여수시
묘도수퍼(복지도우미),전라남도,여수시,46130,전라남도 여수시 묘도2길 24-4,전라남도 여수시 묘도동 1038-1,34.87379301,127.7128674,061-686-4632,여수경찰서,2017,Y,2025-12-01,4810000,전라남도 여수시
상암가게,전라남도,여수시,46130,전라남도 여수시 상암로 615,전라남도 여수시 상암동 1709-3,34.8248892,127.7322608,061-685-9695,여수경찰서,2017,Y,2025-12-01,4810000,전라남도 여수시
예스마트,전라남도,여수시,46130,전라남도 여수시 봉계대곡길 41-2,전라남도 여수시 봉계동 76,34.78470966,127.6884983,061-692-5425,여수경찰서,2017,Y,2025-12-01,4810000,전라남도 여수시
GS25 화산점,전라남도,여수시,46130,전라남도 여수시 화산로 13,전라남도 여수시 화장동 892-6,34.77165114,127.6401021,061-685-7960,여수경찰서,2017,Y,2025-12-01,4810000,전라남도 여수시
CU 무선중앙점,전라남도,여수시,46130,전라남도 여수시 무선8길 24,전라남도 여수시 선원동 1280-1,34.7753169,127.6504459,061-686-7010,여수경찰서,2017,Y,2025-12-01,4810000,전라남도 여수시
GS25 여수무선점,전라남도,여수시,46130,전라남도 여수시 성산3길 16,전라남도 여수시 화장동 802,34.7767533,127.6483674,061-665-0590,여수경찰서,2017,Y,2025-12-01,4810000,전라남도 여수시
미니스톱 무선남양점,전라남도,여수시,46130,전라남도 여수시 무선3길 16,전라남도 여수시 선원동 1256-7,34.7712306,127.6527355,061-686-4965,여수경찰서,2017,N,2025-12-01,4810000,전라남도 여수시
씨유 도화중앙점,인천광역시,미추홀구,28177,인천광역시 미추홀구 석바위로 26,인천광역시 미추홀구 도화동 375-17,37.46076978,126.6757945,032-864-9113,인천미추홀경찰서,2018,Y,2025-06-24,3510500,인천광역시 미추홀구
씨유 도화1동점,인천광역시,미추홀구,28177,인천광역시 미추홀구 경인로268번길 24,인천광역시 미추홀구 도화동 533-2,37.46167407,126.6700444,032-876-7789,인천미추홀경찰서,2018,Y,2025-06-24,3510500,인천광역시 미추홀구
씨유 관교중앙점,인천광역시,미추홀구,28177,"인천광역시 미추홀구 인하로406번길 43, 1층","인천광역시 미추홀구 관교동 475-13, 1층",37.44542761,126.691324,032-432-8402,인천미추홀경찰서,2018,Y,2025-06-24,3510500,인천광역시 미추홀구
GS25 숭의해피점,인천광역시,미추홀구,28177,인천광역시 미추홀구 장천로112번길 3,인천광역시 미추홀구 숭의동 30-1,37.46289366,126.6565392,032-872-4137,인천미추홀경찰서,2018,Y,2025-06-24,3510500,인천광역시 미추홀구
세븐일레븐 인천학익2호점,인천광역시,미추홀구,28177,인천광역시 미추홀구 매소홀로 388,인천광역시 미추홀구 학익동 684-1,37.43978679,126.6650959,032-872-5871,인천미추홀경찰서,2018,Y,2025-06-24,3510500,인천광역시 미추홀구
세븐일레븐 주안남광로얄점,인천광역시,미추홀구,28177,인천광역시 미추홀구 인하로257번길 21,인천광역시 미추홀구 주안동 1439-31,37.44928925,126.6767283,032-863-1747,인천미추홀경찰서,2018,Y,2025-06-24,3510500,인천광역시 미추홀구
세븐일레븐 주안석바위점,인천광역시,미추홀구,28177,"인천광역시 미추홀구 경인로435번길 35, 1층",인천광역시 미추홀구 주안동 997-1,37.45966975,126.6885961,032-207-0304,인천미추홀경찰서,2019,Y,2025-06-24,3510500,인천광역시 미추홀구
세븐일레븐 주안현대점,인천광역시,미추홀구,28177,인천광역시 미추홀구 구월로 38,인천광역시 미추홀구 주안동 1584-5,37.45721452,126.6944014,032-442-7110,인천미추홀경찰서,2018,Y,2025-06-24,3510500,인천광역시 미추홀구
GS25 주안프라움점,인천광역시,미추홀구,28177,"인천광역시 미추홀구 주염로 8, 주안프라움에스 1층",인천광역시 미추홀구 주안동 23-1,37.46636326,126.6820364,032-862-5425,인천미추홀경찰서,2020,Y,2025-06-24,3510500,인천광역시 미추홀구
세븐일레븐 인천주안북부역점,인천광역시,미추홀구,28177,인천광역시 미추홀구 길파로 10,인천광역시 미추홀구 주안동 24-12,37.46658439,126.6795754,032-862-0845,인천미추홀경찰서,2018,Y,2025-06-24,3510500,인천광역시 미추홀구
세븐일레븐 주안다운타운점,인천광역시,미추홀구,28177,인천광역시 미추홀구 미추홀대로734번길 29,인천광역시 미추홀구 주안동 134-5,37.46312301,126.6820192,032-421-1944,인천미추홀경찰서,2019,Y,2025-06-24,3510500,인천광역시 미추홀구
세븐일레븐 인천주안대로점,인천광역시,미추홀구,28177,인천광역시 미추홀구 주안로 102,인천광역시 미추홀구 주안동 140-3,37.46379048,126.6809168,032-421-0264,인천미추홀경찰서,2018,Y,2025-06-24,3510500,인천광역시 미추홀구
세븐일레븐 석바위로점,인천광역시,미추홀구,28177,인천광역시 미추홀구 석바위로 99,인천광역시 미추홀구 주안동 91-6,37.46086213,126.6842106,032-423-0711,인천미추홀경찰서,2019,Y,2025-06-24,3510500,인천광역시 미추홀구
세븐일레븐 주안역점,인천광역시,미추홀구,28177,"인천광역시 미추홀구 미추홀대로734번길 4, 1층",인천광역시 미추홀구 주안동 143-4,37.4628734,126.6805717,032-442-2592,인천미추홀경찰서,2018,Y,2025-06-24,3510500,인천광역시 미추홀구
세븐일레븐 주안본점,인천광역시,미추홀구,28177,"인천광역시 미추홀구 주안로104번길 37, 세원빌딩 103호","인천광역시 미추홀구 주안동 150-4, 세원빌딩 103호",37.46224757,126.681375,032-426-7767,인천미추홀경찰서,2018,Y,2025-06-24,3510500,인천광역시 미추홀구
세븐일레븐 인천남구청점,인천광역시,미추홀구,28177,인천광역시 미추홀구 석바위로 54,인천광역시 미추홀구 주안동 206-17,37.46069164,126.6790884,032-867-3251,인천미추홀경찰서,2018,Y,2025-06-24,3510500,인천광역시 미추홀구
세븐일레븐 인천금호점,인천광역시,미추홀구,28177,인천광역시 미추홀구 낙섬서로 6,인천광역시 미추홀구 용현동 627-286,37.4502468,126.6337787,032-881-4082,인천미추홀경찰서,2018,Y,2025-06-24,3510500,인천광역시 미추홀구
세븐일레븐 인천용현점,인천광역시,미추홀구,28177,인천광역시 미추홀구 낙섬서로 27,인천광역시 미추홀구 용현동 630-77,37.45206064,126.6347457,032-887-3331,인천미추홀경찰서,2018,Y,2025-06-24,3510500,인천광역시 미추홀구
세븐일레븐 인하대역점,인천광역시,미추홀구,28177,"인천광역시 미추홀구 독배로 311, 105호",인천광역시 미추홀구 용현동 665-12,37.44814624,126.6491202,032-887-0848,인천미추홀경찰서,2018,Y,2025-06-24,3510500,인천광역시 미추홀구
세븐일레븐 용현대우점,인천광역시,미추홀구,28177,인천광역시 미추홀구 능해길 12,인천광역시 미추홀구 용현동 573-10,37.45932019,126.6383925,032-891-0400,인천미추홀경찰서,2019,Y,2025-06-24,3510500,인천광역시 미추홀구
세븐일레븐 용일초교점,인천광역시,미추홀구,28177,인천광역시 미추홀구 인주대로251번길 1,인천광역시 미추홀구 용현동 104-22,37.4534149,126.6644824,032-875-0551,인천미추홀경찰서,2018,Y,2025-06-24,3510500,인천광역시 미추홀구
세븐일레븐 인천인하대점,인천광역시,미추홀구,28177,인천광역시 미추홀구 한나루로477번길 78,인천광역시 미추홀구 용현동 79-12,37.45024751,126.6630016,032-875-7245,인천미추홀경찰서,2018,Y,2025-06-24,3510500,인천광역시 미추홀구
세븐일레븐 인천용현본점,인천광역시,미추홀구,28177,"인천광역시 미추홀구 한나루로501번길 1, 1층",인천광역시 미추홀구 용현동 7-1,37.45162092,126.6671353,032-872-2160,인천미추홀경찰서,2018,Y,2025-06-24,3510500,인천광역시 미추홀구
세븐일레븐 숭의센트럴점,인천광역시,미추홀구,28177,인천광역시 미추홀구 인주대로45번길 40,인천광역시 미추홀구 숭의동 303-16,37.46085256,126.6442198,032-887-1951,인천미추홀경찰서,2018,Y,2025-06-24,3510500,인천광역시 미추홀구
세븐일레븐 숭의경인로점,인천광역시,미추홀구,28177,인천광역시 미추홀구 경인로34번길 4,인천광역시 미추홀구 숭의동 190-9,37.46366532,126.6469516,032-889-1892,인천미추홀경찰서,2018,Y,2025-06-24,3510500,인천광역시 미추홀구
세븐일레븐 미추로점,인천광역시,미추홀구,28177,인천광역시 미추홀구 미추로 51,인천광역시 미추홀구 숭의동 159-15,37.46454015,126.6457916,032-882-3385,인천미추홀경찰서,2019,Y,2025-06-24,3510500,인천광역시 미추홀구
세븐일레븐 숭의다우림점,인천광역시,미추홀구,28177,인천광역시 미추홀구 미추로46번길 31-9,인천광역시 미추홀구 숭의동 147-56,37.46499002,126.6477172,032-888-8526,인천미추홀경찰서,2018,Y,2025-06-24,3510500,인천광역시 미추홀구
GS25 북면신촌점,경상남도,창원시,48121,경상남도 창원시 의창구 북면 천주로 1108,경상남도 창원시 의창구 북면 신촌리 567-1,35.34952313,128.6073207,000-0000-0000,창원서부경찰서,2019,Y,2025-12-18,5670000,경상남도 창원시
GS25 북면대호점,경상남도,창원시,48121,경상남도 창원시 의창구 북면 천주로 1047,경상남도 창원시 의창구 북면 신촌리 995-1,35.3450628,128.6056496,000-0000-0000,창원서부경찰서,2019,Y,2025-12-18,5670000,경상남도 창원시
GS25 북면드림점,경상남도,창원시,48121,경상남도 창원시 의창구 북면 천주로 1161,경상남도 창원시 의창구 북면 신촌리 443-4,35.35386145,128.609110,000-0000-0000,창원서부경찰서,2019,Y,2025-12-18,5670000,경상남도 창원시
GS25 북면온천점,경상남도,창원시,48121,경상남도 창원시 의창구 북면 천주로1170번길 25,경상남도 창원시 의창구 북면 신촌리 1461-7,35.35353217,128.6123669,000-0000-0000,창원서부경찰서,2019,Y,2025-12-18,5670000,경상남도 창원시
GS25 창원광장점,경상남도,창원시,48123,"경상남도 창원시 성산구 원이대로 656, 대한상가 1호","경상남도 창원시 성산구 상남동 1-5, 대한상가 1호",35.2242425,128.6851665,000-0000-0000,창원중부경찰서,2019,Y,2025-12-18,5670000,경상남도 창원시
세븐일레븐(소답점),경상남도,창원시,48121,경상남도 창원시 의창구 의안로2번길 25,경상남도 창원시 의창구 소답동 139-22,35.26166898,128.6265952,000-0000-0000,창원서부경찰서,2019,Y,2025-12-18,5670000,경상남도 창원시
세븐일레븐 창원감계아내점,경상남도,창원시,48121,경상남도 창원시 의창구 북면 감계로 128-10,경상남도 창원시 의창구 북면 감계리 701,35.2966734,128.5906973,000-0000-0000,창원서부경찰서,2019,Y,2025-12-18,5670000,경상남도 창원시
CU(중동중앙점),경상남도,창원시,48121,경상남도 창원시 의창구 평산로159번길 6,경상남도 창원시 의창구 서상동 688-7,35.25677805,128.6227495,000-0000-0000,창원서부경찰서,2019,Y,2025-12-18,5670000,경상남도 창원시
세븐일레븐(서상점),경상남도,창원시,48121,경상남도 창원시 의창구 서상로 52,경상남도 창원시 의창구 서상동 566-4,35.26385437,128.6184836,000-0000-0000,창원서부경찰서,2019,Y,2025-12-18,5670000,경상남도 창원시
채널큐24시,경상남도,창원시,48121,경상남도 창원시 의창구 지귀로 34,경상남도 창원시 의창구 봉곡동 26-2,35.24611777,128.6507406,000-0000-0000,창원서부경찰서,2019,Y,2025-12-18,5670000,경상남도 창원시
GS25시 봉곡드림점,경상남도,창원시,48121,경상남도 창원시 의창구 지귀로73번길 1,경상남도 창원시 의창구 봉곡동 15-10,35.24713388,128.6541206,000-0000-0000,창원서부경찰서,2019,Y,2025-12-18,5670000,경상남도 창원시
GS25시 명서드림점,경상남도,창원시,48121,경상남도 창원시 의창구 명지로103번길 2,경상남도 창원시 의창구 명서동 167-14,35.24802431,128.6491478,000-0000-0000,창원서부경찰서,2019,Y,2025-12-18,5670000,경상남도 창원시
GS25 도계학원점,경상남도,창원시,48121,경상남도 창원시 의창구 도계로 29-1,경상남도 창원시 의창구 도계동 307-7,35.26092808,128.6353987,000-0000-0000,창원서부경찰서,2019,Y,2025-12-18,5670000,경상남도 창원시
GS25 도계중앙점,경상남도,창원시,48121,경상남도 창원시 의창구 도계로 71,경상남도 창원시 의창구 도계동 357-7,35.25836285,128.6387547,000-0000-0000,창원서부경찰서,2019,Y,2025-12-18,5670000,경상남도 창원시
GS25 북면감계점,경상남도,창원시,48121,"경상남도 창원시 의창구 북면 동전로 63, 101호(현대힐프라자)","경상남도 창원시 의창구 북면 감계리 233-1, 101호 (현대힐프라자)",35.30188019,128.5955658,000-0000-0000,창원서부경찰서,2019,Y,2025-12-18,5670000,경상남도 창원시
GS25 도계희망점,경상남도,창원시,48121,경상남도 창원시 의창구 하남천서길9번길 13,경상남도 창원시 의창구 도계동 311-21,35.26070571,128.6377661,000-0000-0000,창원서부경찰서,2019,Y,2025-12-18,5670000,경상남도 창원시
이마트24 두산위브점,경상남도,창원시,48121,경상남도 창원시 의창구 태복산로 35,경상남도 창원시 의창구 도계동 903-6,35.25416219,128.6418573,000-0000-0000,창원서부경찰서,2019,Y,2025-12-18,5670000,경상남도 창원시
CU 도계사랑점,경상남도,창원시,48121,경상남도 창원시 의창구 원이대로81번길 28,경상남도 창원시 의창구 도계동 410-15,35.256821,128.6386911,000-0000-0000,창원서부경찰서,2019,Y,2025-12-18,5670000,경상남도 창원시
CU 도계점,경상남도,창원시,48121,경상남도 창원시 의창구 도계로18번길 28,경상남도 창원시 의창구 도계동 349-1,35.25809368,128.6358765,000-0000-0000,창원서부경찰서,2019,Y,2025-12-18,5670000,경상남도 창원시
세븐일레븐 창원감계휴먼빌점,경상남도,창원시,48121,"경상남도 창원시 의창구 북면 감계로 297, 상가동 102호","경상남도 창원시 의창구 북면 감계리 229-1, 상가동 102호",35.30434866,128.5953592,000-0000-0000,창원서부경찰서,2019,Y,2025-12-18,5670000,경상남도 창원시
GS25 북면힐스테이트점,경상남도,창원시,48121,경상남도 창원시 의창구 북면 동전로 86,경상남도 창원시 의창구 북면 감계리 230-1,35.30361293,128.5977667,000-0000-0000,창원서부경찰서,2019,Y,2025-12-18,5670000,경상남도 창원시
GS25 감계힐스4차점,경상남도,창원시,48121,경상남도 창원시 의창구 북면 감계로 233,경상남도 창원시 의창구 북면 감계리 225-1,35.30268468,128.5828078,000-0000-0000,창원서부경찰서,2019,Y,2025-12-18,5670000,경상남도 창원시
GS25 창원대산글로벌점,경상남도,창원시,48121,경상남도 창원시 의창구 대산면 가술산단남로 41,경상남도 창원시 의창구 대산면 가술리 707-1,35.33211833,128.7017473,000-0000-0000,창원서부경찰서,2019,Y,2025-12-18,5670000,경상남도 창원시
GS25창원용지사거리점,경상남도,창원시,48123,경상남도 창원시 성산구 외동반림로 142,경상남도 창원시 성산구 중앙동 2-1,35.23133899,128.6729293,000-0000-0000,창원중부경찰서,2019,Y,2025-12-18,5670000,경상남도 창원시
세븐일레븐 창원중앙4호점,경상남도,창원시,48123,경상남도 창원시 성산구 외동반림로130번길 46(일성상가),경상남도 창원시 성산구 중앙동 70-1,35.2278406,128.6762468,000-0000-0000,창원중부경찰서,2019,Y,2025-12-18,5670000,경상남도 창원시
GS25 창원서광점,경상남도,창원시,48123,경상남도 창원시 성산구 중앙대로 49,경상남도 창원시 성산구 중앙동 100-4,35.2201293,128.6759424,000-0000-0000,창원중부경찰서,2019,Y,2025-12-18,5670000,경상남도 창원시
씨유송도포스코3호점,인천광역시,연수구,23040,,인천광역시 연수구 송도동4-1,37.39254165,126.6476788,,인천연수경찰서,2018,Y,2025-11-30,3520000,인천광역시 연수구
세븐일레븐 SK뷰후문점,경상남도,창원시,48125,경상남도 창원시 마산합포구 월영남18길 68,경상남도 창원시 마산합포구 월영동 614-321,35.17683546,128.5606106,000-0000-0000,마산중부경찰서,2019,Y,2025-12-18,5670000,경상남도 창원시
CU 마산월영동아점,경상남도,창원시,48125,경상남도 창원시 마산합포구 월영남로 43,경상남도 창원시 마산합포구 월영동 614-7,35.17517753,128.5593934,000-0000-0000,마산중부경찰서,2019,Y,2025-12-18,5670000,경상남도 창원시
GS25 경남대사랑점,경상남도,창원시,48125,경상남도 창원시 마산합포구 월영북로 21,경상남도 창원시 마산합포구 월영동 423,35.18211394,128.5562628,000-0000-0000,마산중부경찰서,2019,Y,2025-12-18,5670000,경상남도 창원시
CU 경남대점,경상남도,창원시,48125,경상남도 창원시 마산합포구 월영북16길 5,경상남도 창원시 마산합포구 월영동 430-31,35.18041765,128.5570943,000-0000-0000,마산중부경찰서,2019,Y,2025-12-18,5670000,경상남도 창원시
미니스톱 마산대내점,경상남도,창원시,48125,경상남도 창원시 마산합포구 월영북15길 20,경상남도 창원시 마산합포구 월남동4가 11-8,35.18187426,128.5586065,000-0000-0000,마산중부경찰서,2019,Y,2025-12-18,5670000,경상남도 창원시
세븐일레븐 마크리움점,경상남도,창원시,48125,경상남도 창원시 마산합포구 3·15대로 9,경상남도 창원시 마산합포구 월남동5가 8,35.18129693,128.5582483,000-0000-0000,마산중부경찰서,2019,Y,2025-12-18,5670000,경상남도 창원시
CU 마산하이점,경상남도,창원시,48125,경상남도 창원시 마산합포구 고운로 133,경상남도 창원시 마산합포구 완월동 320,35.19358014,128.5613477,000-0000-0000,마산중부경찰서,2019,Y,2025-12-18,5670000,경상남도 창원시
세븐일레븐 성지점,경상남도,창원시,48125,경상남도 창원시 마산합포구 고운로 175,경상남도 창원시 마산합포구 완월동 217-3,35.19735789,128.561850,000-0000-0000,마산중부경찰서,2019,Y,2025-12-18,5670000,경상남도 창원시
GS25 오동점,경상남도,창원시,48125,경상남도 창원시 마산합포구 아구찜길 34,경상남도 창원시 마산합포구 오동동 149-39,35.20706533,128.5785181,000-0000-0000,마산중부경찰서,2019,Y,2025-12-18,5670000,경상남도 창원시
세븐일레븐 마산오동2호점,경상남도,창원시,48125,경상남도 창원시 마산합포구 문화의길 16,경상남도 창원시 마산합포구 오동동 147-7,35.20708342,128.5793079,000-0000-0000,마산중부경찰서,2019,Y,2025-12-18,5670000,경상남도 창원시
세븐일레븐 오동프리존점,경상남도,창원시,48125,경상남도 창원시 마산합포구 합포로 102,경상남도 창원시 마산합포구 오동동 10-1,35.20756582,128.5813257,000-0000-0000,마산중부경찰서,2019,Y,2025-12-18,5670000,경상남도 창원시
GS25 리베라점,경상남도,창원시,48125,경상남도 창원시 마산합포구 해안대로 311,경상남도 창원시 마산합포구 신포동2가 117-45,35.20048478,128.5749116,000-0000-0000,마산중부경찰서,2019,Y,2025-12-18,5670000,경상남도 창원시
GS25 마산북성로점,경상남도,창원시,48125,경상남도 창원시 마산합포구 북성로 70,경상남도 창원시 마산합포구 상남동 21-7,35.21344753,128.5714178,000-0000-0000,마산중부경찰서,2019,Y,2025-12-18,5670000,경상남도 창원시
CU 현동점,경상남도,창원시,48125,경상남도 창원시 마산합포구 현동7길 38,경상남도 창원시 마산합포구 현동 373,35.15080643,128.5538708,000-0000-0000,마산중부경찰서,2019,Y,2025-12-18,5670000,경상남도 창원시
CU 마산제일대박점,경상남도,창원시,48125,경상남도 창원시 마산합포구 문화북2길 2,경상남도 창원시 마산합포구 문화동 9-2,35.18787557,128.5575886,000-0000-0000,마산중부경찰서,2019,Y,2025-12-18,5670000,경상남도 창원시
GS25 마산두월점,경상남도,창원시,48125,경상남도 창원시 마산합포구 문화북1길 17,경상남도 창원시 마산합포구 두월동1가 1-3,35.18823918,128.5615804,000-0000-0000,마산중부경찰서,2019,Y,2025-12-18,5670000,경상남도 창원시
GS25 마산자이점,경상남도,창원시,48125,경상남도 창원시 마산합포구 노산서18길 19,경상남도 창원시 마산합포구 교원동 46,35.21501882,128.5695506,000-0000-0000,마산중부경찰서,2019,Y,2025-12-18,5670000,경상남도 창원시
CU 마산가포부영점,경상남도,창원시,48125,경상남도 창원시 마산합포구 가포로 154-11,경상남도 창원시 마산합포구 월영동 732,35.16828813,128.5601153,000-0000-0000,마산중부경찰서,2019,Y,2025-12-18,5670000,경상남도 창원시
GS25 차룡단지점,경상남도,창원시,48121,경상남도 창원시 의창구 차룡로14번길 67,경상남도 창원시 의창구 팔용동 58-4,35.23799929,128.6322528,000-0000-0000,창원서부경찰서,2019,Y,2025-12-18,5670000,경상남도 창원시
블루 25시 (창원팔용점),경상남도,창원시,48121,경상남도 창원시 의창구 평산로 6,경상남도 창원시 의창구 팔용동 61-11,35.24473172,128.6138296,000-0000-0000,창원서부경찰서,2019,Y,2025-12-18,5670000,경상남도 창원시
GS25 봉곡성우점,경상남도,창원시,48121,경상남도 창원시 의창구 지귀로 14,경상남도 창원시 의창구 봉곡동 31-4,35.2446694,128.6494777,000-0000-0000,창원서부경찰서,2019,Y,2025-12-18,5670000,경상남도 창원시
GS25 창원조은점,경상남도,창원시,48121,경상남도 창원시 의창구 대산면 진산대로 412,경상남도 창원시 의창구 대산면 제동리 265-5,35.33639673,128.709350,000-0000-0000,창원서부경찰서,2019,Y,2025-12-18,5670000,경상남도 창원시
e마트24 중동점,경상남도,창원시,48121,경상남도 창원시 의창구 남산로113번길 9,경상남도 창원시 의창구 서상동 706-9,35.25478935,128.6208983,000-0000-0000,창원서부경찰서,2019,Y,2025-12-18,5670000,경상남도 창원시
세븐일레븐(소계점),경상남도,창원시,48121,경상남도 창원시 의창구 금강로379번길 19,경상남도 창원시 의창구 소계동 703-1,35.2597049,128.6012659,000-0000-0000,창원서부경찰서,2019,Y,2025-12-18,5670000,경상남도 창원시
GS25 의창구청점,경상남도,창원시,48121,경상남도 창원시 의창구 태복산로 13,경상남도 창원시 의창구 도계동 887-3,35.25293381,128.639705,000-0000-0000,창원서부경찰서,2019,Y,2025-12-18,5670000,경상남도 창원시
미니스톱 마산양덕점,경상남도,창원시,48127,경상남도 창원시 마산회원구 합성옛길 41,경상남도 창원시 마산회원구 양덕동 12-42,35.23390632,128.5826202,000-0000-0000,마산동부경찰서,2019,Y,2025-12-18,5670000,경상남도 창원시
CU마산자유역점,경상남도,창원시,48127,경상남도 창원시 마산회원구 자유무역1길 42,경상남도 창원시 마산회원구 양덕동 975-1,35.21300524,128.5898086,000-0000-0000,마산동부경찰서,2019,Y,2025-12-18,5670000,경상남도 창원시
CU양덕대로점,경상남도,창원시,48127,경상남도 창원시 마산회원구 양덕로 149,경상남도 창원시 마산회원구 양덕동 61-2,35.23158408,128.5832977,000-0000-0000,마산동부경찰서,2019,Y,2025-12-18,5670000,경상남도 창원시
세븐일레븐,경상남도,창원시,48127,경상남도 창원시 마산회원구 석전동15길 45,경상남도 창원시 마산회원구 석전동 222-15,35.23711569,128.5800625,000-0000-0000,마산동부경찰서,2019,Y,2025-12-18,5670000,경상남도 창원시
24시 프리코너,경상남도,창원시,48127,경상남도 창원시 마산회원구 석전동로 1,경상남도 창원시 마산회원구 석전동 247-2,35.23118776,128.5763911,000-0000-0000,마산동부경찰서,2019,Y,2025-12-18,5670000,경상남도 창원시
CU상곡주공점,경상남도,창원시,48127,경상남도 창원시 마산회원구 내서읍 상곡로 67,경상남도 창원시 마산회원구 내서읍 상곡리 192,35.24517533,128.499423,000-0000-0000,마산동부경찰서,2019,Y,2025-12-18,5670000,경상남도 창원시
CU삼계미래점,경상남도,창원시,48127,,경상남도 창원시 마산회원구 내서읍 삼계리 35-10,35.2306383,128.5017606,000-0000-0000,마산동부경찰서,2019,Y,2025-12-18,5670000,경상남도 창원시
CU산호프렌즈,경상남도,창원시,48125,경상남도 창원시 마산합포구 용마로 55,경상남도 창원시 마산합포구 산호동 50-34,35.21874032,128.5806852,000-0000-0000,마산동부경찰서,2019,Y,2025-12-18,5670000,경상남도 창원시
GS산호베스티움,경상남도,창원시,48125,경상남도 창원시 마산합포구 회원천북길 491,경상남도 창원시 마산합포구 산호동 644,35.20923266,128.5818773,000-0000-0000,마산동부경찰서,2019,Y,2025-12-18,5670000,경상남도 창원시
GS25산호남점,경상남도,창원시,48125,경상남도 창원시 마산합포구 산호남8길120,경상남도 창원시 마산합포구 산호동 40-8,35.21607032,128.5836909,000-0000-0000,마산동부경찰서,2019,Y,2025-12-18,5670000,경상남도 창원시
CU산호제일점,경상남도,창원시,48125,경상남도 창원시 마산합포구 산호북21길 15,경상남도 창원시 마산합포구 산호동 9-4,35.22044243,128.5857946,000-0000-0000,마산동부경찰서,2019,Y,2025-12-18,5670000,경상남도 창원시
CU봉암 단비점,경상남도,창원시,48127,경상남도 창원시 마산회원구 봉암공단로 42,경상남도 창원시 마산회원구 봉암동 660-54,35.21499583,128.5999831,000-0000-0000,마산동부경찰서,2019,Y,2025-12-18,5670000,경상남도 창원시
GS구암대동점,경상남도,창원시,48127,경상남도 창원시 마산회원구 구암남11길 34,경상남도 창원시 마산회원구 구암동 95-20,35.25041615,128.6006659,000-0000-0000,마산동부경찰서,2019,Y,2025-12-18,5670000,경상남도 창원시
CU오렌지점,경상남도,창원시,48127,경상남도 창원시 마산회원구 구암서6길 2,경상남도 창원시 마산회원구 구암동 11-7,35.24797993,128.5923759,000-0000-0000,마산동부경찰서,2019,Y,2025-12-18,5670000,경상남도 창원시
GS25 마산남부점,경상남도,창원시,48125,경상남도 창원시 마산합포구 월영동2길 15,경상남도 창원시 마산합포구 해운동 5-75,35.17961341,128.5593054,000-0000-0000,마산중부경찰서,2019,Y,2025-12-18,5670000,경상남도 창원시
미니스톱 마산해안로점,경상남도,창원시,48125,경상남도 창원시 마산합포구 해안대로 58,경상남도 창원시 마산합포구 해운동 46,35.18128987,128.5647229,000-0000-0000,마산중부경찰서,2019,Y,2025-12-18,5670000,경상남도 창원시
CU 마산해운점,경상남도,창원시,48125,경상남도 창원시 마산합포구 월영동로 11,경상남도 창원시 마산합포구 해운동 42-10,35.17966483,128.5631531,000-0000-0000,마산중부경찰서,2019,Y,2025-12-18,5670000,경상남도 창원시
세븐일레븐 월영마을점,경상남도,창원시,48125,경상남도 창원시 마산합포구 월영남로 8,경상남도 창원시 마산합포구 해운동 15-7,35.17817921,128.558217,000-0000-0000,마산중부경찰서,2019,Y,2025-12-18,5670000,경상남도 창원시
GS25 마산창포점,경상남도,창원시,48125,경상남도 창원시 마산합포구 문화동14길 46,경상남도 창원시 마산합포구 창포동3가 1-19,35.18213059,128.5613823,000-0000-0000,마산중부경찰서,2019,Y,2025-12-18,5670000,경상남도 창원시
GS25 창동상상길점,경상남도,창원시,48125,경상남도 창원시 마산합포구 동서북10길 57,경상남도 창원시 마산합포구 창동 120-8,35.20601976,128.5747432,000-0000-0000,마산중부경찰서,2019,Y,2025-12-18,5670000,경상남도 창원시
GS25 신흥점,경상남도,창원시,48125,경상남도 창원시 마산합포구 중앙남4길 61,경상남도 창원시 마산합포구 신흥동 4-21,35.19439959,128.565093,000-0000-0000,마산중부경찰서,2019,Y,2025-12-18,5670000,경상남도 창원시
CU 삼일오점,경상남도,창원시,48125,경상남도 창원시 마산합포구 3·15대로 252,경상남도 창원시 마산합포구 중앙동3가 1-13,35.20063724,128.5676644,000-0000-0000,마산중부경찰서,2019,Y,2025-12-18,5670000,경상남도 창원시
세븐일레븐 합포구청점,경상남도,창원시,48125,경상남도 창원시 마산합포구 중앙북1길 19,경상남도 창원시 마산합포구 중앙동3가 4-330,35.19775864,128.5687464,000-0000-0000,마산중부경찰서,2019,Y,2025-12-18,5670000,경상남도 창원시
GS25 중성점,경상남도,창원시,48125,경상남도 창원시 마산합포구 오동서1길 2,경상남도 창원시 마산합포구 중성동 83,35.20709943,128.5763163,000-0000-0000,마산중부경찰서,2019,Y,2025-12-18,5670000,경상남도 창원시
CU 자산점,경상남도,창원시,48125,경상남도 창원시 마산합포구 자산남4길 1,경상남도 창원시 마산합포구 자산동 299-26,35.20272856,128.5660355,000-0000-0000,마산중부경찰서,2019,Y,2025-12-18,5670000,경상남도 창원시
이마트24 경남대원룸점,경상남도,창원시,48125,경상남도 창원시 마산합포구 월영북9길 42,경상남도 창원시 마산합포구 월영동 400-20,35.18273547,128.5543375,000-0000-0000,마산중부경찰서,2019,Y,2025-12-18,5670000,경상남도 창원시
세븐일레븐 호계점,경상남도,창원시,48127,경상남도 창원시 마산회원구 내서읍 호원로 361-3,경상남도 창원시 마산회원구 내서읍 호계리 10,35.2663045,128.5249863,000-0000-0000,마산동부경찰서,2019,Y,2025-12-18,5670000,경상남도 창원시
CU중리사거리점,경상남도,창원시,48127,경상남도 창원시 마산회원구 내서읍 호원로 228-25,경상남도 창원시 마산회원구 내서읍 호계리 284-2,35.25365928,128.5218627,000-0000-0000,마산동부경찰서,2019,Y,2025-12-18,5670000,경상남도 창원시
GS합성중앙점,경상남도,창원시,48127,경상남도 창원시 마산회원구 합성옛길 126,경상남도 창원시 마산회원구 합성동 125-5,35.23732894,128.5831846,000-0000-0000,마산동부경찰서,2019,Y,2025-12-18,5670000,경상남도 창원시
GS마산합성 금강점,경상남도,창원시,48127,경상남도 창원시 마산회원구 금강로 22-2,경상남도 창원시 마산회원구 합성동 99-1,35.23849327,128.5803345,000-0000-0000,마산동부경찰서,2019,Y,2025-12-18,5670000,경상남도 창원시
CU합성터미널점,경상남도,창원시,48127,경상남도 창원시 마산회원구 3·15대로 780,경상남도 창원시 마산회원구 합성동 160-1,35.24090651,128.5848819,000-0000-0000,마산동부경찰서,2019,Y,2025-12-18,5670000,경상남도 창원시
CU마산합성점,경상남도,창원시,48127,경상남도 창원시 마산회원구 합성동7길 48,경상남도 창원시 마산회원구 합성동 316-37,35.24223809,128.5902453,000-0000-0000,마산동부경찰서,2019,Y,2025-12-18,5670000,경상남도 창원시
CU중리비젼점,경상남도,창원시,48127,경상남도 창원시 마산회원구 내서읍 함마대로 2775,경상남도 창원시 마산회원구 내서읍 중리 659-2,35.25086286,128.5160309,000-0000-0000,마산동부경찰서,2019,Y,2025-12-18,5670000,경상남도 창원시
GS25 내서호원로점,경상남도,창원시,48127,경상남도 창원시 마산회원구 내서읍 호원로 174-1,경상남도 창원시 마산회원구 내서읍 중리 331-1,35.24972866,128.5229122,000-0000-0000,마산동부경찰서,2019,Y,2025-12-18,5670000,경상남도 창원시
CU중리공단점,경상남도,창원시,48127,경상남도 창원시 마산회원구 내서읍 중리공단로 105,경상남도 창원시 마산회원구 내서읍 중리 1127-10,35.24074932,128.5092107,000-0000-0000,마산동부경찰서,2019,Y,2025-12-18,5670000,경상남도 창원시
GS25시 마산청아점,경상남도,창원시,48127,경상남도 창원시 마산회원구 내서읍 중리2길 5,경상남도 창원시 마산회원구 내서읍 중리 1045-6,35.24779073,128.5089206,000-0000-0000,마산동부경찰서,2019,Y,2025-12-18,5670000,경상남도 창원시
CU (용원사거리점),경상남도,창원시,48129,경상남도 창원시 진해구 용원로 107,경상남도 창원시 진해구 용원동 1121-11,35.09851924,128.820827,000-0000-0000,진해경찰서,2019,Y,2025-12-18,5670000,경상남도 창원시
CU (용원반딧불점),경상남도,창원시,48129,경상남도 창원시 진해구 용재로 92,경상남도 창원시 진해구 용원동 1232-1,35.1003196,128.8195965,000-0000-0000,진해경찰서,2019,Y,2025-12-18,5670000,경상남도 창원시
GS25(웅동점),경상남도,창원시,48129,경상남도 창원시 진해구 용원남로 14,경상남도 창원시 진해구 용원동 1243-9,35.09685182,128.8187261,000-0000-0000,진해경찰서,2019,Y,2025-12-18,5670000,경상남도 창원시
GS25(여좌태백점),경상남도,창원시,48129,경상남도 창원시 진해구 태백서로 4,경상남도 창원시 진해구 여좌동 820-1,35.15256169,128.6725885,000-0000-0000,진해경찰서,2019,Y,2025-12-18,5670000,경상남도 창원시
CU(진해도서관점),경상남도,창원시,48129,경상남도 창원시 진해구 충장로 129-1,경상남도 창원시 진해구 여좌동 791-7,35.152405,128.6663351,000-0000-0000,진해경찰서,2019,Y,2025-12-18,5670000,경상남도 창원시
세븐일레븐 (여좌네이비),경상남도,창원시,48129,경상남도 창원시 진해구 여좌남로41번길 22,경상남도 창원시 진해구 여좌동 110-33,35.15698327,128.6608347,000-0000-0000,진해경찰서,2019,Y,2025-12-18,5670000,경상남도 창원시
GS25 (진해안청점),경상남도,창원시,48129,경상남도 창원시 진해구 안청남로 38,경상남도 창원시 진해구 안골동 356-11,35.1005954,128.8066118,000-0000-0000,진해경찰서,2019,Y,2025-12-18,5670000,경상남도 창원시
CU(안골마린점),경상남도,창원시,48129,경상남도 창원시 진해구 안골로298번길 25,경상남도 창원시 진해구 안골동 379-11,35.09723719,128.8057173,000-0000-0000,진해경찰서,2019,Y,2025-12-18,5670000,경상남도 창원시
세븐일레븐(용원드림점),경상남도,창원시,48129,경상남도 창원시 진해구 용원서로 30,경상남도 창원시 진해구 용원동 1215-1,35.10019559,128.8131443,000-0000-0000,진해경찰서,2019,Y,2025-12-18,5670000,경상남도 창원시
GS25 (안골공원점),경상남도,창원시,48129,경상남도 창원시 진해구 안청남로 4,경상남도 창원시 진해구 안골동 351-2,35.10110557,128.8034174,000-0000-0000,진해경찰서,2019,Y,2025-12-18,5670000,경상남도 창원시
GS25(석동드림점),경상남도,창원시,48129,경상남도 창원시 진해구 동진로49번길 14-4,경상남도 창원시 진해구 석동 175-1,35.15273242,128.7022864,000-0000-0000,진해경찰서,2019,Y,2025-12-18,5670000,경상남도 창원시
이마트24(석동점),경상남도,창원시,48129,경상남도 창원시 진해구 동진로 33,경상남도 창원시 진해구 석동 87-1,35.1532259,128.6997795,000-0000-0000,진해경찰서,2019,Y,2025-12-18,5670000,경상남도 창원시
GS(석동국제점),경상남도,창원시,48129,경상남도 창원시 진해구 석동로39번길 26,경상남도 창원시 진해구 석동 223-8,35.15665029,128.7018784,000-0000-0000,진해경찰서,2019,Y,2025-12-18,5670000,경상남도 창원시
CU(석동행복점),경상남도,창원시,48129,경상남도 창원시 진해구 석동로39번길 34,경상남도 창원시 진해구 석동 223-14,35.15706826,128.701026,000-0000-0000,진해경찰서,2019,Y,2025-12-18,5670000,경상남도 창원시
GS25(진해웅천점),경상남도,창원시,48129,경상남도 창원시 진해구 웅천로 159,경상남도 창원시 진해구 북부동 552-15,35.11351506,128.7475812,000-0000-0000,진해경찰서,2019,Y,2025-12-18,5670000,경상남도 창원시
세븐일레븐 진해아이존빌점,경상남도,창원시,48129,경상남도 창원시 진해구 병암로 22,경상남도 창원시 진해구 이동 445-2,35.1555906,128.6928896,000-0000-0000,진해경찰서,2019,Y,2025-12-18,5670000,경상남도 창원시
GS25(진해두동점),경상남도,창원시,48129,경상남도 창원시 진해구 남의로 98,경상남도 창원시 진해구 두동 1222-2,35.11479669,128.7922004,000-0000-0000,진해경찰서,2019,Y,2025-12-18,5670000,경상남도 창원시
CU(덕산송림점),경상남도,창원시,48129,경상남도 창원시 진해구 동진로 138,경상남도 창원시 진해구 덕산동 72-9,35.14501018,128.7027541,000-0000-0000,진해경찰서,2019,Y,2025-12-18,5670000,경상남도 창원시
세븐일레븐 (남문시티점),경상남도,창원시,48129,경상남도 창원시 진해구 남영로159번길 83,경상남도 창원시 진해구 남문동 1246-1,35.10714604,128.7536131,000-0000-0000,진해경찰서,2019,Y,2025-12-18,5670000,경상남도 창원시
GS25(광화점),경상남도,창원시,48129,경상남도 창원시 진해구 백구로 43,경상남도 창원시 진해구 광화동 2-1,35.14884392,128.6598061,000-0000-0000,진해경찰서,2019,Y,2025-12-18,5670000,경상남도 창원시
이마트 24 진해경화역점,경상남도,창원시,48129,경상남도 창원시 진해구 진해대로624번길 1,경상남도 창원시 진해구 경화동 1135-1,35.15802454,128.684013,000-0000-0000,진해경찰서,2019,Y,2025-12-18,5670000,경상남도 창원시
CU 경화점,경상남도,창원시,48129,경상남도 창원시 진해구 병암북로 4,경상남도 창원시 진해구 경화동 786-9,35.16004095,128.690863,000-0000-0000,진해경찰서,2019,Y,2025-12-18,5670000,경상남도 창원시
CU(경화중앙점),경상남도,창원시,48129,경상남도 창원시 진해구 중초로 17,경상남도 창원시 진해구 경화동 1163-37,35.1547024,128.6811547,000-0000-0000,진해경찰서,2019,Y,2025-12-18,5670000,경상남도 창원시
이마트24시 마산회원동로점,경상남도,창원시,48127,경상남도 창원시 마산회원구 회원동12길 3,경상남도 창원시 마산회원구 회원동 47-11,35.21872691,128.573740,000-0000-0000,마산동부경찰서,2019,Y,2025-12-18,5670000,경상남도 창원시
이마트24시 마산회원점,경상남도,창원시,48127,경상남도 창원시 마산회원구 3·15대로 477,경상남도 창원시 마산회원구 회원동 62-54,35.21703485,128.5751177,000-0000-0000,마산동부경찰서,2019,Y,2025-12-18,5670000,경상남도 창원시
CU 마산회원점,경상남도,창원시,48127,경상남도 창원시 마산회원구 무학로 573-1,경상남도 창원시 마산회원구 회원동 644-5,35.21909132,128.5608614,000-0000-0000,마산동부경찰서,2019,Y,2025-12-18,5670000,경상남도 창원시
세븐일레븐 마산회원중앙점,경상남도,창원시,48127,경상남도 창원시 마산회원구 회원동서로 10,경상남도 창원시 마산회원구 회원동 415-1,35.21850977,128.5720083,000-0000-0000,마산동부경찰서,2019,Y,2025-12-18,5670000,경상남도 창원시
GS마산회성점,경상남도,창원시,48127,경상남도 창원시 마산회원구 회성남10길 2,경상남도 창원시 마산회원구 회성동 448-1,35.23364734,128.558766,000-0000-0000,마산동부경찰서,2019,Y,2025-12-18,5670000,경상남도 창원시
씨유송도프라자점,인천광역시,연수구,23040,,인천광역시 연수구 송도동2-6,37.3958138,126.6524444,,인천연수경찰서,2018,Y,2025-11-30,3520000,인천광역시 연수구
미니스톱(진동신도시점),경상남도,창원시,48125,경상남도 창원시 마산합포구 진동면 신서촌1길 4,경상남도 창원시 마산합포구 진동면 진동리 437-4,35.11799269,128.486104,000-0000-0000,마산동부경찰서,2020,Y,2025-12-18,5670000,경상남도 창원시
365할인마트(마산중앙점),경상남도,창원시,48125,경상남도 창원시 마산합포구 3·15대로 186,경상남도 창원시 마산합포구 중앙동2가 2-10,35.19462712,128.5669001,000-0000-0000,마산동부경찰서,2020,Y,2025-12-18,5670000,경상남도 창원시
세븐일레븐(월영화인점),경상남도,창원시,48125,경상남도 창원시 마산합포구 밤밭고개로 385,경상남도 창원시 마산합포구 월영동 595-9,35.17587546,128.5561978,000-0000-0000,마산동부경찰서,2020,Y,2025-12-18,5670000,경상남도 창원시
이마트24(경남대원룸점),경상남도,창원시,48125,경상남도 창원시 마산합포구 월영북9길 42,경상남도 창원시 마산합포구 월영동 400-20,35.18273547,128.5543375,000-0000-0000,마산동부경찰서,2020,Y,2025-12-18,5670000,경상남도 창원시
이마트24(경남대정문점),경상남도,창원시,48125,경상남도 창원시 마산합포구 월영북1길 5,경상남도 창원시 마산합포구 월영동 430-22,35.18051632,128.5568852,000-0000-0000,마산동부경찰서,2020,Y,2025-12-18,5670000,경상남도 창원시
CU(마산경남대점),경상남도,창원시,48125,경상남도 창원시 마산합포구 월영북16길 5,경상남도 창원시 마산합포구 월영동 430-31,35.18041765,128.5570943,000-0000-0000,마산동부경찰서,2020,Y,2025-12-18,5670000,경상남도 창원시
CU중동원룸점,경상남도,창원시,48121,경상남도 창원시 의창구 평산로215번길 16,경상남도 창원시 의창구 서상동 663-22,35.26089947,128.6239014,000-0000-0000,마산중부경찰서,2020,Y,2025-12-18,5670000,경상남도 창원시
CU도계화목점,경상남도,창원시,48121,경상남도 창원시 의창구 하남천서길15번길 2,경상남도 창원시 의창구 도계동 323-3,35.26039252,128.6390785,000-0000-0000,마산중부경찰서,2020,Y,2025-12-18,5670000,경상남도 창원시
GS25도계중앙점,경상남도,창원시,48121,경상남도 창원시 의창구 도계로 71,경상남도 창원시 의창구 도계동 357-7,35.25836285,128.6387547,000-0000-0000,마산중부경찰서,2020,Y,2025-12-18,5670000,경상남도 창원시
세븐일레븐 명서일번가점,경상남도,창원시,48121,경상남도 창원시 의창구 명지로 61,경상남도 창원시 의창구 명서동 36-1,35.25073394,128.645771,000-0000-0000,마산중부경찰서,2020,Y,2025-12-18,5670000,경상남도 창원시
cu북면점,경상남도,창원시,48121,경상남도 창원시 의창구 북면 신촌본포로 12,경상남도 창원시 의창구 북면 신촌리 905-36,35.34729629,128.6089818,000-0000-0000,마산중부경찰서,2020,Y,2025-12-18,5670000,경상남도 창원시
이마트24 귀산점,경상남도,창원시,48123,경상남도 창원시 성산구 삼귀로 131,경상남도 창원시 성산구 귀곡동 703,35.17237927,128.5949553,000-0000-0000,마산중부경찰서,2020,Y,2025-12-18,5670000,경상남도 창원시
세븐일레븐 창원용호점,경상남도,창원시,48121,경상남도 창원시 성산구 용지로 153번길 4-15,경상남도 창원시 성산구 용호동 73-18,35.22949812,128.6808796,000-0000-0000,마산중부경찰서,2020,Y,2025-12-18,5670000,경상남도 창원시
이마트24창원중앙점,경상남도,창원시,48123,경상남도 창원시 성산구 중앙대로61번길 4,경상남도 창원시 성산구 중앙동 97-6,35.22123302,128.6768275,000-0000-0000,마산중부경찰서,2020,Y,2025-12-18,5670000,경상남도 창원시
세븐일레븐 창원상남점,경상남도,창원시,48123,경상남도 창원시 성산구 마디미로9번길 9,경상남도 창원시 성산구 상남동 9-4,35.22288136,128.6864067,000-0000-0000,창원서부경찰서,2020,Y,2025-12-18,5670000,경상남도 창원시
세븐일레븐 상남 대우점,경상남도,창원시,48123,"경상남도 창원시 성산구 상남로 38, 대우상가 1층",경상남도 창원시 성산구 상남동 64-2,35.21754847,128.678193,000-0000-0000,창원서부경찰서,2020,Y,2025-12-18,5670000,경상남도 창원시
cu 상남그린점,경상남도,창원시,48123,경상남도 창원시 성산구 토월로27번길 18,경상남도 창원시 성산구 상남동 65-1,35.21454179,128.6811108,000-0000-0000,창원서부경찰서,2020,Y,2025-12-18,5670000,경상남도 창원시
GS25 창원대학교점,경상남도,창원시,48121,경상남도 창원시 의창구 퇴촌로45번길 1,경상남도 창원시 의창구 사림동 54-6,35.24231502,128.6900244,000-0000-0000,창원서부경찰서,2020,Y,2025-12-18,5670000,경상남도 창원시
GS25(진해제일점),경상남도,창원시,48129,경상남도 창원시 진해구 중원로 87,경상남도 창원시 진해구 화천동 19-2,35.15206596,128.6597831,000-0000-0000,진해경찰서,2019,Y,2025-12-18,5670000,경상남도 창원시
이마트24남원로터리,경상남도,창원시,48129,"경상남도 창원시 진해구 태평로7번길 3, 102호","경상남도 창원시 진해구 태평동 17, 102호",35.1464029,128.6599435,000-0000-0000,진해경찰서,2019,Y,2025-12-18,5670000,경상남도 창원시
세븐일레븐(세광병원점),경상남도,창원시,48129,경상남도 창원시 진해구 중원동로 57,경상남도 창원시 진해구 중앙동 8-3,35.14977456,128.6612241,000-0000-0000,진해경찰서,2019,Y,2025-12-18,5670000,경상남도 창원시
CU(진해자은대로점),경상남도,창원시,48129,경상남도 창원시 진해구 진해대로 977,경상남도 창원시 진해구 자은동 774-3,35.14227314,128.7075892,000-0000-0000,진해경찰서,2019,Y,2025-12-18,5670000,경상남도 창원시
GS(진해자은점),경상남도,창원시,48129,경상남도 창원시 진해구 동진로 111-1,경상남도 창원시 진해구 자은동 880-14,35.14746087,128.7031724,000-0000-0000,진해경찰서,2019,Y,2025-12-18,5670000,경상남도 창원시
세븐일레븐(이동점),경상남도,창원시,48129,경상남도 창원시 진해구 이동로 40,경상남도 창원시 진해구 이동 611-1,35.15081461,128.6960742,000-0000-0000,진해경찰서,2019,Y,2025-12-18,5670000,경상남도 창원시
세븐일레븐 (용원드라이브점),경상남도,창원시,48129,경상남도 창원시 진해구 진해대로 2235,경상남도 창원시 진해구 용원동 541-6,35.1095762,128.8058554,000-0000-0000,진해경찰서,2019,Y,2025-12-18,5670000,경상남도 창원시
GS25 문래에이스점,서울특별시,영등포구,11560,"서울특별시 영등포구 경인로 775, 112호","서울특별시 영등포구 문래동3가 55-20, 에이스하이테크시티",37.5147453,126.8975388,02-3439-0084,서울영등포경찰서,2017,Y,2025-11-06,3180000,서울특별시 영등포구
GS25 문래공원점,서울특별시,영등포구,11560,서울특별시 영등포구 도림로 441-1,서울특별시 영등포구 문래동2가 15-1,37.5144393,126.893816,02-2633-6262,서울영등포경찰서,2017,Y,2025-11-06,3180000,서울특별시 영등포구
GS25 문래LG점,서울특별시,영등포구,11560,서울특별시 영등포구 당산로 34 로데오 135호,서울특별시 영등포구 문래동3가 55-5,37.517425,126.8964798,02-2633-4993,서울영등포경찰서,2017,Y,2025-11-06,3180000,서울특별시 영등포구
GS25 동여의점,서울특별시,영등포구,11560,서울특별시 영등포구 여의대방로65길 23 101호,서울특별시 영등포구 여의도동 45-13 필지포레스텔빌딩101,37.5201347,126.9288023,02-785-2524,서울영등포경찰서,2017,Y,2025-11-06,3180000,서울특별시 영등포구
GS25 대림으뜸점,서울특별시,영등포구,11560,서울특별시 영등포구 도림로41길 6,서울특별시 영등포구 대림3동 710,37.494474,126.898262,02-848-1964,서울영등포경찰서,2017,Y,2025-11-06,3180000,서울특별시 영등포구
GS25 대림역점,서울특별시,영등포구,11560,서울특별시 영등포구 대림로29길 43,서울특별시 영등포구 대림3동 808-26,37.493751,126.895409,02-832-5931,서울영등포경찰서,2017,Y,2025-11-06,3180000,서울특별시 영등포구
GS25 대림본점,서울특별시,영등포구,11560,서울특별시 영등포구 디지털로54가길 2,서울특별시 영등포구 대림2동 1024-11,37.488819,126.902996,02-848-5070,서울영등포경찰서,2017,Y,2025-11-06,3180000,서울특별시 영등포구
GS25 당산양남점,서울특별시,영등포구,11560,서울특별시 영등포구 선유동1로 12-1,서울특별시 영등포구 당산동2가 111,37.5232097,126.891845,02-2636-7211,서울영등포경찰서,2017,Y,2025-11-06,3180000,서울특별시 영등포구
CU 여의동산점,서울특별시,영등포구,11560,서울특별시 영등포구 여의대방로417 대교상가 114호,서울특별시 영등포구 여의도동41-2 대교상가 비,37.521033,126.9343081,02-783-8400,서울영등포경찰서,2017,Y,2025-11-06,3180000,서울특별시 영등포구
CU 여의도아이비점,서울특별시,영등포구,11560,서울특별시 영등포구 국제금융로 86,서울특별시 영등포구 여의도동 43-4 롯데캐슬아이비,37.520205,126.9318022,,서울영등포경찰서,2017,Y,2025-11-06,3180000,서울특별시 영등포구
CU 선유도역점,서울특별시,영등포구,11560,"서울특별시 영등포구 양평로22길 21 코오롱디지털타워 102, 103호",서울특별시 영등포구 양평동5가 106-1,37.5398087,126.8946576,,서울영등포경찰서,2017,Y,2025-11-06,3180000,서울특별시 영등포구
CU 문래한신점,서울특별시,영등포구,11560,서울특별시 영등포구 문래로20길 14,서울특별시 영등포구 문래동3가 77-2 문래공원한신아파트,37.5171347,126.8933186,02-2632-0026,서울영등포경찰서,2017,Y,2025-11-06,3180000,서울특별시 영등포구
CU 대림디지털점,서울특별시,영등포구,11560,서울특별시 영등포구 디지털로 404,서울특별시 영등포구 대림동 868-15,37.492568,126.9036604,,서울영등포경찰서,2017,Y,2025-11-06,3180000,서울특별시 영등포구
CU 당산중앙점,서울특별시,영등포구,11560,서울특별시 영등포구 당산로49길 6 1층,서울특별시 영등포구 당산동 6가 324-5,37.535542,126.902427,02-2068-8496,서울영등포경찰서,2017,Y,2025-11-06,3180000,서울특별시 영등포구
이마트24(진해용원일등점),경상남도,창원시,48129,경상남도 창원시 진해구 용원북로5번길 2,경상남도 창원시 진해구 용원동 1173-10,35.10341493,128.8154966,000-0000-0000,진해경찰서,2020,Y,2025-12-18,5670000,경상남도 창원시
CU남문중앙점,경상남도,창원시,48129,경상남도 창원시 진해구 남영로 60,경상남도 창원시 진해구 남문동 1250-1,35.10565728,128.7523874,000-0000-0000,진해경찰서,2020,Y,2025-12-18,5670000,경상남도 창원시
세븐일레븐(석동그린점),경상남도,창원시,48129,경상남도 창원시 진해구 냉천로 125,경상남도 창원시 진해구 석동 662,35.15451853,128.7098832,000-0000-0000,진해경찰서,2020,Y,2025-12-18,5670000,경상남도 창원시
GS25 (진해고점),경상남도,창원시,48129,경상남도 창원시 진해구 여좌로 100-1,경상남도 창원시 진해구 여좌동 46-20,35.16020204,128.6629547,000-0000-0000,진해경찰서,2020,Y,2025-12-18,5670000,경상남도 창원시
GS25마산회원점,경상남도,창원시,48127,경상남도 창원시 마산회원구 3·15대로 493,경상남도 창원시 마산회원구 회원동 62-68,35.21830619,128.5745801,000-0000-0000,마산동부경찰서,2020,Y,2025-12-18,5670000,경상남도 창원시
CU마산롯데캐슬점,경상남도,창원시,48127,경상남도 창원시 마산회원구 합성북16길 197,경상남도 창원시 마산회원구 합성동 358,35.24505996,128.5865501,000-0000-0000,마산동부경찰서,2020,Y,2025-12-18,5670000,경상남도 창원시
세븐일레븐 삼계점,경상남도,창원시,48127,경상남도 창원시 마산회원구 내서읍 광려로 28,경상남도 창원시 마산회원구 내서읍 삼계리 290,35.22378293,128.5019318,000-0000-0000,마산동부경찰서,2020,Y,2025-12-18,5670000,경상남도 창원시
미니스탑 호계점,경상남도,창원시,48127,경상남도 창원시 마산회원구 내서읍 광려천동로 18,경상남도 창원시 마산회원구 내서읍 호계리 307-3,35.25420621,128.5196639,000-0000-0000,마산동부경찰서,2020,Y,2025-12-18,5670000,경상남도 창원시
세븐일레븐 마산중리점,경상남도,창원시,48127,경상남도 창원시 마산회원구 내서읍 호원로 188,경상남도 창원시 마산회원구 내서읍 중리 390-7,35.25063297,128.5218083,000-0000-0000,마산동부경찰서,2020,Y,2025-12-18,5670000,경상남도 창원시
세븐일레븐 용마점,경상남도,창원시,48125,경상남도 창원시 마산합포구 산호남2길 1,경상남도 창원시 마산합포구 산호동 36-18,35.21744774,128.5799143,000-0000-0000,마산동부경찰서,2020,Y,2025-12-18,5670000,경상남도 창원시
CU(진동반딧불점),경상남도,창원시,48125,경상남도 창원시 마산합포구 진동면 삼진의거대로 629,경상남도 창원시 마산합포구 진동면 진동리 628-12,35.11548853,128.4862877,000-0000-0000,진해경찰서,2020,Y,2025-12-18,5670000,경상남도 창원시
세븐일레븐(진동스타점),경상남도,창원시,48125,경상남도 창원시 마산합포구 진동면 신서촌로 50-17,경상남도 창원시 마산합포구 진동면 진동리 435-5,35.11871665,128.4864948,000-0000-0000,진해경찰서,2020,Y,2025-12-18,5670000,경상남도 창원시
GS25 창원기산점,경상남도,창원시,48123,경상남도 창원시 성산구 중앙대로 95,경상남도 창원시 성산구 중앙동 96-1,35.2236304,128.6789383,000-0000-0000,창원중부경찰서,2019,Y,2025-12-18,5670000,경상남도 창원시
GS25 창원용지점,경상남도,창원시,48123,경상남도 창원시 성산구 원이대로580번길 3,경상남도 창원시 성산구 중앙동 77-1,35.22794926,128.678258,000-0000-0000,창원중부경찰서,2019,Y,2025-12-18,5670000,경상남도 창원시
세븐일레븐 창원내동점,경상남도,창원시,48123,경상남도 창원시 성산구 연덕로184번길 19,경상남도 창원시 성산구 내동 456-21,35.21778856,128.668630,000-0000-0000,창원중부경찰서,2019,Y,2025-12-18,5670000,경상남도 창원시
GS25 월림공단점,경상남도,창원시,48123,경상남도 창원시 성산구 월림로65번길 6-7,경상남도 창원시 성산구 신촌동 103-4,35.2079374,128.6409573,000-0000-0000,창원중부경찰서,2019,Y,2025-12-18,5670000,경상남도 창원시
GS25 창원귀곡등대점,경상남도,창원시,48123,경상남도 창원시 성산구 삼귀로 197,경상남도 창원시 성산구 귀곡동 655-3,35.16887387,128.6001707,000-0000-0000,창원중부경찰서,2019,Y,2025-12-18,5670000,경상남도 창원시
CU창원용호삼거리점,경상남도,창원시,48121,경상남도 창원시 성산구 용지로 241,경상남도 창원시 성산구 용호동 17-10,35.23527956,128.6865123,000-0000-0000,창원중부경찰서,2019,Y,2025-12-18,5670000,경상남도 창원시
GS25창원진성점,경상남도,창원시,48121,"경상남도 창원시 성산구 용지로153번길 14, 102호","경상남도 창원시 성산구 용호동 73-14, 102호",35.2295646,128.679985,000-0000-0000,창원중부경찰서,2019,Y,2025-12-18,5670000,경상남도 창원시
GS25 창원양곡점,경상남도,창원시,48123,"경상남도 창원시 성산구 신촌로 132, 상가 101호","경상남도 창원시 성산구 신촌동 33-8, 101호",35.19786456,128.6288207,000-0000-0000,창원중부경찰서,2019,Y,2025-12-18,5670000,경상남도 창원시
GS25 창원신월점,경상남도,창원시,48121,경상남도 창원시 성산구 신사로45번길 32-1,경상남도 창원시 성산구 신월동 69-5,35.2271569,128.6927855,000-0000-0000,창원중부경찰서,2019,Y,2025-12-18,5670000,경상남도 창원시
GS25 신월명랑점,경상남도,창원시,48121,경상남도 창원시 성산구 신월로72번길 1,경상남도 창원시 성산구 신월동 77-1,35.2261482,128.6946312,000-0000-0000,창원중부경찰서,2019,Y,2025-12-18,5670000,경상남도 창원시
E마트 창원신월점,경상남도,창원시,48121,경상남도 창원시 성산구 상남로 188-1,경상남도 창원시 성산구 신월동 49-3,35.22871815,128.6875925,000-0000-0000,창원중부경찰서,2019,Y,2025-12-18,5670000,경상남도 창원시
GS25 창원다운점,경상남도,창원시,48121,경상남도 창원시 성산구 원이대로 663,경상남도 창원시 성산구 신월동 93,35.22615224,128.6866601,000-0000-0000,창원중부경찰서,2019,Y,2025-12-18,5670000,경상남도 창원시
GS25 창원의창점,경상남도,창원시,48121,경상남도 창원시 성산구 신월로6번길 1,경상남도 창원시 성산구 신월동 41-1,35.23060897,128.6897115,000-0000-0000,창원중부경찰서,2019,Y,2025-12-18,5670000,경상남도 창원시
세븐일레븐 스카이웰빙점,경상남도,창원시,48123,"경상남도 창원시 성산구 동산로 122, 105호","경상남도 창원시 성산구 상남동 45-1, 105호",35.21899522,128.6909535,000-0000-0000,창원중부경찰서,2019,Y,2025-12-18,5670000,경상남도 창원시
CU 상남플라워점,경상남도,창원시,48123,경상남도 창원시 성산구 원이대로 652,경상남도 창원시 성산구 상남동 1-3,35.2245126,128.6846767,000-0000-0000,창원중부경찰서,2019,Y,2025-12-18,5670000,경상남도 창원시
GS25 상남모아점,경상남도,창원시,48123,경상남도 창원시 성산구 마디미로43번길 10,경상남도 창원시 성산구 상남동 22-4,35.22013752,128.684076,000-0000-0000,창원중부경찰서,2019,Y,2025-12-18,5670000,경상남도 창원시
CU 사파대동점,경상남도,창원시,48123,경상남도 창원시 성산구 신사로 117,경상남도 창원시 성산구 사파동 112-22,35.2212925,128.6965826,000-0000-0000,창원중부경찰서,2019,Y,2025-12-18,5670000,경상남도 창원시
E마트 사파법원점,경상남도,창원시,48123,경상남도 창원시 성산구 창이대로707번길 2,경상남도 창원시 성산구 사파동 87-1,35.22161989,128.7013737,000-0000-0000,창원중부경찰서,2019,Y,2025-12-18,5670000,경상남도 창원시
CU창원사림원룸점,경상남도,창원시,48121,경상남도 창원시 의창구 사림로4번길 2,경상남도 창원시 의창구 사림동 99-1,35.24491555,128.6743517,000-0000-0000,창원중부경찰서,2019,Y,2025-12-18,5670000,경상남도 창원시
CU창원대삼거리점,경상남도,창원시,48121,경상남도 창원시 의창구 퇴촌로 1,경상남도 창원시 의창구 사림동 47-5,35.24243171,128.6857425,000-0000-0000,창원중부경찰서,2019,Y,2025-12-18,5670000,경상남도 창원시
GS25 창원대광장점,경상남도,창원시,48121,경상남도 창원시 의창구 퇴촌로 25,경상남도 창원시 의창구 사림동 52-10,35.24180739,128.6879756,000-0000-0000,창원중부경찰서,2019,Y,2025-12-18,5670000,경상남도 창원시
GS25창원반딧불점,경상남도,창원시,48123,경상남도 창원시 성산구 창원천로242번길 2,경상남도 창원시 성산구 반지동 29-1,35.24522526,128.6647011,000-0000-0000,창원중부경찰서,2019,Y,2025-12-18,5670000,경상남도 창원시
GS25반림제일점,경상남도,창원시,48123,경상남도 창원시 성산구 원이대로473번길 20-23 (제일상가),경상남도 창원시 성산구 반림동 17-11,35.2350336,128.6714318,000-0000-0000,창원중부경찰서,2019,Y,2025-12-18,5670000,경상남도 창원시
CU 창원반림현대점,경상남도,창원시,48123,경상남도 창원시 성산구 외동반림로 217 (현대아파트),경상남도 창원시 성산구 반림동 3-1,35.23702143,128.677351,000-0000-0000,창원중부경찰서,2019,Y,2025-12-18,5670000,경상남도 창원시
CU창원성산대영점,경상남도,창원시,48123,경상남도 창원시 성산구 가양로136번길 2,경상남도 창원시 성산구 대방동 362-5,35.20937657,128.7078252,000-0000-0000,창원중부경찰서,2019,Y,2025-12-18,5670000,경상남도 창원시
GS25 창원터줏골점,경상남도,창원시,48123,경상남도 창원시 성산구 가음로101번길 6-24,경상남도 창원시 성산구 남양동 40-10,35.2036227,128.7049634,000-0000-0000,창원중부경찰서,2019,Y,2025-12-18,5670000,경상남도 창원시
CU창원남양광천점,경상남도,창원시,48123,경상남도 창원시 성산구 가음로15번길 38 (성원2차아파트),경상남도 창원시 성산구 남양동 22,35.21262033,128.7016048,000-0000-0000,창원중부경찰서,2019,Y,2025-12-18,5670000,경상남도 창원시
GS25옥련아주,인천광역시,연수구,23040,"인천광역시 연수구 청량로 217, 103,104호 (옥련동 253-1)",,37.42610264,126.6525378,032-831-7263,인천연수경찰서,2018,Y,2025-11-30,3520000,인천광역시 연수구
GS25송도스카이,인천광역시,연수구,23040,"인천광역시 연수구 송도과학로27번길 55, B동 107호,108호 (송도동 149, 캠퍼스타운 애비뉴 상가)",,37.38923696,126.6651295,032-817-6539,인천연수경찰서,2018,Y,2025-11-30,3520000,인천광역시 연수구
GS25연수,인천광역시,연수구,23040,"인천광역시 연수구 새말로46번길 4, 1층(연수1동 558-5)",,37.42142526,126.675648,032-814-8943,인천연수경찰서,2018,Y,2025-11-30,3520000,인천광역시 연수구
GS25연수골드,인천광역시,연수구,23040,인천광역시 연수구 함박로 80(연수1동 522-6),,37.4252053,126.6860129,032-812-4252,인천연수경찰서,2018,Y,2025-11-30,3520000,인천광역시 연수구
씨유청학비류점,인천광역시,연수구,23040,,인천광역시 연수구 청학동525-16,37.4277246,126.6621624,,인천연수경찰서,2018,Y,2025-11-30,3520000,인천광역시 연수구
씨유옥련2동점,인천광역시,연수구,23040,,인천광역시 연수구 옥련동269-6,37.42780952,126.653271,,인천연수경찰서,2018,Y,2025-11-30,3520000,인천광역시 연수구
씨유송도플러스점,인천광역시,연수구,23040,,인천광역시 연수구 옥련동336-1,37.4262069,126.6569116,,인천연수경찰서,2018,Y,2025-11-30,3520000,인천광역시 연수구
씨유옥련하나점,인천광역시,연수구,23040,,인천광역시 연수구 옥련동124-1,37.4281104,126.648978,,인천연수경찰서,2018,Y,2025-11-30,3520000,인천광역시 연수구
씨유연수옥련점,인천광역시,연수구,23040,,인천광역시 연수구 옥련동477-3,37.4218145,126.6497287,,인천연수경찰서,2018,Y,2025-11-30,3520000,인천광역시 연수구
씨유연수청학점,인천광역시,연수구,23040,,인천광역시 연수구 청학동500-4,37.41632992,126.6759228,,인천연수경찰서,2018,Y,2025-11-30,3520000,인천광역시 연수구
씨유연수엘리점,인천광역시,연수구,23040,,인천광역시 연수구 연수동613-9,37.4152082,126.6803417,,인천연수경찰서,2018,Y,2025-11-30,3520000,인천광역시 연수구
씨유연수스마일점,인천광역시,연수구,23040,,인천광역시 연수구 연수동619-7,37.41431674,126.681743,,인천연수경찰서,2018,Y,2025-11-30,3520000,인천광역시 연수구
씨유비류원룸점,인천광역시,연수구,23040,,인천광역시 연수구 연수동475-12,37.4252603,126.6731109,,인천연수경찰서,2018,Y,2025-11-30,3520000,인천광역시 연수구
씨유연수원룸점,인천광역시,연수구,23040,,인천광역시 연수구 연수동482-5,37.4253399,126.678128,,인천연수경찰서,2018,Y,2025-11-30,3520000,인천광역시 연수구
씨유송도오네스타점,인천광역시,연수구,23040,,인천광역시 연수구 송도동168-2,37.38096296,126.6566664,,인천연수경찰서,2018,Y,2025-11-30,3520000,인천광역시 연수구
씨유송도해모로점,인천광역시,연수구,23040,,인천광역시 연수구 송도동157,37.38456415,126.6644502,,인천연수경찰서,2018,Y,2025-11-30,3520000,인천광역시 연수구
씨유송도커낼워크점,인천광역시,연수구,23040,,인천광역시 연수구 송도동18-1,37.40094782,126.6386178,,인천연수경찰서,2018,Y,2025-11-30,3520000,인천광역시 연수구
씨유연수한양점,인천광역시,연수구,23040,,인천광역시 연수구 동춘동925,37.40813404,126.6811116,,인천연수경찰서,2018,Y,2025-11-30,3520000,인천광역시 연수구
씨유동춘대동점,인천광역시,연수구,23040,,인천광역시 연수구 동춘동 941,37.40634138,126.6687897,,인천연수경찰서,2018,Y,2025-11-30,3520000,인천광역시 연수구
GS25퍼스트파크13,인천광역시,연수구,23040,"인천광역시 연수구 컨벤시아대로252번길 70, 1310동 105,106호 (송도동 100, 송도 더샵 퍼스트파크 F13-1BL)",,37.38910272,126.6320845,,인천연수경찰서,2018,Y,2025-11-30,3520000,인천광역시 연수구
세븐일레븐 당산역본점,서울특별시,영등포구,11560,서울특별시 영등포구 당산로 237 그린빌 101호,서울특별시 영등포구 당산동6가 306-1 그린빌 101호,37.5349138,126.902264,02-2068-9457,서울영등포경찰서,2017,Y,2025-11-06,3180000,서울특별시 영등포구
세븐일레븐 신길점,서울특별시,영등포구,11560,서울특별시 영등포구 도림로 322,서울특별시 영등포구 신길동 363-5,37.506318,126.9019159,02-831-0601,서울영등포경찰서,2017,Y,2025-11-06,3180000,서울특별시 영등포구
세븐일레븐 신길대신점,서울특별시,영등포구,11560,서울특별시 영등포구 도신로60길 2,서울특별시 영등포구 신길동 115-1,37.5117464,126.9168208,02-845-0550,서울영등포경찰서,2017,Y,2025-11-06,3180000,서울특별시 영등포구
GS25 여의타워점,서울특별시,영등포구,11560,서울특별시 영등포구 63로 36 리버타워 102호,서울특별시 영등포구 여의도동 61-5 리버타워102,37.5194119,126.9386126,02-761-9377,서울영등포경찰서,2017,Y,2025-11-06,3180000,서울특별시 영등포구
GS25 여의KTB점,서울특별시,영등포구,11560,서울특별시 영등포구 여의대로 66 지하 1층,서울특별시 영등포구 여의동 23-3,37.52448728,126.9237676,02-848-0600,서울영등포경찰서,2024,Y,2025-11-06,3180000,서울특별시 영등포구
GS25 양평중앙점,서울특별시,영등포구,11560,서울특별시 영등포구 양평로18길 8,서울특별시 영등포구 양평동4가 161-6,37.537202,126.8971124,02-2633-1247,서울영등포경찰서,2017,Y,2025-11-06,3180000,서울특별시 영등포구
GS25 양평보보점,서울특별시,영등포구,11560,"서울특별시 영등포구 양산로7길 3, 105호","서울특별시 영등포구 양평동3가 17-1, 우림보보카운티오피스텔",37.5258146,126.887188,02-2677-9525,서울영등포경찰서,2017,Y,2025-11-06,3180000,서울특별시 영등포구
GS25 신길역점,서울특별시,영등포구,11560,서울특별시 영등포구 경인로114가길 4,서울특별시 영등포구 영등포동1가 79-1,37.518139,126.9140004,02-2631-5124,서울영등포경찰서,2017,Y,2025-11-06,3180000,서울특별시 영등포구
GS25 선유도타워점,서울특별시,영등포구,11560,"서울특별시 영등포구 선유로49길 23, 비즈타워 123호",서울특별시 영등포구 양평동4가 80,37.53618647,126.8950593,02-6123-4088,서울영등포경찰서,2024,Y,2025-11-06,3180000,서울특별시 영등포구
GS25아크리아,인천광역시,연수구,23040,"인천광역시 연수구 신송로125번길 13, 107호",,37.39456311,126.6511844,032-832-7280,인천연수경찰서,2018,Y,2025-11-30,3520000,인천광역시 연수구
GS25연수중앙,인천광역시,연수구,23040,"인천광역시 연수구 새말로 69번길 1, 1층",,37.4199422,126.6776045,032-817-7869,인천연수경찰서,2018,Y,2025-11-30,3520000,인천광역시 연수구
GS25송도커낼워크,인천광역시,연수구,23040,"인천광역시 연수구 아트센터대로 107, 1층 302-156호",,37.40094782,126.6386178,032-832-8945,인천연수경찰서,2018,Y,2025-11-30,3520000,인천광역시 연수구
GS25송도하모니,인천광역시,연수구,23040,"인천광역시 연수구 하모니로 124, 107호 (송도동 8-19)",,37.3856765,126.6451125,032-834-8995,인천연수경찰서,2018,Y,2025-11-30,3520000,인천광역시 연수구
GS25옥련우성,인천광역시,연수구,23040,"인천광역시 연수구 독배로40번길 47, 106호(옥련1동 462-20)",,37.42460656,126.6475664,032-834-7225,인천연수경찰서,2018,Y,2025-11-30,3520000,인천광역시 연수구
GS25송도중앙,인천광역시,연수구,23040,"인천광역시 연수구 인권로 11, 1층 전부(옥련1동 540-1)",,37.41884112,126.6515473,070-4113-6099,인천연수경찰서,2018,Y,2025-11-30,3520000,인천광역시 연수구
세븐일레븐선학본점,인천광역시,연수구,23040,인천광역시 연수구 학나래로 11 7번길 19,,37.4288461,126.6971393,,인천연수경찰서,2018,Y,2025-11-30,3520000,인천광역시 연수구
세븐일레븐송도 아데니움점,인천광역시,연수구,23040,인천광역시 연수구 신송로 164,,37.39821067,126.6488313,,인천연수경찰서,2018,Y,2025-11-30,3520000,인천광역시 연수구
세븐일레븐웰카운티점,인천광역시,연수구,23040,인천광역시 연수구 해송로 143,인천광역시 연수구 송도동 9-31,37.37905548,126.6477735,,인천연수경찰서,2018,Y,2025-11-30,3520000,인천광역시 연수구
세븐일레븐연수현대점,인천광역시,연수구,23040,인천광역시 연수구 옥련로 33,,37.4282066,126.6437924,032-833-7786,인천연수경찰서,2018,Y,2025-11-30,3520000,인천광역시 연수구
세븐일레븐인천청학점,인천광역시,연수구,23040,,인천광역시 연수구 청학동 497-6,37.4171467,126.675303,,인천연수경찰서,2018,Y,2025-11-30,3520000,인천광역시 연수구
세븐일레븐청학주민센터점,인천광역시,연수구,23040,인천광역시 연수구 비류대로 294번길 16,,37.4254228,126.6659172,,인천연수경찰서,2018,Y,2025-11-30,3520000,인천광역시 연수구
세븐일레븐선학역점,인천광역시,연수구,23040,인천광역시 연수구 경원대로 467번길 3,,37.42584254,126.6982496,032-811-3889,인천연수경찰서,2018,Y,2025-11-30,3520000,인천광역시 연수구
세븐일레븐송도그린워크점,인천광역시,연수구,23040,인천광역시 연수구 컨벤시아대로 130번길 100,,37.3983306,126.6372209,032-859-4035,인천연수경찰서,2018,Y,2025-11-30,3520000,인천광역시 연수구
세븐일레븐송도월드마크1단지점,인천광역시,연수구,23040,인천광역시 연수구 컨벤시아대로 50,,37.39816147,126.6516911,032-831-9945,인천연수경찰서,2018,Y,2025-11-30,3520000,인천광역시 연수구
세븐일레븐송도캐슬해모로점,인천광역시,연수구,23040,인천광역시 연수구 송도과학로51번길 136,,37.3850024,126.6769006,032-811-5275,인천연수경찰서,2018,Y,2025-11-30,3520000,인천광역시 연수구
세븐일레븐송도풍림아이원점,인천광역시,연수구,23040,인천광역시 연수구 신송로 118번길 6,,37.39571631,126.6536002,032-831-5297,인천연수경찰서,2018,Y,2025-11-30,3520000,인천광역시 연수구
세븐일레븐송도테라스점,인천광역시,연수구,23040,,인천광역시 연수구 송도동 22-21,37.39347584,126.6467168,032-859-0711,인천연수경찰서,2018,Y,2025-11-30,3520000,인천광역시 연수구
세븐일레븐인천연수점,인천광역시,연수구,23040,인천광역시 연수구 샘말로 8번길 4,,37.4118023,126.677843,,인천연수경찰서,2018,Y,2025-11-30,3520000,인천광역시 연수구
GS25청학용담,인천광역시,연수구,23040,"인천광역시 연수구 청능대로53번길 32, 1층(청학동 488)",,37.41811612,126.6740625,032-818-9590,인천연수경찰서,2018,Y,2025-11-30,3520000,인천광역시 연수구
GS25청학타운,인천광역시,연수구,23040,인천광역시 연수구 청학로12번길 47(청학동 535-15),,37.42772067,126.6662237,032-832-8366,인천연수경찰서,2018,Y,2025-11-30,3520000,인천광역시 연수구
GS25송도메트로,인천광역시,연수구,23040,인천광역시 연수구 인천타워대로54번길 3,,37.3785344,126.6456353,032-834-8945,인천연수경찰서,2018,Y,2025-11-30,3520000,인천광역시 연수구
GS25연수희망,인천광역시,연수구,23040,"인천광역시 연수구 앵고개로 256, 106호(동춘2동 936-5, 웅지프라자)",,37.40783165,126.6720117,032-812-8943,인천연수경찰서,2018,Y,2025-11-30,3520000,인천광역시 연수구
GS25연수대동,인천광역시,연수구,23040,"인천광역시 연수구 샘말로62번길 17, 1층 (연수2동 620-9)",,37.413412,126.6806206,,인천연수경찰서,2018,Y,2025-11-30,3520000,인천광역시 연수구
GS25연수경원,인천광역시,연수구,23040,"인천광역시 연수구 경원대로467번길 13, 1층 (선학동 405-13, 명빌딩)",,37.4259311,126.697657,032-812-6261,인천연수경찰서,2018,Y,2025-11-30,3520000,인천광역시 연수구
GS25미추홀타워,인천광역시,연수구,23040,"인천광역시 연수구 갯벌로 12, 에이호 (송도동 7-50, 미추홀타워지원시설디지털체험관)",,37.38254275,126.6558417,032-458-5599,인천연수경찰서,2018,Y,2025-11-30,3520000,인천광역시 연수구
GS25청학으뜸,인천광역시,연수구,23040,"인천광역시 연수구 벚꽃로 106, 105호(청학동 496-4)",,37.41763102,126.6772069,032-811-7800,인천연수경찰서,2018,Y,2025-11-30,3520000,인천광역시 연수구
GS25연수태산,인천광역시,연수구,23040,인천광역시 연수구 먼우금로264번길 8-4 (연수동 575-1),,37.41980207,126.6804023,032-822-4502,인천연수경찰서,2018,Y,2025-11-30,3520000,인천광역시 연수구
GS25송도메디,인천광역시,연수구,23040,"인천광역시 연수구 컨벤시아대로130번길 14, 107호 (송도동 22-19, 송도플러스메디프라자)",,37.39295498,126.6448599,032-834-8290,인천연수경찰서,2018,Y,2025-11-30,3520000,인천광역시 연수구
GS25옥련쌍용,인천광역시,연수구,23040,"인천광역시 연수구 청량로184번길 48, 1층 (옥련동 366-9)",,37.4250281,126.6544024,,인천연수경찰서,2018,Y,2025-11-30,3520000,인천광역시 연수구
씨유청학용담점,인천광역시,연수구,23040,,인천광역시 연수구 청학동475,37.4183306,126.6714404,,인천연수경찰서,2018,Y,2025-11-30,3520000,인천광역시 연수구
씨유청학플러스점,인천광역시,연수구,23040,,인천광역시 연수구 청학동537-13,37.4273401,126.6654491,,인천연수경찰서,2018,Y,2025-11-30,3520000,인천광역시 연수구
씨유청학센터점,인천광역시,연수구,23040,,인천광역시 연수구 청학동517-4,37.4302076,126.6620617,,인천연수경찰서,2018,Y,2025-11-30,3520000,인천광역시 연수구
GS25인천송도,인천광역시,연수구,23040,"인천광역시 연수구 해돋이로84번길 29, 102, 103호",,37.39242817,126.6531812,032-858-5805,인천연수경찰서,2018,Y,2025-11-30,3520000,인천광역시 연수구
GS25송도스마트벨,인천광역시,연수구,23040,"인천광역시 연수구 송도미래로 30, c동 103호",,37.36664154,126.6472807,032-720-5525,인천연수경찰서,2018,Y,2025-11-30,3520000,인천광역시 연수구
GS25동춘현대,인천광역시,연수구,23040,"인천광역시 연수구 먼우금로 126, 상가동 103, 104호 (동춘동 924, 현대대림2차아파트)",,37.40927178,126.6740856,,인천연수경찰서,2018,Y,2025-11-30,3520000,인천광역시 연수구
GS25송도호반,인천광역시,연수구,23040,"인천광역시 연수구 송도문화로28번길 27, 상가 2동 104호 (송도동 191-2, 호반베르디움)",,37.37471168,126.6548117,,인천연수경찰서,2018,Y,2025-11-30,3520000,인천광역시 연수구
GS25에듀포레,인천광역시,연수구,23040,"인천광역시 연수구 송도문화로84번길 24, 상가동 105호,106호 (송도동 191-4, 송도에듀포레푸르지오",,37.37431727,126.6604947,,인천연수경찰서,2018,Y,2025-11-30,3520000,인천광역시 연수구
GS25선학중앙,인천광역시,연수구,23040,"인천광역시 연수구 학나래로6번길 32, 1층(선학동 407-10)",,37.4243509,126.6979076,,인천연수경찰서,2018,Y,2025-11-30,3520000,인천광역시 연수구
GS25연수타운,인천광역시,연수구,23040,인천광역시 연수구 샘말로21번길 3(연수2동 602-3),,37.4125075,126.6782113,,인천연수경찰서,2018,Y,2025-11-30,3520000,인천광역시 연수구
GS25동춘태평,인천광역시,연수구,23040,"인천광역시 연수구 앵고개로206번길 10, 101,102호 (동춘동 939, 태평아파트)",,37.41086543,126.6665649,,인천연수경찰서,2018,Y,2025-11-30,3520000,인천광역시 연수구
GS25연수선학,인천광역시,연수구,23040,"인천광역시 연수구 넘말로29번길 21, 1층 (선학동 398-2)",,37.4284072,126.6965548,,인천연수경찰서,2018,Y,2025-11-30,3520000,인천광역시 연수구
GS25동춘풍림,인천광역시,연수구,23040,"인천광역시 연수구 경원대로119번길 21, 분산상가 101호 (동춘동 929, 풍림아파트)",,37.40029851,126.6730899,,인천연수경찰서,2018,Y,2025-11-30,3520000,인천광역시 연수구
GS25인천선학,인천광역시,연수구,23040,"인천광역시 연수구 비류대로 529번길 10, 1층",,37.4235478,126.6935277,032-812-3325,인천연수경찰서,2018,Y,2025-11-30,3520000,인천광역시 연수구
GS25연수우주,인천광역시,연수구,23040,"인천광역시 연수구 함박뫼로 115, 상가동 111",,37.42343946,126.6794018,032-817-2525,인천연수경찰서,2018,Y,2025-11-30,3520000,인천광역시 연수구
GS25청학본,인천광역시,연수구,23040,인천광역시 연수구 비류대로 278번길 8-3,,37.42603476,126.6652368,032-832-0234,인천연수경찰서,2018,Y,2025-11-30,3520000,인천광역시 연수구
세븐일레븐연수청량점,인천광역시,연수구,23040,,인천광역시 연수구 옥련동 348-77,37.42360191,126.6551775,,인천연수경찰서,2018,Y,2025-11-30,3520000,인천광역시 연수구
세븐일레븐송도포스코점,인천광역시,연수구,23040,인천광역시 연수구 컨벤시아대로 42번길 77,,37.40272187,126.644857,,인천연수경찰서,2018,Y,2025-11-30,3520000,인천광역시 연수구
세븐일레븐인천함박희망점,인천광역시,연수구,23040,인천광역시 연수구 함박로 3번길 4,,37.42503001,126.6784991,,인천연수경찰서,2018,Y,2025-11-30,3520000,인천광역시 연수구
세븐일레븐인천연수희망점,인천광역시,연수구,23040,인천광역시 연수구 함박로 67번길 4,,37.425542,126.6849337,032-822-7771,인천연수경찰서,2018,Y,2025-11-30,3520000,인천광역시 연수구
세븐일레븐인천선학점,인천광역시,연수구,23040,"인천광역시 연수구 학나래로 46번길 19, 1층",,37.42543405,126.697764,032-818-3501,인천연수경찰서,2018,Y,2025-11-30,3520000,인천광역시 연수구
세븐일레븐송도점 B,인천광역시,연수구,23040,,인천광역시 연수구 옥련동 550-1,37.4180222,126.6515274,,인천연수경찰서,2018,Y,2025-11-30,3520000,인천광역시 연수구
세븐일레븐연수천지프라자점,인천광역시,연수구,23040,인천광역시 연수구 용담로 118번길 7,,37.41430951,126.6777553,032-811-7365,인천연수경찰서,2018,Y,2025-11-30,3520000,인천광역시 연수구
미니스톱인천메카점,인천광역시,연수구,23040,인천광역시 연수구 용담로125번길 41 (연수동),,37.4157447,126.6798127,,인천연수경찰서,2018,Y,2025-11-30,3520000,인천광역시 연수구
미니스톱연수점,인천광역시,연수구,23040,인천광역시 연수구 비류대로 230 (옥련동)319-14,,37.4269207,126.6602356,,인천연수경찰서,2018,Y,2025-11-30,3520000,인천광역시 연수구
GS25송도글로벌,인천광역시,연수구,23040,"인천광역시 연수구 송도문화로28번길 28, 201동 116호",,37.37811862,126.6539471,032-818-5424,인천연수경찰서,2018,Y,2025-11-30,3520000,인천광역시 연수구
GS25청학수인,인천광역시,연수구,23040,"인천광역시 연수구 청학로6번길 94,1층",,37.426329,126.6683152,032-831-8348,인천연수경찰서,2018,Y,2025-11-30,3520000,인천광역시 연수구
GS25청능공원,인천광역시,연수구,23040,인천광역시 연수구 청능말로 7번길 20,,37.41721308,126.6694422,032-831-9108,인천연수경찰서,2018,Y,2025-11-30,3520000,인천광역시 연수구
GS25송도더샵,인천광역시,연수구,23040,"인천광역시 연수구 아트센터대로97번길 75, 106호",,37.39858834,126.6473659,032-834-2439,인천연수경찰서,2018,Y,2025-11-30,3520000,인천광역시 연수구
GS25 강화동막점,인천광역시,강화군,35700,인천광역시 강화군 화도면 해안남로 1480,,37.59297689,126.4584996,,인천강화경찰서,,Y,2025-11-28,3570000,인천광역시 강화군
세븐일레븐 강화으뜸점,인천광역시,강화군,35700,인천광역시 강화군 화도면 해안남로 1136,,37.61468243,126.4553747,,인천강화경찰서,,Y,2025-11-28,3570000,인천광역시 강화군
세븐일레븐인천심곡센터점,인천광역시,서구,28260,인천광역시 서구 용두산로26번길 14-1,인천광역시 서구 심곡동 326-3,37.54637205,126.6700312,070-7715-2339,인천서부경찰서,2021,Y,2025-11-14,3560000,인천광역시 서구
세븐일레븐가정청담프라자점,인천광역시,서구,28260,인천광역시 서구 염곡로498번안길 28,인천광역시 서구 가정동 611-23,37.52758212,126.6712711,,인천서부경찰서,2021,Y,2025-11-14,3560000,인천광역시 서구
GS25나은병원점,인천광역시,서구,28260,인천광역시 서구 원적로 23,인천광역시 서구 가좌동 277-7,37.48905901,126.6797832,032-503-1207,인천서부경찰서,2021,Y,2025-11-14,3560000,인천광역시 서구
GS25검암승학점,인천광역시,서구,28260,인천광역시 서구 승학로382번길 1,인천광역시 서구 검암동 672-6,37.55585608,126.6732945,032-561-4226,인천서부경찰서,2021,Y,2025-11-14,3560000,인천광역시 서구
GS25서구하늘채점,인천광역시,서구,28260,인천광역시 서구 율도로77번길 41,인천광역시 서구 신현동 279-13,37.51727166,126.6708467,032-579-2335,인천서부경찰서,2021,Y,2025-11-14,3560000,인천광역시 서구
세븐일레븐인천석남서달로점,인천광역시,서구,28260,인천광역시 서구 서달로123번길 14,인천광역시 서구 석남동 485-11,37.50983617,126.6771694,032-578-7338,인천서부경찰서,2021,Y,2025-11-14,3560000,인천광역시 서구
씨유공촌경남점,인천광역시,서구,28260,인천광역시 서구 경명대로694번길 1,인천광역시 서구 공촌동 307,37.55168536,126.6857038,070-8827-7615,인천서부경찰서,2021,Y,2025-11-14,3560000,인천광역시 서구
GS25서부공단점,인천광역시,서구,28260,인천광역시 서구 호두산로58번길 4,인천광역시 서구 경서동 350-96,37.54670686,126.6450529,032-567-3685,인천서부경찰서,2021,Y,2025-11-14,3560000,인천광역시 서구
씨유경서해피트리점,인천광역시,서구,28260,인천광역시 서구 도요지로 188,인천광역시 서구 경서동 999-4,37.55671185,126.6710578,032-566-7920,인천서부경찰서,2021,Y,2025-11-14,3560000,인천광역시 서구
씨유원당어울림점,인천광역시,서구,28260,인천광역시 서구 고산로 17,인천광역시 서구 원당동 854-5,37.59440422,126.7015546,032-562-2983,인천서부경찰서,2021,Y,2025-11-14,3560000,인천광역시 서구
GS25심곡삼성점,인천광역시,서구,28260,인천광역시 서구 용두산로 24,인천광역시 서구 심곡동 328-10,37.54522879,126.670226,032-562-4727,인천서부경찰서,2021,Y,2025-11-14,3560000,인천광역시 서구
씨유서구서영점,인천광역시,서구,28260,인천광역시 서구 탁옥로73번길 38,인천광역시 서구 심곡동 279-2,37.54716736,126.6779273,032-221-7747,인천서부경찰서,2021,Y,2025-11-14,3560000,인천광역시 서구
세븐일레븐검단마전점,인천광역시,서구,28260,인천광역시 서구 마전로 117,인천광역시 서구 마전동 1140-8,37.60863349,126.6682003,032-561-2827,인천서부경찰서,2021,Y,2025-11-14,3560000,인천광역시 서구
씨유서구청라점,인천광역시,서구,28260,인천광역시 서구 심곡로100번길 25,인천광역시 서구 심곡동 291,37.54234309,126.6835686,,인천서부경찰서,2021,Y,2025-11-14,3560000,인천광역시 서구
이마트24루원탑점,인천광역시,서구,28260,인천광역시 서구 염곡로464번길 11,인천광역시 서구 가정동 619-6,37.52641768,126.6705158,,인천서부경찰서,2023,Y,2025-11-14,3560000,인천광역시 서구
세븐일레븐인천마전점,인천광역시,서구,28260,인천광역시 서구 검단로623번길 59,인천광역시 서구 마전동 1130-4,37.6117546,126.6644074,,인천서부경찰서,2023,Y,2025-11-14,3560000,인천광역시 서구
세븐일레븐가좌진흥점,인천광역시,서구,28260,인천광역시 서구 건지로250번길 96,인천광역시 서구 가좌동 167-15,37.49053434,126.6692284,,인천서부경찰서,2023,Y,2025-11-14,3560000,인천광역시 서구
세븐일레븐서구연희공원점,인천광역시,서구,28260,인천광역시 서구 간촌로 19,인천광역시 서구 연희동 707-13,37.54923087,126.679172,,인천서부경찰서,2022,Y,2025-11-14,3560000,인천광역시 서구
씨유서구초롱점,인천광역시,서구,28260,인천광역시 서구 심곡로49번길 6,인천광역시 서구 심곡동 254-4,37.54264417,126.675389,,인천서부경찰서,2022,Y,2025-11-14,3560000,인천광역시 서구
GS25연희필승점,인천광역시,서구,28260,인천광역시 서구 연희로 15,인천광역시 서구 연희동 689-3,37.54917089,126.6753896,,인천서부경찰서,2022,Y,2025-11-14,3560000,인천광역시 서구
씨유심곡대동점,인천광역시,서구,28260,인천광역시 서구 탁옥로97번길 1,인천광역시 서구 심곡동 282-5,37.54383798,126.6803068,,인천서부경찰서,2022,Y,2025-11-14,3560000,인천광역시 서구
세븐일레븐세븐일레븐서구으뜸점,인천광역시,서구,28260,인천광역시 서구 심곡로 21,인천광역시 서구 심곡동 337-6,37.54244516,126.6720058,,인천서부경찰서,2022,Y,2025-11-14,3560000,인천광역시 서구
씨유씨유심곡늘푸른점,인천광역시,서구,28260,인천광역시 서구 승학로 209,인천광역시 서구 심곡동 344-1,37.54119446,126.6722549,,인천서부경찰서,2022,Y,2025-11-14,3560000,인천광역시 서구
GS25연희중앙점,인천광역시,서구,28260,인천광역시 서구 승학로 321,인천광역시 서구 연희동 739-1,37.5503268,126.6736974,,인천서부경찰서,2022,Y,2025-11-14,3560000,인천광역시 서구
씨유검암엘레강스,인천광역시,서구,28260,인천광역시 서구 승학로506번길 89,인천광역시 서구 검암동 658-10,37.55754364,126.6742721,,인천서부경찰서,2022,Y,2025-11-14,3560000,인천광역시 서구
GS25성신여대,서울특별시,성북구,11290,서울특별시 성북구 보문로34길 88,서울특별시 성북구 동선동2가 154,37.59125586,127.0201519,02-4231-9513,성북경찰서,2014,Y,2025-12-23,3070000,서울특별시 성북구
GS25성북한천로,서울특별시,성북구,11290,서울특별시 성북구 한천로 572,서울특별시 성북구 석관동 124-34,37.6108434,127.0630028,02-965-5152,종암경찰서,2014,Y,2025-12-23,3070000,서울특별시 성북구
세븐일레븐인천서구청중앙점,인천광역시,서구,28260,인천광역시 서구 서곶로315번길 14,인천광역시 서구 심곡동 240-5,37.54598224,126.6752791,,인천서부경찰서,2022,Y,2025-11-14,3560000,인천광역시 서구
GS25심곡광명점,인천광역시,서구,28260,인천광역시 서구 승학로235번길 16,인천광역시 서구 심곡동 335-7,37.54366442,126.6709478,,인천서부경찰서,2022,Y,2025-11-14,3560000,인천광역시 서구
씨유심곡센터점,인천광역시,서구,28260,인천광역시 서구 용두산로 11,인천광역시 서구 심곡동 331-1,37.54525898,126.671425,,인천서부경찰서,2022,Y,2025-11-14,3560000,인천광역시 서구
GS25모통공원점,인천광역시,서구,28260,인천광역시 서구 심곡로113번길 28,인천광역시 서구 심곡동 302-4,37.54274189,126.6789014,,인천서부경찰서,2022,Y,2025-11-14,3560000,인천광역시 서구
씨유국제성모병원 1호점,인천광역시,서구,28260,"인천광역시 서구 심곡로 100번길 25 지하1층(심곡동, 국제성모병원)",,37.54233067,126.6836084,,인천서부경찰서,2022,Y,2025-11-14,3560000,인천광역시 서구
씨유서구여성회관점,인천광역시,서구,28260,인천광역시 서구 서달로 16,인천광역시 서구 석남동 322-53,37.49985867,126.6783446,,인천서부경찰서,2023,Y,2025-11-14,3560000,인천광역시 서구
씨유인천검바위역점,인천광역시,서구,28260,인천광역시 서구 서곶로 489,인천광역시 서구 검암동 244-2,37.56145675,126.6772271,,인천서부경찰서,2023,Y,2025-11-14,3560000,인천광역시 서구
씨유루원SK뷰점,인천광역시,서구,28260,인천광역시 서구 가정로 437,,37.52195565,126.6765082,,인천서부경찰서,2023,Y,2025-11-14,3560000,인천광역시 서구
씨유청라대광점,인천광역시,서구,28260,인천광역시 서구 비즈니스로182번길 4-18,인천광역시 서구 청라동 36-6,37.5391571,126.6228567,,인천서부경찰서,2023,Y,2025-11-14,3560000,인천광역시 서구
씨유청라엔파트점,인천광역시,서구,28260,인천광역시 서구 솔빛로 13,인천광역시 서구 청라동 102-3,37.52400114,126.6220586,,인천서부경찰서,2023,Y,2025-11-14,3560000,인천광역시 서구
씨유청라파크자이2단지점,인천광역시,서구,28260,인천광역시 서구 보석로18번길 15,인천광역시 서구 청라동 104-137,37.52174448,126.6259286,,인천서부경찰서,2023,Y,2025-11-14,3560000,인천광역시 서구
씨유서구청라SK점,인천광역시,서구,28260,인천광역시 서구 솔빛로 93,인천광역시 서구 청라동 103-16,37.52612764,126.6298992,,인천서부경찰서,2023,Y,2025-11-14,3560000,인천광역시 서구
GS25청라레이크봄점,인천광역시,서구,28260,인천광역시 서구 청라한내로100번길 8-28,인천광역시 서구 청라동 96-7,37.53329264,126.6304203,070-7766-7346,인천서부경찰서,2023,Y,2025-11-14,3560000,인천광역시 서구
GS25청라대장점,인천광역시,서구,28260,인천광역시 서구 청라한내로72번길 7-15,인천광역시 서구 청라동 96-16,37.53254695,126.6292967,,인천서부경찰서,2023,Y,2025-11-14,3560000,인천광역시 서구
씨유원당신안점,인천광역시,서구,28260,인천광역시 서구 원당대로820번길 15,인천광역시 서구 당하동 1027-16,37.59234797,126.692216,,인천서부경찰서,2023,Y,2025-11-14,3560000,인천광역시 서구
세븐일레븐가좌공단중앙점,인천광역시,서구,28260,인천광역시 서구 장고개로243번길 26,인천광역시 서구 가좌동 273-23,37.48707728,126.6769351,,인천서부경찰서,2023,Y,2025-11-14,3560000,인천광역시 서구
세븐일레븐신현점,인천광역시,서구,28260,인천광역시 서구 가경주로 46,인천광역시 서구 가정동 515,37.51735895,126.673760,,인천서부경찰서,2023,Y,2025-11-14,3560000,인천광역시 서구
씨유루원리더점,인천광역시,서구,28260,인천광역시 서구 가정로 437 루원시티 SK리더스뷰 1층 301동 B220호,인천광역시 서구 가정동 480-15,37.52321972,126.6720856,,인천서부경찰서,2023,Y,2025-11-14,3560000,인천광역시 서구
GS25인천신현타운점,인천광역시,서구,28260,인천광역시 서구 새오개로 79,인천광역시 서구 신현동 173-32,37.5172825,126.6653704,,인천서부경찰서,2023,Y,2025-11-14,3560000,인천광역시 서구
씨유가정루에블리점,인천광역시,서구,28260,인천광역시 서구 봉오재1로 49,인천광역시 서구 신현동 304-2,37.52394782,126.6670938,,인천서부경찰서,2023,Y,2025-11-14,3560000,인천광역시 서구
세븐일레븐가정호반점,인천광역시,서구,28260,인천광역시 서구 봉오재3로 75,인천광역시 서구 가정동 609-1,37.52933662,126.6681586,,인천서부경찰서,2023,Y,2025-11-14,3560000,인천광역시 서구
세븐일레븐청라풍경채점,인천광역시,서구,28260,인천광역시 서구 청라커낼로 321,인천광역시 서구 청라동 147-11,37.53721418,126.6444001,,인천서부경찰서,2023,Y,2025-11-14,3560000,인천광역시 서구
GS25가좌하늘점,인천광역시,서구,28260,인천광역시 서구 건지로284번길 11-1,인천광역시 서구 가좌동 111-36,37.49799308,126.6738197,,인천서부경찰서,2023,Y,2025-11-14,3560000,인천광역시 서구
씨유서구청라한신점,인천광역시,서구,28260,인천광역시 서구 청라커낼로260번길 27,인천광역시 서구 청라동 157-21,37.53238773,126.6470454,032-566-4025,인천서부경찰서,2023,Y,2025-11-14,3560000,인천광역시 서구
씨유청라그랑블점,인천광역시,서구,28260,인천광역시 서구 청라에메랄드로 65,인천광역시 서구 청라동 165-10,37.5305377943,126.6560214761,,인천서부경찰서,2023,Y,2025-11-14,3560000,인천광역시 서구
GS25청라다예다음점,인천광역시,서구,28260,인천광역시 서구 청라에메랄드로 134,인천광역시 서구 청라동 130-4,37.536713287,126.6570027001,,인천서부경찰서,2023,Y,2025-11-14,3560000,인천광역시 서구
씨유청라파크점,인천광역시,서구,28260,인천광역시 서구 청라에메랄드로133번길 14,인천광역시 서구 청라동 129-1,37.53689586,126.6550321,,인천서부경찰서,2023,Y,2025-11-14,3560000,인천광역시 서구
세븐일레븐청라청연점,인천광역시,서구,28260,인천광역시 서구 중봉대로586번길 15,인천광역시 서구 청라동 163-2,37.53210778,126.651382,,인천서부경찰서,2023,Y,2025-11-14,3560000,인천광역시 서구
이마트24청라엑슬루점,인천광역시,서구,28260,인천광역시 서구 중봉대로586번길 22,인천광역시 서구 청라동 164-1,37.53080502,126.6513493,,인천서부경찰서,2023,Y,2025-11-14,3560000,인천광역시 서구
씨유청라진성점,인천광역시,서구,28260,인천광역시 서구 청라커낼로260번길 11,인천광역시 서구 청라동 158-1,37.53208842,126.6457212,,인천서부경찰서,2023,Y,2025-11-14,3560000,인천광역시 서구
이마트24청라국제도시점,인천광역시,서구,28260,인천광역시 서구 청라커낼로288번길 26,인천광역시 서구 청라동 157-10,37.53366048,126.6474412,032-563-7442,인천서부경찰서,2023,Y,2025-11-14,3560000,인천광역시 서구
세븐일레븐청라경연프라자점,인천광역시,서구,28260,인천광역시 서구 청라루비로 95,인천광역시 서구 청라동 152-10,37.53373805,126.6401487,032-577-0099,인천서부경찰서,2023,Y,2025-11-14,3560000,인천광역시 서구
GS25청라본점,인천광역시,서구,28260,인천광역시 서구 크리스탈로74번길 17,인천광역시 서구 청라동 153-3,37.53205671,126.6385315,032-568-6463,인천서부경찰서,2023,Y,2025-11-14,3560000,인천광역시 서구
세븐일레븐청라포스코점,인천광역시,서구,28260,인천광역시 서구 크리스탈로74번길 26,인천광역시 서구 청라동 154-1,37.53084007,126.6381434,,인천서부경찰서,2023,Y,2025-11-14,3560000,인천광역시 서구
세븐일레븐가정루원시티점,인천광역시,서구,28260,인천광역시 서구 가정로406번길 14-1,인천광역시 서구 가정동 495-16,37.52101526,126.6748258,,인천서부경찰서,2023,Y,2025-11-14,3560000,인천광역시 서구
씨유서구성민병원점,인천광역시,서구,28260,인천광역시 서구 칠천왕로33번길 22,인천광역시 서구 석남동 523-18,37.50949157,126.669249,,인천서부경찰서,2023,Y,2025-11-14,3560000,인천광역시 서구
GS25가좌진주점,인천광역시,서구,28260,인천광역시 서구 장고개로293번길 17,인천광역시 서구 가좌동 241-14,37.49025062,126.682769,,인천서부경찰서,2023,Y,2025-11-14,3560000,인천광역시 서구
씨유연희타운점,인천광역시,서구,28260,인천광역시 서구 심곡로 193-14,인천광역시 서구 연희동 696-12,37.55034572,126.6805601,,인천서부경찰서,2023,Y,2025-11-14,3560000,인천광역시 서구
GS25연희해드림점,인천광역시,서구,28260,인천광역시 서구 간촌로31번길 2,인천광역시 서구 연희동 703-7,37.54919889,126.6807098,,인천서부경찰서,2023,Y,2025-11-14,3560000,인천광역시 서구
씨유서구중앙점,인천광역시,서구,28260,인천광역시 서구 가경주로24번길 11,인천광역시 서구 가정동 521-12,37.51551099,126.6748687,,인천서부경찰서,2023,Y,2025-11-14,3560000,인천광역시 서구
씨유검단우방1차점,인천광역시,서구,28260,인천광역시 서구 완정로 208,인천광역시 서구 금곡동 736-1,37.60369743,126.6532865,,인천서부경찰서,2023,Y,2025-11-14,3560000,인천광역시 서구
씨유뉴검단탑병원점,인천광역시,서구,28260,인천광역시 서구 청마로34번길 6,인천광역시 서구 당하동 1075-9,37.59134137,126.6692947,,인천서부경찰서,2023,Y,2025-11-14,3560000,인천광역시 서구
씨유연희베스트점,인천광역시,서구,28260,인천광역시 서구 연희로 24,인천광역시 서구 연희동 739-8,37.54940138,126.6744456,,인천서부경찰서,2023,Y,2025-11-14,3560000,인천광역시 서구
씨유가좌썬스타점,인천광역시,서구,28260,인천광역시 서구 봉수대로 151,인천광역시 서구 가좌동 178-67,37.48974567,126.6591408,032-577-5899,인천서부경찰서,2023,Y,2025-11-14,3560000,인천광역시 서구
GS25마전현대점,인천광역시,서구,28260,인천광역시 서구 완정로34번길 53,인천광역시 서구 마전동 1004,37.59769548,126.6742115,032-561-2003,인천서부경찰서,2023,Y,2025-11-14,3560000,인천광역시 서구
세븐일레븐인천석남로점,인천광역시,서구,28260,인천광역시 서구 석남로 67,인천광역시 서구 석남동 588-25,37.50113899,126.6690152,032-277-2896,인천서부경찰서,2023,Y,2025-11-14,3560000,인천광역시 서구
GS25가좌초원점,인천광역시,서구,28260,인천광역시 서구 가정로112번길 13,인천광역시 서구 가좌동 144-17,37.49464007,126.6733224,032-575-7127,인천서부경찰서,2023,Y,2025-11-14,3560000,인천광역시 서구
GS25인천가좌점,인천광역시,서구,28260,인천광역시 서구 가정로78번길 20,인천광역시 서구 가좌동 158,37.49145152,126.6734504,032-576-2511,인천서부경찰서,2023,Y,2025-11-14,3560000,인천광역시 서구
GS25검암공원점,인천광역시,서구,28260,인천광역시 서구 검암로39번길 30-12,인천광역시 서구 검암동 493-1,37.5678769,126.6770208,032-566-1626,인천서부경찰서,2023,Y,2025-11-14,3560000,인천광역시 서구
GS25검단정석점,인천광역시,서구,28260,인천광역시 서구 발산로 41,인천광역시 서구 원당동 1043-9,37.59304669,126.7120027,,인천서부경찰서,2023,Y,2025-11-14,3560000,인천광역시 서구
씨유석남드림점,인천광역시,서구,28260,인천광역시 서구 신석로122번길 10,인천광역시 서구 석남동 498-3,37.50880914,126.6751531,,인천서부경찰서,2023,Y,2025-11-14,3560000,인천광역시 서구
이마트24서구심곡점,인천광역시,서구,28260,인천광역시 서구 탁옥로33번길 9,인천광역시 서구 심곡동 242-11,37.54488319,126.6731519,,인천서부경찰서,2023,Y,2025-11-14,3560000,인천광역시 서구
이마트24석남중앙점,인천광역시,서구,28260,인천광역시 서구 건지로249번길 21,인천광역시 서구 석남동 588-7,37.50121817,126.6698443,,인천서부경찰서,2024,Y,2025-11-14,3560000,인천광역시 서구
GS25경서드림점,인천광역시,서구,28260,인천광역시 서구 도요지로 21,인천광역시 서구 경서동 723-3,37.55921783,126.652751,,인천서부경찰서,2023,Y,2025-11-14,3560000,인천광역시 서구
GS25검단목화점,인천광역시,서구,28260,,인천광역시 서구 마전동 916 상가동 101호,37.60452553,126.658373,,인천서부경찰서,2023,Y,2025-11-14,3560000,인천광역시 서구
씨유서구완정로점,인천광역시,서구,28260,인천광역시 서구 완정로133번길 2,인천광역시 서구 왕길동 664-3,37.60042693,126.6607549,,인천서부경찰서,2023,Y,2025-11-14,3560000,인천광역시 서구
CU 갈산하나점,인천광역시,부평구,28237,"인천광역시 부평구 갈월서로 45(갈산동,하나아파트)",인천광역시 부평구 갈산동 362,37.51064108,126.7220171,070-4432-8077,인천삼산경찰서,2021,Y,2025-12-22,3540000,인천광역시 부평구
CU 갈산한국점,인천광역시,부평구,28237,"인천광역시 부평구 부평대로278번길 42(갈산동,한국아파트)",인천광역시 부평구 갈산동 179-1,37.5142879,126.7242571,032-297-0909,인천삼산경찰서,2021,Y,2025-12-22,3540000,인천광역시 부평구
도서관 동수작은도서관,인천광역시,부평구,28237,인천광역시 부평구 동수북로166번길 20,인천광역시 부평구 부평동 699-22,37.488001,126.724491,032-509-8884,인천부평경찰서,2019,Y,2025-12-22,3540000,인천광역시 부평구
도서관 희망천작은도서관,인천광역시,부평구,28237,인천광역시 부평구 경인로834번길 8,인천광역시 부평구 부평동 768-110,37.482237,126.7145029,032-509-8623,인천부평경찰서,2019,Y,2025-12-22,3540000,인천광역시 부평구
미니스톱 부평북부점,인천광역시,부평구,28237,인천광역시 부평구 경원대로 1417,인천광역시 부평구 부평동 160-24,37.491408,126.726619,,인천삼산경찰서,2019,Y,2025-12-22,3540000,인천광역시 부평구
세븐일레븐 삼산햇살점,인천광역시,부평구,28237,인천광역시 부평구 충선로 311번길 27,인천광역시 부평구 삼산동 428-3,37.51693663,126.733665,,인천삼산경찰서,2019,Y,2025-12-22,3540000,인천광역시 부평구
세븐일레븐 백운역점,인천광역시,부평구,28237,인천광역시 부평구 마장로 75,인천광역시 부평구 십정동 186-84,37.485498,126.707679,032-505-0681,인천부평경찰서,2019,Y,2025-12-22,3540000,인천광역시 부평구
GS25 동수로점,인천광역시,부평구,28237,인천광역시 부평구 동수로 27,인천광역시 부평구 부평동 672-23,37.48509244,126.721527,032-502-9506,인천부평경찰서,2019,Y,2025-12-22,3540000,인천광역시 부평구
세븐일레븐 부평상정로점,인천광역시,부평구,28237,인천광역시 부평구 상정로17,인천광역시 부평구 십정동 187-20,37.480758,126.7013031,1577-0711,인천부평경찰서,2019,Y,2025-12-22,3540000,인천광역시 부평구
세븐일레븐 부평십정동점,인천광역시,부평구,28237,인천광역시 부평구 함봉로42번길 7-1,인천광역시 부평구 십정동 75-7,37.48191818,126.694204,1577-0711,인천부평경찰서,2019,Y,2025-12-22,3540000,인천광역시 부평구
세븐일레븐 노체점,인천광역시,부평구,28237,인천광역시 부평구 부흥로264,인천광역시 부평구 부평동 529-40,37.498303,126.721055,032-522-0999,인천부평경찰서,2019,Y,2025-12-22,3540000,인천광역시 부평구
여성권익시설 오내친구장애인성폭력상담소,인천광역시,부평구,28237,인천광역시 부평구 부평대로 137-10,인천광역시 부평구 부평동 41-14,37.503758,126.720773,032-506-5479,인천부평경찰서,2018,Y,2025-12-22,3540000,인천광역시 부평구
CU 부평에이에프점,인천광역시,부평구,28237,인천광역시 부평구 경인로735번길 3,인천광역시 부평구 십정동 580-8,37.475216,126.709072,080-080-3663,인천부평경찰서,2018,Y,2025-12-22,3540000,인천광역시 부평구
CU 부평일신동2호점,인천광역시,부평구,28237,인천광역시 부평구 일신로 8,인천광역시 부평구 일신동 108-12,37.48422399,126.7455614,032-521-1530,인천삼산경찰서,2018,Y,2025-12-22,3540000,인천광역시 부평구
CU 동암향기점,인천광역시,부평구,28237,인천광역시 부평구 하정로20번길 3,인천광역시 부평구 십정동 401,37.47410413,126.702445,032-421-2586,인천부평경찰서,2018,Y,2025-12-22,3540000,인천광역시 부평구
CU 동암제일점,인천광역시,부평구,28237,인천광역시 부평구 아트센터로74번길 78,인천광역시 부평구 십정동 491-1,37.47313126,126.706877,032-424-7546,인천부평경찰서,2018,Y,2025-12-22,3540000,인천광역시 부평구
CU 부평경인센터점,인천광역시,부평구,28237,인천광역시 부평구 백범로577번길 15-5,인천광역시 부평구 십정동 557-27,37.47391523,126.6892839,032-572-8752,인천부평경찰서,2018,Y,2025-12-22,3540000,인천광역시 부평구
CU 부평동암남부역점,인천광역시,부평구,28237,인천광역시 부평구 동암남로 4,인천광역시 부평구 십정동 519-1,37.470804,126.703851,032-505-9199,인천부평경찰서,2018,Y,2025-12-22,3540000,인천광역시 부평구
CU 동암그린점,인천광역시,부평구,28237,인천광역시 부평구 배곶로 36,인천광역시 부평구 십정동 315-16,37.471341,126.697533,032-429-4113,인천부평경찰서,2018,Y,2025-12-22,3540000,인천광역시 부평구
CU 동암비버리씨티점,인천광역시,부평구,28237,인천광역시 부평구 열우물로25번길 14-3,인천광역시 부평구 십정동 406-3,37.471107,126.7004053,032-422-0721,인천부평경찰서,2018,Y,2025-12-22,3540000,인천광역시 부평구
CU 청천수출단지점,인천광역시,부평구,28237,인천광역시 부평구 안남로434번길 23,인천광역시 부평구 청천동 409-7,37.522105,126.7121475,032-511-6120,인천부평경찰서,2018,Y,2025-12-22,3540000,인천광역시 부평구
CU 산곡삼보점,인천광역시,부평구,28237,인천광역시 부평구 원적로 286,인천광역시 부평구 산곡동 180-390,37.50452139,126.697924,032-513-3068,인천부평경찰서,2018,Y,2025-12-22,3540000,인천광역시 부평구
CU 산곡한양점,인천광역시,부평구,28237,인천광역시 부평구 마장로 287,인천광역시 부평구 산곡동 182,37.50360605,126.7008096,032-330-0441,인천부평경찰서,2018,Y,2025-12-22,3540000,인천광역시 부평구
CU 부평동아점,인천광역시,부평구,28237,인천광역시 부평구 부흥로 245,인천광역시 부평구 부평동 70-88,37.49903421,126.719095,032-501-4314,인천부평경찰서,2018,Y,2025-12-22,3540000,인천광역시 부평구
CU 부평문화점,인천광역시,부평구,28237,인천광역시 부평구 부평문화로65번길 25,인천광역시 부평구 부평동 206-14,37.495156,126.723319,032-361-6636,인천삼산경찰서,2018,Y,2025-12-22,3540000,인천광역시 부평구
CU 부개무지개점,인천광역시,부평구,28237,인천광역시 부평구 길주로 640,인천광역시 부평구 부개동 477-1,37.506172,126.7340596,032-522-6455,인천삼산경찰서,2018,Y,2025-12-22,3540000,인천광역시 부평구
CU 부평해인점,인천광역시,부평구,28237,인천광역시 부평구 원적로488번길 13,인천광역시 부평구 부평동 451-98,37.5025961,126.7210936,032-505-9695,인천부평경찰서,2018,Y,2025-12-22,3540000,인천광역시 부평구
CU 부평래미안점,인천광역시,부평구,28237,인천광역시 부평구 주부토로81번길 50,인천광역시 부평구 부평동 950,37.50275106,126.7226175,032-518-1580,인천삼산경찰서,2018,Y,2025-12-22,3540000,인천광역시 부평구
GS25 문창중앙점,대전광역시,중구,30140,대전광역시 중구 대종로386번길 99,대전광역시 중구 문창동 10-19,36.32276997,127.4341267,042-222-3233,남대전지구대,2017,Y,2025-09-16,3650000,대전광역시 중구
GS25 보문오거리점,대전광역시,중구,30140,대전광역시 중구 충무로 84,대전광역시 중구 대사동 95-2,36.31713813,127.4264966,042-226-4778,남대전지구대,2017,Y,2025-09-16,3650000,대전광역시 중구
GS25 문창사랑점,대전광역시,중구,30140,대전광역시 중구 문창로 108,대전광역시 중구 문창동 33-27,36.32254596,127.4317303,042-252-1422,남대전지구대,2017,Y,2025-09-16,3650000,대전광역시 중구
씨유서구검단로점,인천광역시,서구,28260,인천광역시 서구 검단로 504,인천광역시 서구 마전동 983-2,37.60272694,126.6601514,,인천서부경찰서,2023,Y,2025-11-14,3560000,인천광역시 서구
씨유검단대림점,인천광역시,서구,28260,인천광역시 서구 완정로165번안길 1,인천광역시 서구 왕길동 667-1,37.60098399,126.658251,032-567-7289,인천서부경찰서,2023,Y,2025-11-14,3560000,인천광역시 서구
세븐일레븐검단원룸점,인천광역시,서구,28260,인천광역시 서구 검단로 516,인천광역시 서구 마전동 983-7,37.60320278,126.6613483,032-569-3851,인천서부경찰서,2023,Y,2025-11-14,3560000,인천광역시 서구
씨유검단원룸점,인천광역시,서구,28260,인천광역시 서구 완정로156번안길 11,인천광역시 서구 마전동 991-11,37.60249435,126.6627722,,인천서부경찰서,2023,Y,2025-11-14,3560000,인천광역시 서구
이마트24당하풍림점,인천광역시,서구,28260,인천광역시 서구 청마로148번길 9,인천광역시 서구 당하동 1099-3,37.59078982,126.6783713,,인천서부경찰서,2023,Y,2025-11-14,3560000,인천광역시 서구
GS25검단우림점,인천광역시,서구,28260,,인천광역시 서구 마전동 999-11번지,37.5981805,126.6720459,032-561-2529,인천서부경찰서,2023,Y,2025-11-14,3560000,인천광역시 서구
GS25서구빌리지점,인천광역시,서구,28260,인천광역시 서구 연희로33번길 4,인천광역시 서구 연희동 742-4,37.54890316,126.6732491,,인천서부경찰서,2023,Y,2025-11-14,3560000,인천광역시 서구
씨유서구서곶점,인천광역시,서구,28260,인천광역시 서구 대평로56번길 17,인천광역시 서구 연희동 733-2,37.54878246,126.6703455,,인천서부경찰서,2023,Y,2025-11-14,3560000,인천광역시 서구
세븐일레븐일송점,인천광역시,서구,28260,인천광역시 서구 심곡로194번길 33,인천광역시 서구 공촌동 307-30,37.55080023,126.6857027,032-564-8756,인천서부경찰서,2023,Y,2025-11-14,3560000,인천광역시 서구
씨유공촌중앙점,인천광역시,서구,28260,인천광역시 서구 경명대로683번길 5-1,인천광역시 서구 공촌동 302-3,37.55251213,126.6843597,,인천서부경찰서,2023,Y,2025-11-14,3560000,인천광역시 서구
이마트24서구공촌점,인천광역시,서구,28260,인천광역시 서구 심곡로 208,인천광역시 서구 공촌동 309-10,37.55151764,126.6824362,,인천서부경찰서,2023,Y,2025-11-14,3560000,인천광역시 서구
세븐일레븐가정중앙점,인천광역시,서구,28260,인천광역시 서구 가정로352번길 28,인천광역시 서구 가정동 522,37.51596858,126.6760054,,인천서부경찰서,2024,Y,2025-11-14,3560000,인천광역시 서구
씨유루원하늘채점,인천광역시,서구,28260,인천광역시 서구 가정로 387,인천광역시 서구 신현동 302-1,37.52167915,126.6727509,,인천서부경찰서,2024,Y,2025-11-14,3560000,인천광역시 서구
세븐일레븐청라리치아노점,인천광역시,서구,28260,인천광역시 서구 청라에메랄드로102번길 10,인천광역시 서구 청라동 167-1,37.53393045,126.6574736,,인천서부경찰서,2024,Y,2025-11-14,3560000,인천광역시 서구
세븐일레븐청라센터점,인천광역시,서구,28260,인천광역시 서구 청라라임로 51,인천광역시 서구 청라동 162-22,37.53214039,126.652910,,인천서부경찰서,2024,Y,2025-11-14,3560000,인천광역시 서구
씨유검암황금점,인천광역시,서구,28260,인천광역시 서구 승학로483번길 22-3,인천광역시 서구 검암동 604-2,37.56410352,126.6719036,,인천서부경찰서,2024,Y,2025-11-14,3560000,인천광역시 서구
씨유검암골드점,인천광역시,서구,28260,인천광역시 서구 승학로506번길 27-3,인천광역시 서구 검암동 620-13,37.56298325,126.6755343,,인천서부경찰서,2024,Y,2025-11-14,3560000,인천광역시 서구
씨유연희계명공원점,인천광역시,서구,28260,인천광역시 서구 연희로42번길 11,인천광역시 서구 연희동 735-1,37.55028404,126.6721834,,인천서부경찰서,2024,Y,2025-11-14,3560000,인천광역시 서구
씨유마전해피점,인천광역시,서구,28260,인천광역시 서구 검단로623번안길 2,인천광역시 서구 마전동 1133,37.61112915,126.6668394,,인천서부경찰서,2024,Y,2025-11-14,3560000,인천광역시 서구
GS25루원제일풍경채점,인천광역시,서구,28260,인천광역시 서구 봉오재3로 11,인천광역시 서구 가정동 603-1,37.53107611,126.6673342,,인천서부경찰서,2024,Y,2025-11-14,3560000,인천광역시 서구
GS25심곡대동점,인천광역시,서구,28260,인천광역시 서구 심곡로 129,인천광역시 서구 심곡동 283-8,37.54449432,126.6816623,032-566-5652,인천서부경찰서,2024,Y,2025-11-14,3560000,인천광역시 서구
세븐일레븐거북시장점,인천광역시,서구,28260,인천광역시 서구 거북로 87,인천광역시 서구 석남동 537-9,37.50334298,126.6715481,,인천서부경찰서,2024,Y,2025-11-14,3560000,인천광역시 서구
이마트24서구승학점,인천광역시,서구,28260,인천광역시 서구 승학로506번길 65,인천광역시 서구 검암동 639-1,37.55960715,126.6745547,,인천서부경찰서,2024,Y,2025-11-14,3560000,인천광역시 서구
씨유신현에이스점,인천광역시,서구,28260,인천광역시 서구 염곡로383번길 18,인천광역시 서구 신현동 97-14,37.51912539,126.6669306,,인천서부경찰서,2024,Y,2025-11-14,3560000,인천광역시 서구
GS25뉴가좌유영점,인천광역시,서구,28260,인천광역시 서구 여우재로75번길 3,인천광역시 서구 가좌동 407,37.48447476,126.688500,,인천서부경찰서,2024,Y,2025-11-14,3560000,인천광역시 서구
이마트24검단월드골프점,인천광역시,서구,28260,인천광역시 서구 봉수대로 1548-6,인천광역시 서구 금곡동 242-23,37.61066309,126.6445792,032-299-3030,인천서부경찰서,2024,Y,2025-11-14,3560000,인천광역시 서구
씨유신현미소점,인천광역시,서구,28260,인천광역시 서구 가정로351번길 17,인천광역시 서구 신현동 288-3,37.5161401,126.6707837,,인천서부경찰서,2024,Y,2025-11-14,3560000,인천광역시 서구
GS25뉴청라예다음점,인천광역시,서구,28260,인천광역시 서구 청라에메랄드로 134,인천광역시 서구 청라동 130-4,37.53671329,126.6570027,,인천서부경찰서,2024,Y,2025-11-14,3560000,인천광역시 서구
GS25길음뉴타운,서울특별시,성북구,11290,서울특별시 성북구 삼양로13길 45,서울특별시 성북구 길음동 1281-6,37.61072626,127.0196517,02-929-1315,종암경찰서,2014,Y,2025-12-23,3070000,서울특별시 성북구
GS25고대종암,서울특별시,성북구,11290,서울특별시 성북구 북악산로27길 14,서울특별시 성북구 종암동 31-46,37.59213004,127.0344125,02-929-0567,종암경찰서,2014,Y,2025-12-23,3070000,서울특별시 성북구
CU종암행복점,서울특별시,성북구,11290,서울특별시 성북구 종암로5길 29,서울특별시 성북구 종암동 34-6,37.5940509,127.0342589,02-926-4626,종암경찰서,2014,Y,2025-12-23,3070000,서울특별시 성북구
CU정릉청수점,서울특별시,성북구,11290,서울특별시 성북구 보국문로32길 3,서울특별시 성북구 정릉동 966-101,37.6172001,127.0024647,02-910-7072,성북경찰서,2014,Y,2025-12-23,3070000,서울특별시 성북구
CU성북점,서울특별시,성북구,11290,서울특별시 성북구 성북로8길 4,서울특별시 성북구 성북동 184-48,37.5906171,127.0043319,02-747-4634,성북경찰서,2014,Y,2025-12-23,3070000,서울특별시 성북구
CU성북삼선점,서울특별시,성북구,11290,서울특별시 성북구 삼선교로 16길 48,서울특별시 성북구 삼선동2가 212-1,37.5861266,127.0108003,02-6012-6209,성북경찰서,2014,Y,2025-12-23,3070000,서울특별시 성북구
CU성북로데오점,서울특별시,성북구,11290,서울특별시 성북구 동소문로20가길 22,서울특별시 성북구 동선동1가 100,37.59263467,127.0177319,02-929-0622,성북경찰서,2014,Y,2025-12-23,3070000,서울특별시 성북구
CU 창원가음한림점,경상남도,창원시,48123,경상남도 창원시 성산구 가음정로43번길 1 (가음정빌딩),경상남도 창원시 성산구 가음동 7-3 (가음정빌딩),35.20941847,128.6887871,000-0000-0000,창원중부경찰서,2019,Y,2025-12-18,5670000,경상남도 창원시
다온도서관,대전광역시,대덕구,30230,"대전광역시 대덕구 한밭대로 1009번길 18, 3층",대전광역시 대덕구 오정동 61-1,36.3590204,127.4111687,,중리지구대,,Y,2025-12-26,3680000,대전광역시 대덕구
호식이두마리치킨,대전광역시,대덕구,30230,대전광역시 대덕구 한밭대로 972번길 97,대전광역시 대덕구 오정동 88-11,36.35388818,127.4103286,,중리지구대,,Y,2025-12-26,3680000,대전광역시 대덕구
헤어천사(1004)미용실,대전광역시,대덕구,30230,대전광역시 대덕구 한남로 85,대전광역시 대덕구 오정동 454-4,36.350548,127.4190229,,중리지구대,,N,2025-12-26,3680000,대전광역시 대덕구
헤어드레서미용실,대전광역시,대덕구,30230,대전광역시 대덕구 덕암로 181번길 13,대전광역시 대덕구 덕암동 65-1,36.4368016,127.4218871,,신탄진지구대,,Y,2025-12-26,3680000,대전광역시 대덕구
허갈닭강정 송촌점,대전광역시,대덕구,30230,대전광역시 대덕구 선비마을로 23번길 31,대전광역시 대덕구 송촌동 496-8,36.36403975,127.4458329,,송촌지구대,,Y,2025-12-26,3680000,대전광역시 대덕구
한진마트,대전광역시,대덕구,30230,대전광역시 대덕구 한밭대로1129번길 79,대전광역시 대덕구 중리동 393-16,36.36255361,127.4236221,,중리지구대,,Y,2025-12-26,3680000,대전광역시 대덕구
한라축산,대전광역시,대덕구,30230,대전광역시 대덕구 아리랑로 113번길 26,대전광역시 대덕구 읍내동 483-81,36.37532509,127.4187133,,회덕파출소,,Y,2025-12-26,3680000,대전광역시 대덕구
토종슈퍼,대전광역시,대덕구,30230,대전광역시 대덕구 신상로 9,대전광역시 대덕구 비래동 18-14,36.35482263,127.4553511,,송촌지구대,,Y,2025-12-26,3680000,대전광역시 대덕구
컬투치킨앤피자,대전광역시,대덕구,30230,대전광역시 대덕구 계족로 608번길 17-18,대전광역시 대덕구 법동 200-13,36.366839,127.4312393,,송촌지구대,,Y,2025-12-26,3680000,대전광역시 대덕구
카페모네2호점,대전광역시,대덕구,30230,대전광역시 대덕구 비래골길 56,대전광역시 대덕구 비래동 405,36.3673225,127.4494246,,송촌지구대,,Y,2025-12-26,3680000,대전광역시 대덕구
최소영미용실,대전광역시,대덕구,30230,대전광역시 대덕구 대덕대로 1470번길 27,대전광역시 대덕구 목상동 185-1,36.44807043,127.4124454,,신탄진지구대,,Y,2025-12-26,3680000,대전광역시 대덕구
채우다네일,대전광역시,대덕구,30230,대전광역시 대덕구 비래서로 10번길 76,대전광역시 대덕구 비래동 557-12,36.35223776,127.4437925,,송촌지구대,,Y,2025-12-26,3680000,대전광역시 대덕구
주연미용실,대전광역시,대덕구,30230,대전광역시 대덕구 동춘당로 54번길 40-7,대전광역시 대덕구 송촌동 496-14,36.36433412,127.4451681,,송촌지구대,,Y,2025-12-26,3680000,대전광역시 대덕구
조은헤어샵,대전광역시,대덕구,30230,대전광역시 대덕구 계족로 608번길 17-17,대전광역시 대덕구 법동 201-2,36.36680104,127.4309958,,송촌지구대,,Y,2025-12-26,3680000,대전광역시 대덕구
GS25뉴검단아이원점,인천광역시,서구,28260,"인천광역시 서구 원당대로685번길 32, 102~103호",인천광역시 서구 마전동 1053-1,37.59612163,126.675813,,인천서부경찰서,2025,Y,2025-11-14,3560000,인천광역시 서구
GS25뉴검암제일점,인천광역시,서구,28260,인천광역시 서구 검암로 11,인천광역시 서구 검암동 521-9,37.56522439,126.6804911,,인천서부경찰서,2025,Y,2025-11-14,3560000,인천광역시 서구
이마트24검암2단지점,인천광역시,서구,28260,인천광역시 서구 승학로 536,인천광역시 서구 검암동 524-9,37.56588736,126.6791032,,인천서부경찰서,2025,Y,2025-11-14,3560000,인천광역시 서구
이마트24서구검암점,인천광역시,서구,28260,인천광역시 서구 승학로506번길 16,인천광역시 서구 검암동 611-3,37.56395359,126.6757859,,인천서부경찰서,2025,Y,2025-11-14,3560000,인천광역시 서구
GS25검암빌리지점,인천광역시,서구,28260,인천광역시 서구 승학로450번길 20-2,인천광역시 서구 검암동 635-2,37.5616307,126.6754756,,인천서부경찰서,2025,Y,2025-11-14,3560000,인천광역시 서구
세븐일레븐석남금호점,인천광역시,서구,28260,인천광역시 서구 가정로223번길 28,인천광역시 서구 석남동 532,37.5061343,126.6693608,,인천서부경찰서,2025,Y,2025-11-14,3560000,인천광역시 서구
이마트24인천석남역점,인천광역시,서구,28260,인천광역시 서구 면개포로34,인천광역시 서구 석남동 544,37.50607481,126.6731072,,인천서부경찰서,2025,Y,2025-11-14,3560000,인천광역시 서구
이마트24석남스타점,인천광역시,서구,28260,인천광역시 서구 가정로 191,인천광역시 서구 석남동 583-7,37.50181453,126.6718136,032-572-8754,인천서부경찰서,2025,Y,2025-11-14,3560000,인천광역시 서구
GS25서구석남백점,인천광역시,서구,28260,인천광역시 서구 석남로 100,인천광역시 서구 석남동 579-13,37.50065079,126.6727506,,인천서부경찰서,2025,Y,2025-11-14,3560000,인천광역시 서구
이마트24가좌3동점,인천광역시,서구,28260,"인천광역시 서구 신진말로 28번길 16, 친흥아파트 상가동 103호",인천광역시 서구 가좌동 215-3,37.49216795,126.6782328,032-572-9790,인천서부경찰서,2025,Y,2025-11-14,3560000,인천광역시 서구
GS25검암중앙점,인천광역시,서구,28260,인천광역시 서구 승학로 504,인천광역시 서구 검암동 610-5,37.56507387,126.675682,,인천서부경찰서,2025,Y,2025-11-14,3560000,인천광역시 서구
GS25검단행복이음점,인천광역시,서구,28260,"인천광역시 서구 이음1로 420, 검단26단지 상가11호",인천광역시 서구 원당동 1026,37.59793151,126.7159494,,인천서부경찰서,2025,Y,2025-11-14,3560000,인천광역시 서구
CU 부평마이빌점,인천광역시,부평구,28237,인천광역시 부평구 부평대로 102,인천광역시 부평구 부평동 439-12,37.500432,126.7224315,032-330-9541,인천삼산경찰서,2018,Y,2025-12-22,3540000,인천광역시 부평구
CU 부개중앙점,인천광역시,부평구,28237,인천광역시 부평구 마분로19번길 3,인천광역시 부평구 부개동 387-2,37.48448819,126.738708,032-504-1580,인천삼산경찰서,2018,Y,2025-12-22,3540000,인천광역시 부평구
CU 세림병원점,인천광역시,부평구,28237,인천광역시 부평구 길주로 510,인천광역시 부평구 청천동 199-30 경남아파트,37.5073735,126.7189314,032-511-6103,인천부평경찰서,2018,Y,2025-12-22,3540000,인천광역시 부평구
CU 삼산미래타운점,인천광역시,부평구,28237,인천광역시 부평구 부평북로 433,인천광역시 부평구 삼산동 387-4,37.52220579,126.741817,032-502-6920,인천삼산경찰서,2018,Y,2025-12-22,3540000,인천광역시 부평구
CU 삼산한길점,인천광역시,부평구,28237,인천광역시 부평구 영성중로15번길 6,인천광역시 부평구 삼산동 121-48,37.518124,126.743857,032-508-0638,인천삼산경찰서,2018,Y,2025-12-22,3540000,인천광역시 부평구
CU 삼산주공점,인천광역시,부평구,28237,인천광역시 부평구 충선로 303,인천광역시 부평구 삼산동 432-5,37.516116,126.735153,032-512-3599,인천삼산경찰서,2018,Y,2025-12-22,3540000,인천광역시 부평구
CU 백운현대점,인천광역시,부평구,28237,인천광역시 부평구 화랑남로 13-1,인천광역시 부평구 산곡동 311-130,37.4926418,126.706206,032-507-8717,인천부평경찰서,2018,Y,2025-12-22,3540000,인천광역시 부평구
CU 부평선경점,인천광역시,부평구,28237,인천광역시 부평구 장제로52번길 23,인천광역시 부평구 부평동 496-7,37.490032,126.731056,032-225-8745,인천삼산경찰서,2018,Y,2025-12-22,3540000,인천광역시 부평구
CU 청천그린점,인천광역시,부평구,28237,인천광역시 부평구 청농로 62,인천광역시 부평구 청천동 70-73,37.517826,126.689506,032-512-7064,인천부평경찰서,2018,Y,2025-12-22,3540000,인천광역시 부평구
CU 부평도서관점,인천광역시,부평구,28237,인천광역시 부평구 신트리로 18,인천광역시 부평구 부평동 882-4,37.505784,126.723073,032-504-6779,인천삼산경찰서,2018,Y,2025-12-22,3540000,인천광역시 부평구
CU 부평5동점,인천광역시,부평구,28237,인천광역시 부평구 부평문화로 131,인천광역시 부평구 부평동 364-11,37.49426835,126.7309037,032-525-1727,인천삼산경찰서,2018,Y,2025-12-22,3540000,인천광역시 부평구
CU 부평공원점,인천광역시,부평구,28237,인천광역시 부평구 길주남로 33,인천광역시 부평구 부평동 889-6,37.504741,126.725271,032-507-6578,인천삼산경찰서,2018,Y,2025-12-22,3540000,인천광역시 부평구
CU 부평형제점,인천광역시,부평구,28237,인천광역시 부평구 광장로30번길 78,인천광역시 부평구 부평동 180-6,37.49007647,126.7287543,032-527-6110,인천부평경찰서,2018,Y,2025-12-22,3540000,인천광역시 부평구
CU 부평블루점,인천광역시,부평구,28237,인천광역시 부평구 시장로61번길 6,인천광역시 부평구 부평동 222-4,37.49615337,126.727803,032-518-0393,인천삼산경찰서,2018,Y,2025-12-22,3540000,인천광역시 부평구
CU 부평시장점,인천광역시,부평구,28237,인천광역시 부평구 주부토로 23,인천광역시 부평구 부평동 373-4,37.49722753,126.724736,032-502-3999,인천삼산경찰서,2018,Y,2025-12-22,3540000,인천광역시 부평구
CU 부개크라운점,인천광역시,부평구,28237,인천광역시 부평구 경인로1058번길 13,인천광역시 부평구 부개동 265-36,37.486004,126.737425,032-330-7858,인천삼산경찰서,2018,Y,2025-12-22,3540000,인천광역시 부평구
CU 인천부개동점,인천광역시,부평구,28237,인천광역시 부평구 동수로128번길 17-4,인천광역시 부평구 부개동 251,37.48434603,126.733879,032-511-7668,인천삼산경찰서,2018,Y,2025-12-22,3540000,인천광역시 부평구
CU 갈산행복점,인천광역시,부평구,28237,인천광역시 부평구 새갈로 6,인천광역시 부평구 갈산동 37-4,37.51840036,126.7301158,032-529-0329,인천삼산경찰서,2018,Y,2025-12-22,3540000,인천광역시 부평구
씨스페이스 부평프렌즈,인천광역시,부평구,28237,인천광역시 부평구 경원대로 1414,인천광역시 부평구 부평동 185-41,37.49101722,126.726057,032-506-4919,인천부평경찰서,2018,Y,2025-12-22,3540000,인천광역시 부평구
씨스페이스 부평베스트,인천광역시,부평구,28237,인천광역시 부평구 부평대로 24,인천광역시 부평구 부평동 199-20,37.493519,126.7233073,032-526-1082,인천삼산경찰서,2018,Y,2025-12-22,3540000,인천광역시 부평구
세븐일레븐 부평점 B,인천광역시,부평구,28237,인천광역시 부평구 경원대로 1264,인천광역시 부평구 부평동 274-94,37.48932834,126.710046,032-526-4434,인천부평경찰서,2018,Y,2025-12-22,3540000,인천광역시 부평구
세븐일레븐 부평시티점,인천광역시,부평구,28237,인천광역시 부평구 경원대로1377번길 23,인천광역시 부평구 부평동 546-38,37.492311,126.722114,032-527-1205,인천부평경찰서,2018,Y,2025-12-22,3540000,인천광역시 부평구
세븐일레븐 삼산미래타운점,인천광역시,부평구,28237,인천광역시 부평구 영성중로 50,인천광역시 부평구 삼산동 391-3,37.52068338,126.745495,032-528-8906,인천삼산경찰서,2018,Y,2025-12-22,3540000,인천광역시 부평구
세븐일레븐 부평5동점,인천광역시,부평구,28237,인천광역시 부평구 부평문화로 116,인천광역시 부평구 부평동 525-1,37.49402638,126.7291062,032-503-0008,인천삼산경찰서,2018,Y,2025-12-22,3540000,인천광역시 부평구
세븐일레븐 부평2호점,인천광역시,부평구,28237,인천광역시 부평구 부평문화로39번길 4,인천광역시 부평구 부평동 542-28,37.494116,126.7208037,032-511-7128,인천부평경찰서,2018,Y,2025-12-22,3540000,인천광역시 부평구
세븐일레븐 인천삼산사랑점,인천광역시,부평구,28237,인천광역시 부평구 영성중로 15번길 52,인천광역시 부평구 삼산동 165-3,37.51831222,126.741248,032-506-4998,인천삼산경찰서,2018,Y,2025-12-22,3540000,인천광역시 부평구
세븐일레븐 인천광역시개흥초교점,인천광역시,부평구,28237,인천광역시 부평구 장제로 221번길 36,인천광역시 부평구 부평동 895-4,37.505514,126.728833,032-511-5867,인천삼산경찰서,2018,Y,2025-12-22,3540000,인천광역시 부평구
세븐일레븐 중곡빌리지점,서울특별시,광진구,11215,서울특별시 광진구 용마산로3길 32,서울특별시 광진구 중곡동 121-43,37.5561974,127.0862161,,광진경찰서,,Y,2025-12-23,3040000,서울특별시 광진구
세븐일레븐 건대제일점,서울특별시,광진구,11215,서울특별시 광진구 동일로22길 59,서울특별시 광진구 화양동 47-67,37.54169965,127.0676312,02-3409-1526,광진경찰서,,Y,2025-12-23,3040000,서울특별시 광진구
세븐일레븐 건대예술점,서울특별시,광진구,11215,서울특별시 광진구 능동로 143,서울특별시 광진구 화양동 3-21,37.54359372,127.0720679,02-468-3711,광진경찰서,,Y,2025-12-23,3040000,서울특별시 광진구
GS25 자양강변,서울특별시,광진구,11215,서울특별시 광진구 뚝섬로52라길 3,서울특별시 광진구 자양동 639-11,37.52990909,127.0787905,02-3436-9802,광진경찰서,,Y,2025-12-23,3040000,서울특별시 광진구
GS25 군자행운,서울특별시,광진구,11215,서울특별시 광진구 군자로 141,서울특별시 광진구 군자동 48-24,37.55430776,127.0748263,080-999-5425,광진경찰서,,Y,2025-12-23,3040000,서울특별시 광진구
GS25 강화마니산점,인천광역시,강화군,35700,인천광역시 강화군 화도면 마니산로675번길 5,,37.6335206,126.4235171,,인천강화경찰서,,Y,2025-11-28,3570000,인천광역시 강화군
GS25 부근리점,인천광역시,강화군,35700,인천광역시 강화군 하점면 강화대로 913,,37.7692319,126.4438678,,인천강화경찰서,,Y,2025-11-28,3570000,인천광역시 강화군
GS25 장정리점,인천광역시,강화군,35700,인천광역시 강화군 하점면 강화대로 1104,,37.77296602,126.4239734,,인천강화경찰서,,Y,2025-11-28,3570000,인천광역시 강화군
세븐일레븐 해안도로점,인천광역시,강화군,35700,인천광역시 강화군 양도면 해안서로 508,,37.67734568,126.4022822,,인천강화경찰서,2020,Y,2025-11-28,3570000,인천광역시 강화군
GS25 강화베리점,인천광역시,강화군,35700,인천광역시 강화군 양도면 중앙로 762,,37.70067587,126.4348561,,인천강화경찰서,,Y,2025-11-28,3570000,인천광역시 강화군
강화솔정점,인천광역시,강화군,35700,인천광역시 강화군 송해면 전망대로 73,,37.76896223,126.4611462,,인천강화경찰서,2022,Y,2025-11-28,3570000,인천광역시 강화군
세븐일레븐 송해점,인천광역시,강화군,35700,인천광역시 강화군 송해면 강화대로 678,,37.76104012,126.4663873,,인천강화경찰서,,Y,2025-11-28,3570000,인천광역시 강화군
GS25 강화나들길점,인천광역시,강화군,35700,인천광역시 강화군 선원면 해안동로 816,,37.69080493,126.5195253,,인천강화경찰서,,Y,2025-11-28,3570000,인천광역시 강화군
GS25 석모민머루점,인천광역시,강화군,35700,인천광역시 강화군 삼산면 어류정길212번길 7-11,,37.65190184,126.334208,,인천강화경찰서,,Y,2025-11-28,3570000,인천광역시 강화군
세븐일레븐 내가점,인천광역시,강화군,35700,인천광역시 강화군 내가면 강화서로 202,,37.71496163,126.3919053,,인천강화경찰서,,Y,2025-11-28,3570000,인천광역시 강화군
강화초지점,인천광역시,강화군,35700,인천광역시 강화군 길상면 해안남로 9,,37.62664236,126.5328097,,인천강화경찰서,2022,Y,2025-11-28,3570000,인천광역시 강화군
CU 홍도파밀리에점,대전광역시,동구,30110,대전광역시 동구 동산초교로 41,대전광역시 동구 홍도동 47-2,36.35125442,127.4265828,042-251-4514,동부서상황실,2017,Y,2025-07-01,3640000,대전광역시 동구
CU 대전삼성타운점,대전광역시,동구,30110,대전광역시 동구 우암로125-15,대전광역시 동구 삼성동 159-94,36.3393812,127.4324134,042-251-4514,동부서상황실,2017,Y,2025-07-01,3640000,대전광역시 동구
CU 우송센터,대전광역시,동구,30110,대전광역시 동구 백룡로11번길60-4,대전광역시 동구 자양동 84-11,36.35125442,127.4265828,042-251-4514,동부서상황실,2017,Y,2025-07-01,3640000,대전광역시 동구
오렌지마트 한남대점,대전광역시,동구,30110,대전광역시 동구 홍도로 71-1,대전광역시 동구 홍도동 78-3,36.35247687,127.4277883,042-251-4514,동부서상황실,2017,Y,2025-07-01,3640000,대전광역시 동구
GS25 판암IC점,대전광역시,동구,30110,대전광역시 동구 옥천로 188,대전광역시 동구 판암동 351-7,36.31766382,127.4613631,042-251-4514,동부서상황실,2017,Y,2025-07-01,3640000,대전광역시 동구
GS25 우송사랑점,대전광역시,동구,30110,대전광역시 동구 동대전로 131번길 8-3,대전광역시 동구 자양동 261-13,36.3342815,127.4452311,042-251-4514,동부서상황실,2017,Y,2025-07-01,3640000,대전광역시 동구
이마트24 대전용전보보스점,대전광역시,동구,30110,대전광역시 동구 동서대로 1695번길 76,대전광역시 동구 용전동 67-9,36.3525823,127.4369792,042-251-4514,동부서상황실,2017,Y,2025-07-01,3640000,대전광역시 동구
음성군 생활문화센터,충청북도,음성군,43770,충청북도 음성군 음성읍 설성공원길 10-7,,36.93129655,127.6916111,043-871-3417,음성경찰서,2020,Y,2025-10-01,4470000,충청북도 음성군
음성군여성회관,충청북도,음성군,43770,충청북도 음성군 음성읍 음성천서길 103,,36.93144712,127.6919663,043-871-2737,음성경찰서,2020,Y,2025-10-01,4470000,충청북도 음성군
금왕임시정류장 화장실,충청북도,음성군,43770,충청북도 음성군 금왕읍 응천서길 25,,36.99081121,127.5951563,,음성경찰서,2020,Y,2025-10-01,4470000,충청북도 음성군
금왕 응천변 산책로 화장실,충청북도,음성군,43770,,충청북도 음성군 금왕읍 각회리 577,37.00295373,127.5941272,,음성경찰서,2020,Y,2025-10-01,4470000,충청북도 음성군
GS25 대소행복점,충청북도,음성군,43770,충청북도 음성군 대소면 오태로 125,,36.96673945,127.4888567,043-881-1510,음성경찰서,2020,Y,2025-10-01,4470000,충청북도 음성군
세븐일레븐 음성유통단지점,충청북도,음성군,43770,충청북도 음성군 대소면 대물1길 6-10,,36.97384674,127.4722598,043-881-7081,음성경찰서,2020,Y,2025-10-01,4470000,충청북도 음성군
세븐일레븐 음성대소융보점,충청북도,음성군,43770,"충청북도 음성군 대소면 대풍산단로 8,상가동 104호",,36.97742184,127.4680102,043-878-7414,음성경찰서,2020,Y,2025-10-01,4470000,충청북도 음성군
세븐일레븐 음성대소문화점,충청북도,음성군,43770,충청북도 음성군 대소면 대화2길 1,,36.96490944,127.4931296,043-883-0041,음성경찰서,2020,Y,2025-10-01,4470000,충청북도 음성군
GS25 광일아파트점,충청북도,음성군,43770,충청북도 음성군 금왕읍 신내로 519-1,,36.98328671,127.528645,,음성경찰서,2020,Y,2025-10-01,4470000,충청북도 음성군
GS25 금왕터미널점,충청북도,음성군,43770,충청북도 음성군 금왕읍 금석로 80,,36.9925169,127.5976207,043-883-2255,음성경찰서,2020,Y,2025-10-01,4470000,충청북도 음성군
세븐일레븐 음성시티프라디움점,충청북도,음성군,43770,충청북도 음성군 금왕읍 대금로 1557-14 (음성금왕시티프라디움),,36.99235991,127.6046534,,음성경찰서,2020,Y,2025-10-01,4470000,충청북도 음성군
GS25 금왕사거리점,충청북도,음성군,43770,충청북도 음성군 금왕읍 금석로 99,,36.99399095,127.5963503,,음성경찰서,2020,Y,2025-10-01,4470000,충청북도 음성군
CU 무극백화점,충청북도,음성군,43770,충청북도 음성군 금왕읍 금석로 52-3,,36.99020904,127.5989703,043-882-3740,음성경찰서,2020,Y,2025-10-01,4470000,충청북도 음성군
CU 음성금왕점,충청북도,음성군,43770,충청북도 음성군 금왕읍 무극로 291,,36.99329691,127.5937885,,음성경찰서,2020,Y,2025-10-01,4470000,충청북도 음성군
GS25 음성금왕점,충청북도,음성군,43770,충청북도 음성군 금왕읍 무극로 275-2,,36.993044,127.592148,,음성경찰서,2020,Y,2025-10-01,4470000,충청북도 음성군
GS25 금석원룸점,충청북도,음성군,43770,충청북도 음성군 금왕읍 금석택지1길 9-1,,36.99007339,127.6019526,043-878-8536,음성경찰서,2020,Y,2025-10-01,4470000,충청북도 음성군
CU 금왕두진점(2호),충청북도,음성군,43770,충청북도 음성군 금왕읍 무극로 192-1,,36.99065633,127.5833007,043-883-8979,음성경찰서,2020,Y,2025-10-01,4470000,충청북도 음성군
CU 금왕두진점(1호),충청북도,음성군,43770,충청북도 음성군 금왕읍 무극로 212,,36.99085161,127.5853096,043-878-8979,음성경찰서,2020,Y,2025-10-01,4470000,충청북도 음성군
GS25 음성참사랑점,충청북도,음성군,43770,충청북도 음성군 음성읍 중앙로 40번길 13 (시티빌아파트),,36.9278358,127.6905876,043-872-8108,음성경찰서,2020,Y,2025-10-01,4470000,충청북도 음성군
이마트24 대전오정점,대전광역시,대덕구,30230,대전광역시 대덕구 한밭대로 1003번길 12,대전광역시 대덕구 오정동 60-1,36.35882974,127.4097586,,중리지구대,,Y,2025-12-26,3680000,대전광역시 대덕구
이마트24 대덕구청점,대전광역시,대덕구,30230,대전광역시 대덕구 대전로 1033번길 25,대전광역시 대덕구 오정동 487-1,36.34616255,127.4164389,,중리지구대,,Y,2025-12-26,3680000,대전광역시 대덕구
월산본가,대전광역시,대덕구,30230,대전광역시 대덕구 계족산로 81번길 87,대전광역시 대덕구 송촌동 449-4,36.36608069,127.4372571,,송촌지구대,,Y,2025-12-26,3680000,대전광역시 대덕구
야쿠르트 중리점,대전광역시,대덕구,30230,대전광역시 대덕구 중리서로 60,대전광역시 대덕구 중리동 381-35,36.36398731,127.4224945,,중리지구대,,Y,2025-12-26,3680000,대전광역시 대덕구
알파문구센터 동부지부,대전광역시,대덕구,30230,대전광역시 대덕구 계족로 613,대전광역시 대덕구 중리동 133-5,36.36620042,127.4299419,,중리지구대,,Y,2025-12-26,3680000,대전광역시 대덕구
아름헤어,대전광역시,대덕구,30230,대전광역시 대덕구 중리로 44번길 15,대전광역시 대덕구 중리동 386-24,36.36304169,127.4261295,,중리지구대,,Y,2025-12-26,3680000,대전광역시 대덕구
실과 바늘,대전광역시,대덕구,30230,대전광역시 대덕구 대덕대로 1470번길 27,대전광역시 대덕구 목상동 185-1,36.44807043,127.4124454,,신탄진지구대,,Y,2025-12-26,3680000,대전광역시 대덕구
신탄진열쇠도장,대전광역시,대덕구,30230,대전광역시 대덕구 대덕대로 1613,대전광역시 대덕구 석봉동 199-20,36.45092951,127.4269362,,신탄진지구대,,Y,2025-12-26,3680000,대전광역시 대덕구
신대주공마트,대전광역시,대덕구,30230,대전광역시 대덕구 신탄진로 215,대전광역시 대덕구 신대동 214-16,36.39962559,127.4227141,,회덕파출소,,Y,2025-12-26,3680000,대전광역시 대덕구
수헤어샵,대전광역시,대덕구,30230,대전광역시 대덕구 비래서로 10번길 6,대전광역시 대덕구 비래동 103-9,36.35505846,127.4452862,,송촌지구대,,Y,2025-12-26,3680000,대전광역시 대덕구
송촌프라자약국,대전광역시,대덕구,30230,대전광역시 대덕구 동춘당로 94번길 11-15,대전광역시 대덕구 송촌동 460-4,36.36604843,127.4394172,,송촌지구대,,Y,2025-12-26,3680000,대전광역시 대덕구
세이미용실,대전광역시,대덕구,30230,대전광역시 대덕구 대전로 1076번길 39,대전광역시 대덕구 오정동 437-18,36.35143757,127.4174195,,중리지구대,,Y,2025-12-26,3680000,대전광역시 대덕구
세븐일레븐 한마음점,대전광역시,대덕구,30230,대전광역시 대덕구 우암동로 17번길 3,대전광역시 대덕구 비래동 116-9,36.35944998,127.4519538,,송촌지구대,,Y,2025-12-26,3680000,대전광역시 대덕구
GS25 용현제일점,인천광역시,미추홀구,28177,인천광역시 미추홀구 토금남로 5,인천광역시 미추홀구 용현동 629-11,37.45300713,126.6334005,032-888-4767,인천미추홀경찰서,2018,Y,2025-06-24,3510500,인천광역시 미추홀구
GS25 용현행복점,인천광역시,미추홀구,28177,"인천광역시 미추홀구 낙섬서로 70-1, 1층","인천광역시 미추홀구 용현동 623-27, 1층",37.45529092,126.6376335,1644-5425,인천미추홀경찰서,2018,Y,2025-06-24,3510500,인천광역시 미추홀구
GS25 용현점,인천광역시,미추홀구,28177,인천광역시 미추홀구 낙섬중로 19,인천광역시 미추홀구 용현동 627-376,37.45026592,126.636208,032-887-6582,인천미추홀경찰서,2018,Y,2025-06-24,3510500,인천광역시 미추홀구
GS25 용현한국점,인천광역시,미추홀구,28177,"인천광역시 미추홀구 매소홀로 121, 102, 103, 107호(한국아파트)","인천광역시 미추홀구 용현동 627-47, 한국아파트",37.44677399,126.638181,032-529-1827,인천미추홀경찰서,2018,Y,2025-06-24,3510500,인천광역시 미추홀구
GS25 용현엑슬루점,인천광역시,미추홀구,28177,"인천광역시 미추홀구 아암대로29번길 16, 엑슬루타워 상가동 104, 105호","인천광역시 미추홀구 용현동 659, 엑슬루타워 상가동 104, 105호",37.45666052,126.6380152,032-242-9555,인천미추홀경찰서,2018,Y,2025-06-24,3510500,인천광역시 미추홀구
GS25 용현푸르지오점,인천광역시,미추홀구,28177,"인천광역시 미추홀구 능해길 11, 1층","인천광역시 미추홀구 용현동 686-34, 1층",37.45965373,126.6385354,032-881-5424,인천미추홀경찰서,2018,Y,2025-06-24,3510500,인천광역시 미추홀구
GS25 용현성원점,인천광역시,미추홀구,28177,"인천광역시 미추홀구 낙섬동로 104, 상가동 104호","인천광역시 미추홀구 용현동 649, 성원상떼빌 상가동 104호",37.45397895,126.6449375,032-834-8578,인천미추홀경찰서,2018,Y,2025-06-24,3510500,인천광역시 미추홀구
GS25 용현인하점,인천광역시,미추홀구,28177,인천광역시 미추홀구 인하로134번길 3,인천광역시 미추홀구 용현동 49-22,37.44933791,126.6628643,032-867-6887,인천미추홀경찰서,2018,Y,2025-06-24,3510500,인천광역시 미추홀구
GS25 용현1동점,인천광역시,미추홀구,28177,"인천광역시 미추홀구 인주대로 180, 1층 9,10,11호",인천광역시 미추홀구 용현동 139-3,37.45535914,126.6569336,032-867-2653,인천미추홀경찰서,2018,Y,2025-06-24,3510500,인천광역시 미추홀구
GS25 인하문화점,인천광역시,미추홀구,28177,인천광역시 미추홀구 인하로67번길 9,인천광역시 미추홀구 용현동 198-1,37.45194981,126.6560033,080-855-5525,인천미추홀경찰서,2018,Y,2025-06-24,3510500,인천광역시 미추홀구
GS25 인하대후문점,인천광역시,미추홀구,28177,"인천광역시 미추홀구 인하로 51, 1층(대원빌라)","인천광역시 미추홀구 용현동 199-5, 대원빌라",37.45202663,126.6541998,032-868-1336,인천미추홀경찰서,2018,Y,2025-06-24,3510500,인천광역시 미추홀구
GS25 관교삼환점,인천광역시,미추홀구,28177,"인천광역시 미추홀구 문화로 27, 상가동 101호, 105호(삼환아파트)","인천광역시 미추홀구 관교동 13-10, 상가동 101호, 105호",37.44143872,126.6982593,032-423-8013,인천미추홀경찰서,2018,Y,2025-06-24,3510500,인천광역시 미추홀구
GS25 용현용남점,인천광역시,미추홀구,28177,"인천광역시 미추홀구 경인남길102번길 134, 1층","인천광역시 미추홀구 용현동 15, 1층",37.4504981,126.6649721,032-873-1033,인천미추홀경찰서,2018,Y,2025-06-24,3510500,인천광역시 미추홀구
GS25 주안미소점,인천광역시,미추홀구,28177,인천광역시 미추홀구 신기길30번길 37,인천광역시 미추홀구 주안동 856-3,37.44672463,126.6745029,032-875-6763,인천미추홀경찰서,2018,Y,2025-06-24,3510500,인천광역시 미추홀구
GS25 석바위점,인천광역시,미추홀구,28177,인천광역시 미추홀구 석바위로 143,인천광역시 미추홀구 주안동 989-4,37.45993931,126.6888629,032-438-7096,인천미추홀경찰서,2019,Y,2025-06-24,3510500,인천광역시 미추홀구
GS25 주안월드점,인천광역시,미추홀구,28177,"인천광역시 미추홀구 경인로485번길 33, 1층","인천광역시 미추홀구 주안동 922-11, 1층",37.46087594,126.6923861,032-423-1365,인천미추홀경찰서,2018,Y,2025-06-24,3510500,인천광역시 미추홀구
GS25 주안6동점,인천광역시,미추홀구,28177,인천광역시 미추홀구 주안로 167,인천광역시 미추홀구 주안동 966-1,37.46396778,126.6884052,032-421-0457,인천미추홀경찰서,2018,Y,2025-06-24,3510500,인천광역시 미추홀구
GS25 주안하나점,인천광역시,미추홀구,28177,"인천광역시 미추홀구 염전로334번길 29, 1층","인천광역시 미추홀구 주안동 10-73, 1층",37.4694513,126.6769601,032-875-5304,인천미추홀경찰서,2018,Y,2025-06-24,3510500,인천광역시 미추홀구
GS25 주안서이점,인천광역시,미추홀구,28177,"인천광역시 미추홀구 염전로 330, 116호(주안제이타워 1차 지식산업센터)","인천광역시 미추홀구 주안동 5-2, 116호",37.47042891,126.6767353,032-872-5304,인천미추홀경찰서,2018,Y,2025-06-24,3510500,인천광역시 미추홀구
GS25 주안공단점,인천광역시,미추홀구,28177,인천광역시 미추홀구 염전로 362,인천광역시 미추홀구 주안동 16-1,37.47013656,126.6801551,032-872-3958,인천미추홀경찰서,2018,Y,2025-06-24,3510500,인천광역시 미추홀구
GS25 주안해피점,인천광역시,미추홀구,28177,인천광역시 미추홀구 염창로 29,인천광역시 미추홀구 주안동 25-49,37.46603083,126.6772327,032-874-1630,인천미추홀경찰서,2018,Y,2025-06-24,3510500,인천광역시 미추홀구
GS25 주안세일점,인천광역시,미추홀구,28177,인천광역시 미추홀구 동주길 76,인천광역시 미추홀구 주안동 386-6,37.45472663,126.6849257,032-431-1454,인천미추홀경찰서,2018,Y,2025-06-24,3510500,인천광역시 미추홀구
GS25 주안용남점,인천광역시,미추홀구,28177,인천광역시 미추홀구 인주대로265번길 6,인천광역시 미추홀구 주안동 678-1,37.45306578,126.6662076,032-874-8903,인천미추홀경찰서,2018,Y,2025-06-24,3510500,인천광역시 미추홀구
세븐일레븐 주안한빛캐슬점,인천광역시,미추홀구,28177,"인천광역시 미추홀구 한나루로 533, 101호","인천광역시 미추홀구 주안동 694-2, 한빛캐슬",37.45446293,126.6688514,032-872-7283,인천미추홀경찰서,2018,Y,2025-06-24,3510500,인천광역시 미추홀구
GS25 주안미추홀점,인천광역시,미추홀구,28177,인천광역시 미추홀구 미추홀대로669번길 8,인천광역시 미추홀구 주안동 468-11,37.45738206,126.6794858,032-875-7934,인천미추홀경찰서,2018,Y,2025-06-24,3510500,인천광역시 미추홀구
GS25 인천사랑점,인천광역시,미추홀구,28177,인천광역시 미추홀구 경인로 401,인천광역시 미추홀구 주안동 79-6,37.45846378,126.6847358,032-433-5690,인천미추홀경찰서,2020,Y,2025-06-24,3510500,인천광역시 미추홀구
GS25 주안사거리점,인천광역시,미추홀구,28177,인천광역시 미추홀구 석바위로 61,인천광역시 미추홀구 주안동 210-13,37.46104788,126.6799444,032-874-3361,인천미추홀경찰서,2019,Y,2025-06-24,3510500,인천광역시 미추홀구
GS25 주안신성점,인천광역시,미추홀구,28177,인천광역시 미추홀구 주안중로 28,인천광역시 미추홀구 주안동 86-5,37.46085541,126.6828463,032-439-2560,인천미추홀경찰서,2018,Y,2025-06-24,3510500,인천광역시 미추홀구
GS25 주안대로점,인천광역시,미추홀구,28177,"인천광역시 미추홀구 주안로 45, 1층",인천광역시 미추홀구 주안동 478-50,37.46447387,126.6747597,032-862-5676,인천미추홀경찰서,2018,Y,2025-06-24,3510500,인천광역시 미추홀구
GS25 주안파크점,인천광역시,미추홀구,28177,인천광역시 미추홀구 미추홀대로722번길 21-1,인천광역시 미추홀구 주안동 153-9,37.46191944,126.6816843,032-422-0988,인천미추홀경찰서,2018,Y,2025-06-24,3510500,인천광역시 미추홀구
GS25 주안으뜸점,인천광역시,미추홀구,28177,인천광역시 미추홀구 주안로 112,인천광역시 미추홀구 주안동 133-3,37.46366109,126.6820852,032-446-4301,인천미추홀경찰서,2018,Y,2025-06-24,3510500,인천광역시 미추홀구
GS25 주안1동점,인천광역시,미추홀구,28177,"인천광역시 미추홀구 주안중로50번길 20, 1층",인천광역시 미추홀구 주안동 104-8,37.46282218,126.6839413,032-442-8255,인천미추홀경찰서,2018,Y,2025-06-24,3510500,인천광역시 미추홀구
GS25 용현대림점,인천광역시,미추홀구,28177,"인천광역시 미추홀구 낙섬중로 4, 상가 111호(대림아파트)","인천광역시 미추홀구 용현동 627-79, 대림아파트 상가 111호",37.44893109,126.6353039,080-855-5525,인천미추홀경찰서,2018,Y,2025-06-24,3510500,인천광역시 미추홀구
GS25 증산공원점,서울특별시,은평구,11380,서울특별시 은평구 증산로5길 11,서울특별시 은평구 증산동 175-10,37.582818,126.9068961,02-351-6235,은평경찰서,2023,Y,2025-12-18,3110000,서울특별시 은평구
GS25 은평한남점,서울특별시,은평구,11380,서울특별시 은평구 갈현로 155-3,서울특별시 은평구 구산동 14-2,37.6117135,126.9107156,02-351-6235,은평경찰서,2023,Y,2025-12-18,3110000,서울특별시 은평구
GS25 갈현중앙점,서울특별시,은평구,11380,서울특별시 은평구 통일로89길 5,서울특별시 은평구 갈현동 413-1,37.6245104,126.9190389,02-351-6235,은평경찰서,2023,Y,2025-12-18,3110000,서울특별시 은평구
GS25 갈현포인트점,서울특별시,은평구,11380,서울특별시 은평구 갈현로 303,서울특별시 은평구 갈현동 422-35,37.6238985,126.9168678,02-351-6235,은평경찰서,2023,Y,2025-12-18,3110000,서울특별시 은평구
GS25 녹번퍼스트짐,서울특별시,은평구,11380,서울특별시 은평구 은평로 215,서울특별시 은평구 녹번동 218,37.6014039,126.9316806,02-351-6235,은평경찰서,2023,Y,2025-12-18,3110000,서울특별시 은평구
GS25 녹번중앙점,서울특별시,은평구,11380,서울특별시 은평구 녹번로9길 19,서울특별시 은평구 녹번동 120-17,37.60764935,126.9295387,02-351-6235,은평경찰서,2023,Y,2025-12-18,3110000,서울특별시 은평구
GS25 녹번역점,서울특별시,은평구,11380,서울특별시 은평구 통일로 639,서울특별시 은평구 녹번동 35-96,37.6038567,126.9346391,02-351-6235,은평경찰서,2023,Y,2025-12-18,3110000,서울특별시 은평구
세븐일레븐 연신내행복점,서울특별시,은평구,11380,서울특별시 은평구 통일로80길 9,서울특별시 은평구 불광동 312-129,37.62005135,126.9216732,02-351-6235,은평경찰서,2014,Y,2025-12-18,3110000,서울특별시 은평구
세븐일레븐 응암중앙점,서울특별시,은평구,11380,서울특별시 은평구 가좌로7길 6,서울특별시 은평구 응암동 745-16,37.5870614,126.9201397,02-351-6235,은평경찰서,2014,Y,2025-12-18,3110000,서울특별시 은평구
GS25 불광힐스테이트점,서울특별시,은평구,11380,"서울특별시 은평구 통일로 796, 북한산힐스테이트7차 상가",서울특별시 은평구 불광동 643,37.6163432,126.9257576,02-351-6235,은평경찰서,2014,Y,2025-12-18,3110000,서울특별시 은평구
GS25 갈현파크점,서울특별시,은평구,11380,"서울특별시 은평구 갈현로25길 14, 갈현파크빌",서울특별시 은평구 갈현동 515-18,37.61750316,126.9136232,02-351-6235,은평경찰서,2014,Y,2025-12-18,3110000,서울특별시 은평구
세븐일레븐 은평세느강점,서울특별시,은평구,11380,서울특별시 은평구 진관3로 15-35,서울특별시 은평구 진관동 28,37.64256139,126.9174116,02-351-6235,은평경찰서,2014,Y,2025-12-18,3110000,서울특별시 은평구
GS25 은평불광점,서울특별시,은평구,11380,"서울특별시 은평구 연서로 274, 1층",서울특별시 은평구 불광동 353-59,37.62058815,126.9250096,02-351-6235,은평경찰서,2014,Y,2025-12-18,3110000,서울특별시 은평구
GS25 불광타운점,서울특별시,은평구,11380,"서울특별시 은평구 연서로 289, 1층",서울특별시 은평구 불광동 422-4,37.62164674,126.9261705,02-351-6235,은평경찰서,2014,Y,2025-12-18,3110000,서울특별시 은평구
GS25 응암역점,서울특별시,은평구,11380,"서울특별시 은평구 연서로 1, 리더스파크",서울특별시 은평구 역촌동 85-41,37.59925615,126.915362,02-351-6235,은평경찰서,2014,Y,2025-12-18,3110000,서울특별시 은평구
GS25 은평영화점,서울특별시,은평구,11380,"서울특별시 은평구 연서로27길 14, 영화빌딩",서울특별시 은평구 갈현동 454-27,37.61815699,126.9180054,02-351-6235,은평경찰서,2014,Y,2025-12-18,3110000,서울특별시 은평구
GS25 은평보람점,서울특별시,은평구,11380,"서울특별시 은평구 연서로21길 24-1, 1층",서울특별시 은평구 갈현동 486-22,37.61531867,126.9152013,02-351-6235,은평경찰서,2014,Y,2025-12-18,3110000,서울특별시 은평구
GS25 연신내제일점,서울특별시,은평구,11380,"서울특별시 은평구 연서로26길 11, 유성빌딩 1층",서울특별시 은평구 대조동 196-25,37.61685167,126.9208162,02-351-6235,은평경찰서,2014,Y,2025-12-18,3110000,서울특별시 은평구
세븐일레븐 대전도마2호점,대전광역시,서구,36600,대전광역시 서구 배재로 91,,36.31676507,127.3710529,,대전서부경찰서,2016,Y,2025-12-18,3660000,대전광역시 서구
CU 배재원룸점,대전광역시,서구,36600,대전광역시 서구 도마로 10,,36.32241628,127.3712261,,대전서부경찰서,2016,Y,2025-12-18,3660000,대전광역시 서구
GS25 대전복수점,대전광역시,서구,36600,대전광역시 서구 복수동로 40,,36.30067435,127.3783671,,대전서부경찰서,2024,Y,2025-12-18,3660000,대전광역시 서구
세븐일레븐 대전복수점,대전광역시,서구,36600,대전광역시 서구 오량2길 3,,36.31001578,127.3750333,,대전서부경찰서,2016,Y,2025-12-18,3660000,대전광역시 서구
이마트24 R은평응암로점,서울특별시,은평구,11380,서울특별시 은평구 응암로 181,서울특별시 은평구 응암동 598-1,37.588232,126.916587,02-351-6235,은평경찰서,2025,Y,2025-12-18,3110000,서울특별시 은평구
이마트24 은평연신점,서울특별시,은평구,11380,서울특별시 은평구 연서로33길 20,서울특별시 은평구 불광동 390-5,37.6222794035,126.9238520645,02-351-6235,은평경찰서,2025,Y,2025-12-18,3110000,서울특별시 은평구
CU 불광연신내점,서울특별시,은평구,11380,서울특별시 은평구 연서로33길 8,서울특별시 은평구 불광동 365-2,37.6213983181,126.9245378132,02-351-6235,은평경찰서,2025,Y,2025-12-18,3110000,서울특별시 은평구
CU 연신내삼거리점,서울특별시,은평구,11380,서울특별시 은평구 연서로32길 19,서울특별시 은평구 불광동 328-1,37.6188901601,126.9244143926,02-351-6235,은평경찰서,2025,Y,2025-12-18,3110000,서울특별시 은평구
CU 연신내현대점,서울특별시,은평구,11380,서울특별시 은평구 통일로72길 17,서울특별시 은평구 불광동 295-14,37.617323245,126.9251098528,02-351-6235,은평경찰서,2025,Y,2025-12-18,3110000,서울특별시 은평구
세븐일레븐 은평불광점,서울특별시,은평구,11380,서울특별시 은평구 연서로34길 12,서울특별시 은평구 불광동 211-3,37.6212188,126.9275695,02-351-6235,은평경찰서,2023,Y,2025-12-18,3110000,서울특별시 은평구
CU 은평등기소점,서울특별시,은평구,11380,서울특별시 은평구 백련산로 175,서울특별시 은평구 응암동 97-1,37.6004741,126.9266822,02-351-6235,은평경찰서,2023,Y,2025-12-18,3110000,서울특별시 은평구
CU 구산다온점,서울특별시,은평구,11380,서울특별시 은평구 연서로9길 6,서울특별시 은평구 구산동 21-55,37.6075806,126.914542,02-351-6235,은평경찰서,2023,Y,2025-12-18,3110000,서울특별시 은평구
CU 불광햇빛점,서울특별시,은평구,11380,서울특별시 은평구 통일로 708-5,서울특별시 은평구 불광동 285-21,37.6095103,126.9315164,02-351-6235,은평경찰서,2023,Y,2025-12-18,3110000,서울특별시 은평구
CU 녹번제일점,서울특별시,은평구,11380,서울특별시 은평구 진흥로 148,서울특별시 은평구 녹번동 141-1,37.60844389,126.9263669,02-351-6235,은평경찰서,2023,Y,2025-12-18,3110000,서울특별시 은평구
CU 은평녹번점,서울특별시,은평구,11380,서울특별시 은평구 은평로21길 8,서울특별시 은평구 녹번동 43-8,37.601676,126.933389,02-351-6235,은평경찰서,2023,Y,2025-12-18,3110000,서울특별시 은평구
미니스톱 한성나라점,충청북도,음성군,43770,충청북도 음성군 음성읍 설성로 20,,36.92991508,127.6842268,043-873-3600,음성경찰서,2020,Y,2025-10-01,4470000,충청북도 음성군
GS25 음성교동점,충청북도,음성군,43770,충청북도 음성군 음성읍 용광로 26,,36.94086208,127.6892393,,음성경찰서,2020,Y,2025-10-01,4470000,충청북도 음성군
세븐일레븐 음성신천점,충청북도,음성군,43770,충청북도 음성군 음성읍 오성길 34,,36.92761696,127.6890921,043-872-5461,음성경찰서,2020,Y,2025-10-01,4470000,충청북도 음성군
CU 음성읍내점,충청북도,음성군,43770,충청북도 음성군 음성읍 예술로 3,,36.93591733,127.6890564,043-873-5527,음성경찰서,2020,Y,2025-10-01,4470000,충청북도 음성군
GS25 음성삼보점,충청북도,음성군,43770,충청북도 음성군 음성읍 시장로 49-4,,36.93229991,127.6942794,043-873-6562,음성경찰서,2020,Y,2025-10-01,4470000,충청북도 음성군
세븐일레븐 음성설성점,충청북도,음성군,43770,충청북도 음성군 음성읍 설성로86번길 2,,36.93012048,127.6915458,043-872-3090,음성경찰서,2020,Y,2025-10-01,4470000,충청북도 음성군
GS25 음성지평더웰점,충청북도,음성군,43770,"충청북도 음성군 음성읍 설성공원길 33-9,상가동 103호 (음성지평더웰2차아파트)",,36.93290719,127.6896319,043-873-6554,음성경찰서,2020,Y,2025-10-01,4470000,충청북도 음성군
GS25 주안인주로점,인천광역시,미추홀구,28177,인천광역시 미추홀구 인주대로496번길 42,인천광역시 미추홀구 주안동 1063-4,37.44931868,126.6930397,032-426-1235,인천미추홀경찰서,2018,Y,2025-06-24,3510500,인천광역시 미추홀구
GS25 주안승학점,인천광역시,미추홀구,28177,인천광역시 미추홀구 승학길 72,인천광역시 미추홀구 주안동 1290-7,37.44265992,126.6798209,080-855-5525,인천미추홀경찰서,2018,Y,2025-06-24,3510500,인천광역시 미추홀구
GS25 갑천트리풀점,대전광역시,서구,36600,대전광역시 서구 도안동로 234 (도안동),,36.3232452084,127.3495426662,,대전서부경찰서,2025,Y,2025-12-18,3660000,대전광역시 서구
CU 대전도안빌리지점,대전광역시,서구,36600,대전광역시 서구 원도안로 243 (도안동),,36.3250761999,127.3457472209,,대전서부경찰서,2025,Y,2025-12-18,3660000,대전광역시 서구
이마트24 대전 도안공원점,대전광역시,서구,36600,대전광역시 서구 원도안로242번길 15-3,,36.32464011,127.3464033,,대전서부경찰서,2023,Y,2025-12-18,3660000,대전광역시 서구
GS25 도안중앙점,대전광역시,서구,36600,대전광역시 서구 도안동로31번길 12-3,,36.30780792,127.3513737,,대전서부경찰서,2022,Y,2025-12-18,3660000,대전광역시 서구
GS25 가수원계룡점,대전광역시,서구,36600,대전광역시 서구 가수원로 98,,36.30269228,127.3509465,,대전서부경찰서,2024,Y,2025-12-18,3660000,대전광역시 서구
이마트24 대전가수원하나점,대전광역시,서구,36600,대전광역시 서구 계백로1158번길 100,,36.30050968,127.3539529,,대전서부경찰서,2023,Y,2025-12-18,3660000,대전광역시 서구
GS25내동빌리지점,대전광역시,서구,36600,대전광역시 서구 동서대로997번길 98,,36.33658708,127.3768858,,대전서부경찰서,2022,Y,2025-12-18,3660000,대전광역시 서구
GS25괴정중앙점,대전광역시,서구,36600,대전광역시 서구 도산로341번길 49,,36.33730825,127.3878278,,대전서부경찰서,2022,Y,2025-12-18,3660000,대전광역시 서구
GS25 뉴괴정한신점,대전광역시,서구,36600,대전광역시 서구 계룡로562번길 44,,36.34122401,127.3837907,,대전서부경찰서,2017,Y,2025-12-18,3660000,대전광역시 서구
CU 괴정초코점,대전광역시,서구,36600,대전광역시 서구 도솔로 349,,36.338725,127.3853745,,대전서부경찰서,2017,Y,2025-12-18,3660000,대전광역시 서구
CU 대전괴정점,대전광역시,서구,36600,대전광역시 서구 도솔로 373,,36.34021036,127.3872311,,대전서부경찰서,2017,Y,2025-12-18,3660000,대전광역시 서구
CU 괴정원룸점,대전광역시,서구,36600,대전광역시 서구 서구 괴정로115번길 23,,36.33836044,127.386474,,대전서부경찰서,2016,Y,2025-12-18,3660000,대전광역시 서구
GS25 대전시네마점,대전광역시,서구,36600,대전광역시 서구 용문로 41-88,,36.33994092,127.3893068,,대전서부경찰서,2016,Y,2025-12-18,3660000,대전광역시 서구
CU 대전가장점,대전광역시,서구,36600,대전광역시 서구 가장로 129,,36.33252966,127.3874706,,대전서부경찰서,2023,Y,2025-12-18,3660000,대전광역시 서구
세븐일레븐 대전용문무지개점,대전광역시,서구,36600,대전광역시 서구 도산로370번길 20,,36.33667536,127.3927927,,대전서부경찰서,2016,Y,2025-12-18,3660000,대전광역시 서구
이마트24 대전변동행복점,대전광역시,서구,36600,대전광역시 서구 도산로167번길 26,,36.32363393,127.3767077,,대전서부경찰서,2016,Y,2025-12-18,3660000,대전광역시 서구
GS25 도마양지점,대전광역시,서구,36600,대전광역시 서구 배재로91번길 72,,36.31810212,127.3687926,,대전서부경찰서,2016,Y,2025-12-18,3660000,대전광역시 서구
GS25김포마산타운점,경기도,김포시,41570,경기도 김포시 김포한강7로22번길 174-127(마산동 674-1),,37.64272671,126.6412083,031-981-1783,양촌지구대,2017,Y,2025-05-30,4090000,경기도 김포시
GS25구래타운점,경기도,김포시,41570,경기도 김포시 김포한강9로 12번길7-2,,37.63833307,126.6274655,031-998-7690,양촌지구대,2017,Y,2025-05-30,4090000,경기도 김포시
GS25김포누산점,경기도,김포시,41570,경기도 김포시 양촌읍 김포대로 1581,,37.6622282,126.6617399,031-983-0066,양촌지구대,2017,Y,2025-05-30,4090000,경기도 김포시
CU양곡신협점,경기도,김포시,41570,경기도 김포시 양촌읍 양곡1로 33,,37.65353009,126.6237296,031-988-2464,양촌지구대,2017,Y,2025-05-30,4090000,경기도 김포시
CU양곡행복점,경기도,김포시,41570,경기도 김포시 양촌읍 양곡로 526-1,,37.65511222,126.6248564,031-998-0060,양촌지구대,2017,Y,2025-05-30,4090000,경기도 김포시
CU신양사랑점,경기도,김포시,41570,경기도 김포시 양촌읍 양곡3로 99,,37.65968337,126.6368233,031-989-7896,양촌지구대,2017,Y,2025-05-30,4090000,경기도 김포시
CU김포골드밸리점,경기도,김포시,41570,경기도 김포시 양촌읍 황금1로 80번길 130,,37.61514114,126.6260037,031-997-2050,양촌지구대,2017,Y,2025-05-30,4090000,경기도 김포시
세븐일레븐김포학운공단점,경기도,김포시,41570,경기도 김포시 양촌읍 황금로 110번길 2,,37.61907713,126.6211476,031-984-5307,양촌지구대,2017,Y,2025-05-30,4090000,경기도 김포시
GS25구래아스타점,경기도,김포시,41570,경기도 김포시 김포한강9로 76번길 63,,37.64538034,126.626813,031-985-1997,양촌지구대,2017,Y,2025-05-30,4090000,경기도 김포시
GS25김포한강로점,경기도,김포시,41570,경기도 김포시 김포한강4로212번길 119,,37.65082557,126.660824,031-987-7926,장기지구대,2017,Y,2025-05-30,4090000,경기도 김포시
GS25한강라베니체점,경기도,김포시,41570,"경기도 김포시 김포한강4로8, 219호(장기동 2029-9)",,37.6394657,126.6785784,031-981-1671,장기지구대,2017,Y,2025-05-30,4090000,경기도 김포시
GS25한강자이점,경기도,김포시,41570,경기도 김포시 태장로846,,37.63557338,126.6726058,031-988-7955,장기지구대,2017,Y,2025-05-30,4090000,경기도 김포시
GS25김포대림점,경기도,김포시,41570,경기도 김포시 김포한강11로287,,37.65635293,126.6815851,031-985-5840,장기지구대,2017,Y,2025-05-30,4090000,경기도 김포시
CU김포전류리점,경기도,김포시,41570,경기도 김포시 하성면 금포로1923,,37.69806782,126.6620626,031-982-9896,하성파출소,2017,Y,2025-05-30,4090000,경기도 김포시
CU하성원산점(원산점),경기도,김포시,41570,경기도 김포시 하성면 월하로 584,,37.71118945,126.6198977,031-989-6055,하성파출소,2017,Y,2025-05-30,4090000,경기도 김포시
미니스톱김포원산점,경기도,김포시,41570,경기도 김포시 하성면 월하로 633,,37.70976122,126.625674,031-996-4799,하성파출소,2017,Y,2025-05-30,4090000,경기도 김포시
CU김포일등점,경기도,김포시,41570,경기도 김포시 하성면 월하로 723(원산리 356-1),,37.70994421,126.6352309,031-986-9940,하성파출소,2017,Y,2025-05-30,4090000,경기도 김포시
세븐일레븐하성무지개점,경기도,김포시,41570,경기도 김포시 하성면 하성로 496,,37.71898619,126.6356675,031-982-3197,하성파출소,2017,Y,2025-05-30,4090000,경기도 김포시
GS25김포대로점,경기도,김포시,41570,경기도 김포시 월곶면 김포대로 3010,,37.72869103,126.5328953,031-982-3591,월곶파출소,2017,Y,2025-05-30,4090000,경기도 김포시
미니스탑김포갈산점,경기도,김포시,41570,경기도 김포시 월곶면 군하로 18,,37.70291178,126.5702802,031-982-3077,월곶파출소,2017,Y,2025-05-30,4090000,경기도 김포시
세븐일레븐월곶점,경기도,김포시,41570,경기도 김포시 월곶면 김포대학로 4,,37.7245115,126.5374061,031-989-7843,월곶파출소,2017,Y,2025-05-30,4090000,경기도 김포시
세븐일레븐갈산중앙점,경기도,김포시,41570,경기도 김포시 월곶면 오리정로 54,,37.69850293,126.5572568,031-985-9894,월곶파출소,2017,Y,2025-05-30,4090000,경기도 김포시
CU오리정점,경기도,김포시,41570,경기도 김포시 월곶면 군하로 111,,37.70413564,126.560108,031-982-9636,월곶파출소,2017,Y,2025-05-30,4090000,경기도 김포시
CU김포월곶점,경기도,김포시,41570,경기도 김포시 월곶면 애기봉로 13,,37.71641934,126.5557528,031-997-5146,월곶파출소,2017,Y,2025-05-30,4090000,경기도 김포시
미니스톱김포율생점,경기도,김포시,41570,경기도 김포시 대곶면 율생중앙로 33,,37.6512776,126.5829872,031-987-9958,대곶파출소,2017,Y,2025-05-30,4090000,경기도 김포시
CU김포석정리점,경기도,김포시,41570,경기도 김포시 대곶면 대곶로 415(석정리 290-15),,37.68065376,126.5536581,031-997-0284,대곶파출소,2017,Y,2025-05-30,4090000,경기도 김포시
세븐일레븐김포대곶중앙점,경기도,김포시,41570,경기도 김포시 대곶면 대곶북로221,,37.6656201,126.579644,031-983-4568,대곶파출소,2017,Y,2025-05-30,4090000,경기도 김포시
세븐일레븐송마리점,경기도,김포시,41570,경기도 김포시 대곶면 율생중앙로 127(송마리 72-1),,37.65750186,126.5769971,031-982-2639,대곶파출소,2017,Y,2025-05-30,4090000,경기도 김포시
25시편의점김포고촌점,경기도,김포시,41570,경기도 김포시 고촌읍 김포대로 327(신곡리 574),,37.60004724,126.7711041,031-986-1106,고촌파출소,2017,Y,2025-05-30,4090000,경기도 김포시
GS25고촌현대점,경기도,김포시,41570,경기도 김포시 고촌읍 수기로 67-39(신곡리 1256),,37.59642301,126.7676427,031-985-5674,고촌파출소,2017,Y,2025-05-30,4090000,경기도 김포시
GS25고촌타운점,경기도,김포시,41570,경기도 김포시 고촌읍 장차로 5번길 4,,37.60289893,126.7700048,031-981-1860,고촌파출소,2017,Y,2025-05-30,4090000,경기도 김포시
CU고촌행복점,경기도,김포시,41570,경기도 김포시 고촌읍 장차로 30,,37.60464264,126.7712785,031-997-6933,고촌파출소,2017,Y,2025-05-30,4090000,경기도 김포시
CU고촌신곡점,경기도,김포시,41570,경기도 김포시 고촌읍 신곡로3번길 34-3,,37.60348248,126.7732407,031-986-1677,고촌파출소,2017,Y,2025-05-30,4090000,경기도 김포시
세븐일레븐풍곡본점,경기도,김포시,41570,경기도 김포시 고촌읍 장곡로 54,,37.60689162,126.7495192,031-997-3205,고촌파출소,2017,Y,2025-05-30,4090000,경기도 김포시
세븐일레븐 김포신곡공원점,경기도,김포시,41570,경기도 김포시 고촌읍 은행영사정로5번길 8-27,,37.60154245,126.7712615,,고촌파출소,2017,Y,2025-05-30,4090000,경기도 김포시
세븐일레븐김포신곡점,경기도,김포시,41570,경기도 김포시 고촌읍 인향로24번길 68(신곡리 615-13),,37.5998522,126.7681524,031-986-1822,고촌파출소,2017,Y,2025-05-30,4090000,경기도 김포시
GS25통진타운점,경기도,김포시,41570,경기도 김포시 통진읍 율마로438번길18-5,,37.68828372,126.6043584,031-985-1121,통진파출소,2017,Y,2025-05-30,4090000,경기도 김포시
CU통진대로점,경기도,김포시,41570,경기도 김포시 통진읍 김포대로2090,,37.68501571,126.6122196,031-997-7688,통진파출소,2017,Y,2025-05-30,4090000,경기도 김포시
CU미르점,경기도,김포시,41570,경기도 김포시 통진읍 김포대로2354,,37.69616841,126.5877808,031-981-7217,통진파출소,2017,Y,2025-05-30,4090000,경기도 김포시
GS25매수리점,경기도,김포시,41570,경기도 김포시 통진읍 마송1로133,,37.68772571,126.5959538,031-985-4697,통진파출소,2017,Y,2025-05-30,4090000,경기도 김포시
GS25마송주공점,경기도,김포시,41570,경기도 김포시 통진읍 김포대로2250번길 23-37,,37.69182419,126.5947084,031-989-3815,통진파출소,2017,Y,2025-05-30,4090000,경기도 김포시
이마트24김포마송점,경기도,김포시,41570,경기도 김포시 통진읍 조강로49-1,,37.6902404,126.5999227,031-984-7056,통진파출소,2017,Y,2025-05-30,4090000,경기도 김포시
세븐일레븐통진행복점,경기도,김포시,41570,경기도 김포시 통진읍 율마로450번길 6-22,,37.68888132,126.6040879,031-982-7370,통진파출소,2017,Y,2025-05-30,4090000,경기도 김포시
POP스토어,경기도,김포시,41570,경기도 김포시 장릉로 5,,37.61346201,126.7244221,031-989-9967,풍무파출소,2017,Y,2025-05-30,4090000,경기도 김포시
GS25 풍무길훈점,경기도,김포시,41570,경기도 김포시 장릉로 37,,37.61238773,126.7211099,031-987-9762,풍무파출소,2017,Y,2025-05-30,4090000,경기도 김포시
AM&PM,경기도,김포시,41570,경기도 김포시 고촌읍 인향로24번길 66-22,,37.60034417,126.7695372,,고촌파출소,2017,Y,2025-05-30,4090000,경기도 김포시
GS25 김포서암점,경기도,김포시,41570,경기도 김포시 통진읍 서암로 85,,37.6927601,126.5990513,031-981-9389,통진파출소,2017,Y,2025-05-30,4090000,경기도 김포시
세븐일레븐 신일점,경기도,김포시,41570,경기도 김포시 통진읍 김포대로 1985,,37.68052621,126.6223814,031-987-3226,통진파출소,2017,Y,2025-05-30,4090000,경기도 김포시
GS25 양촌타워점,경기도,김포시,41570,경기도 김포시 양촌읍 양곡2로 30번길 51-16,,37.65464619,126.6302207,031-998-7928,양촌지구대,2017,Y,2025-05-30,4090000,경기도 김포시
CU 양곡빌리지점,경기도,김포시,41570,경기도 김포시 양촌읍 양곡2로 30번길 29,,37.65389284,126.6290233,031-989-1389,양촌지구대,2017,Y,2025-05-30,4090000,경기도 김포시
세븐일레븐 김포양곡점,경기도,김포시,41570,경기도 김포시 양촌읍 양곡3로 1번길 72,,37.6553635,126.6299507,031-988-2707,양촌지구대,2017,Y,2025-05-30,4090000,경기도 김포시
GS25 양곡타운점,경기도,김포시,41570,경기도 김포시 양촌읍 양곡2로 60번길 28-32,,37.65589214,126.6296699,031-987-3462,양촌지구대,2017,Y,2025-05-30,4090000,경기도 김포시
세븐일레븐 김포학운본점,경기도,김포시,41570,경기도 김포시 양촌읍 삼도공단로 46,,37.60313962,126.5942813,031-985-3405,양촌지구대,2017,Y,2025-05-30,4090000,경기도 김포시
GS25장기공원점,경기도,김포시,41570,경기도 김포시 김포한강2로24번길 78-31,,37.64646792,126.6770947,031-998-8770,장기지구대,2017,Y,2025-05-30,4090000,경기도 김포시
세븐일레븐 김포장기고창점,경기도,김포시,41570,경기도 김포시 초당로61번길 27,,37.64504705,126.6725194,031-985-4605,장기지구대,2017,Y,2025-05-30,4090000,경기도 김포시
CU산타마리아점,경기도,김포시,41570,경기도 김포시 김포한강1로51번길 20,,37.6439708,126.6673603,031-982-2411,장기지구대,2017,Y,2025-05-30,4090000,경기도 김포시
GS25장기이솔점,경기도,김포시,41570,경기도 김포시 김포한강1로 55,,37.64344801,126.6681401,031-982-3096,장기지구대,2017,Y,2025-05-30,4090000,경기도 김포시
CU 금파대림점,경기도,김포시,41570,경기도 김포시 김포대로926번길 88-36,,37.62305589,126.7167604,031-996-3383,사우지구대,2017,Y,2025-05-30,4090000,경기도 김포시
세븐일레븐 김포중앙점,경기도,김포시,41570,경기도 김포시 돌문로 98,,37.62200955,126.7132572,031-981-0736,사우지구대,2017,Y,2025-05-30,4090000,경기도 김포시
세븐일레븐김포풍무로점,경기도,김포시,41570,경기도 김포시 풍무로21,,37.59759547,126.7202888,031-985-9020,풍무파출소,2017,Y,2025-05-30,4090000,경기도 김포시
세브일레븐풍무당곡점,경기도,김포시,41570,경기도 김포시 풍무로57번길47(풍무동 628-3),,37.60046051,126.718609,031-981-5919,풍무파출소,2017,Y,2025-05-30,4090000,경기도 김포시
GS25풍무대림점,경기도,김포시,41570,경기도 김포시 풍무로93번길26,,37.60386213,126.7207138,031-997-2835,풍무파출소,2017,Y,2025-05-30,4090000,경기도 김포시
GS25풍무푸르지오점,경기도,김포시,41570,경기도 김포시 유현로200,,37.60848055,126.7340057,031-984-1179,풍무파출소,2017,Y,2025-05-30,4090000,경기도 김포시
세븐일레븐김포운하점(김포물류센터점),경기도,김포시,41570,경기도 김포시 고촌읍 아라육로57번길 115,,37.59183879,126.796683,031-985-0971,김포터미널파출소,2017,Y,2025-05-30,4090000,경기도 김포시
팝스토어신곡리점,경기도,김포시,41570,경기도 김포시 고촌읍 김포대로 313,,37.59906948,126.7724006,031-986-1881,김포터미널파출소,2017,Y,2025-05-30,4090000,경기도 김포시
CU김포하사리점,경기도,김포시,41570,경기도 김포시 하성면 하성로264 (하사리 226-5),,37.69874807,126.635164,031-983-0113,하성파출소,2017,Y,2025-05-30,4090000,경기도 김포시
설설이김밥,대전광역시,대덕구,30230,대전광역시 대덕구 우암로 408,대전광역시 대덕구 비래동 18-4,36.35493273,127.4549793,,송촌지구대,,Y,2025-12-26,3680000,대전광역시 대덕구
샴푸미용실,대전광역시,대덕구,30230,대전광역시 대덕구 덕암로 125번안길 64,대전광역시 대덕구 덕암동 70-12,36.43504078,127.4212095,,신탄진지구대,,Y,2025-12-26,3680000,대전광역시 대덕구
부부생필품 유통,대전광역시,대덕구,30230,대전광역시 대덕구 대덕대로 1486번길 27,대전광역시 대덕구 목상동 189,36.44847331,127.414250,,신탄진지구대,,Y,2025-12-26,3680000,대전광역시 대덕구
무지개세탁소,대전광역시,대덕구,30230,대전광역시 대덕구 덕암로 159번길 18,대전광역시 대덕구 덕암동 70-2,36.4351969,127.4212507,,신탄진지구대,,Y,2025-12-26,3680000,대전광역시 대덕구
메디칼약국,대전광역시,대덕구,30230,대전광역시 대덕구 동춘당로 94번길 11-7,대전광역시 대덕구 송촌동 460-5,36.36585999,127.4396642,,신탄진지구대,,Y,2025-12-26,3680000,대전광역시 대덕구
또모아식당,대전광역시,대덕구,30230,대전광역시 대덕구 계족로 608번길 39-13,대전광역시 대덕구 법동 198-3,36.36690936,127.4322934,,송촌지구대,,Y,2025-12-26,3680000,대전광역시 대덕구
땡글공방,대전광역시,대덕구,30230,대전광역시 대덕구 계족로 608번길 17-5,대전광역시 대덕구 법동 201-5,36.36641371,127.4310979,,송촌지구대,,Y,2025-12-26,3680000,대전광역시 대덕구
둥지어린이집,대전광역시,대덕구,30230,대전광역시 대덕구 대화로 77,대전광역시 대덕구 대화동 40-48,36.36677405,127.4116118,,송촌지구대,,Y,2025-12-26,3680000,대전광역시 대덕구
두아름마트,대전광역시,대덕구,30230,대전광역시 대덕구 대전로 1177번길 71,대전광역시 대덕구 오정동 61-6,36.35902593,127.4116428,,중리지구대,,Y,2025-12-26,3680000,대전광역시 대덕구
두레할인마트,대전광역시,대덕구,30230,대전광역시 대덕구 대화1길 77,대전광역시 대덕구 대화동 31-36,36.36391287,127.4165905,,중리지구대,,Y,2025-12-26,3680000,대전광역시 대덕구
동인당약국,대전광역시,대덕구,30230,대전광역시 대덕구 비래동로 15번길 2,대전광역시 대덕구 비래동 127-8,36.35563879,127.4497448,,송촌지구대,,Y,2025-12-26,3680000,대전광역시 대덕구
도로시,대전광역시,대덕구,30230,대전광역시 대덕구 송촌북로 24,대전광역시 대덕구 송촌동 451-11,36.36460119,127.4366794,,송촌지구대,,Y,2025-12-26,3680000,대전광역시 대덕구
대화할인마트,대전광역시,대덕구,30230,대전광역시 대덕구 동심1길 35,대전광역시 대덕구 오정동 10-129,36.3626814,127.4160075,,중리지구대,,Y,2025-12-26,3680000,대전광역시 대덕구
대전종합특송,대전광역시,대덕구,30230,대전광역시 대덕구 대전로 1033번길 17,대전광역시 대덕구 오정동 487-2,36.3462184,127.4168269,,중리지구대,,Y,2025-12-26,3680000,대전광역시 대덕구
김밥천국,대전광역시,대덕구,30230,대전광역시 대덕구 동춘당로 187,대전광역시 대덕구 법동 192-1,36.3672063,127.430831,,송촌지구대,,Y,2025-12-26,3680000,대전광역시 대덕구
김밥마을,대전광역시,대덕구,30230,대전광역시 대덕구 계족로664번길 27,대전광역시 대덕구 법동 188,36.37094801,127.4313057,,송촌지구대,,Y,2025-12-26,3680000,대전광역시 대덕구
수경꽃집,대전광역시,대덕구,30230,대전광역시 대덕구 한남로 137번길 9,대전광역시 대덕구 오정동 489-18,36.3474194,127.4157922,,중리지구대,,Y,2025-12-26,3680000,대전광역시 대덕구
가장아름다운날(미용실),대전광역시,대덕구,30230,대전광역시 대덕구 오정로 23번길 28,대전광역시 대덕구 오정동 369-14,36.349082,127.4127525,,중리지구대,,N,2025-12-26,3680000,대전광역시 대덕구
R이마트24 읍내드림점,대전광역시,대덕구,30230,대전광역시 대덕구 대전로 1372,대전광역시 대덕구 읍내동 344-3,36.37603695,127.4210894,,회덕파출소,,Y,2025-12-26,3680000,대전광역시 대덕구
GS25 월평사랑점,대전광역시,서구,36600,대전광역시 서구 월평로 72,,36.35597658,127.3651664,,대전둔산경찰서,2022,Y,2025-12-18,3660000,대전광역시 서구
이마트24 월평중앙점,대전광역시,서구,36600,대전광역시 서구 계룡로231번길 9,,36.35246773,127.354891,,대전둔산경찰서,2022,Y,2025-12-18,3660000,대전광역시 서구
GS25월평타운점,대전광역시,서구,36600,대전광역시 서구 월평서로6번길 26,,36.35433641,127.3601901,,대전둔산경찰서,2017,Y,2025-12-18,3660000,대전광역시 서구
세븐일레븐 대전월평2호점,대전광역시,서구,36600,대전광역시 서구 월평중로 14,,36.35579575,127.3641825,,대전둔산경찰서,2022,Y,2025-12-18,3660000,대전광역시 서구
CU 대전갈마사랑점,대전광역시,서구,36600,대전광역시 서구 대덕대로 149 (갈마동),,36.3469716605,127.3749787828,,대전둔산경찰서,2025,Y,2025-12-18,3660000,대전광역시 서구
세븐일레븐 대전갈마원룸점,대전광역시,서구,36600,대전광역시 서구 갈마중로42번길 56,,36.34496904,127.3733177,,대전둔산경찰서,2022,Y,2025-12-18,3660000,대전광역시 서구
GS25대전그린점,대전광역시,서구,36600,대전광역시 서구 대덕대로135번길 31,,36.34572009,127.3729402,,대전둔산경찰서,2016,Y,2025-12-18,3660000,대전광역시 서구
GS25 대전빌리지점,대전광역시,서구,36600,대전광역시 서구 대덕대로151번길 42,,36.34848217,127.3729178,,대전둔산경찰서,2016,Y,2025-12-18,3660000,대전광역시 서구
GS25 갈마둔원,대전광역시,서구,36600,대전광역시 서구 괴정로11번길 33,,36.34153662,127.3746207,,대전둔산경찰서,2022,Y,2025-12-18,3660000,대전광역시 서구
GS25 경성스카이점,대전광역시,서구,36600,대전광역시 서구 괴정로11번길 95,,36.34177232,127.3772999793,,대전둔산경찰서,2023,Y,2025-12-18,3660000,대전광역시 서구
GS25 갈마중문점,대전광역시,서구,36600,대전광역시 서구 계룡로320번길 40,,36.35233234,127.3645693,,대전둔산경찰서,2016,Y,2025-12-18,3660000,대전광역시 서구
세븐일레븐 둔산굿모닝점,대전광역시,서구,36600,대전광역시 서구 문정로170번길 141,,36.35063696,127.4004111,,대전둔산경찰서,2024,Y,2025-12-18,3660000,대전광역시 서구
이마트24 대전탄방문정점,대전광역시,서구,36600,대전광역시 서구 문정로122번길 22,,36.3456894,127.3927597,,대전둔산경찰서,2022,Y,2025-12-18,3660000,대전광역시 서구
세븐일레븐 탄방하늘점,대전광역시,서구,36600,대전광역시 서구 남선로23번길 30,,36.34636604,127.395451,,대전둔산경찰서,2016,Y,2025-12-18,3660000,대전광역시 서구
GS25 대전둔산점,대전광역시,서구,36600,대전광역시 서구 문정로 114,,36.34647083,127.3919295,,대전둔산경찰서,2016,Y,2025-12-18,3660000,대전광역시 서구
GS25 탄방중앙점,대전광역시,서구,36600,대전광역시 서구 도솔로 445,,36.34408829,127.3936325,,대전둔산경찰서,2022,Y,2025-12-18,3660000,대전광역시 서구
GS25 탄방한우리점,대전광역시,서구,36600,대전광역시 서구 문정로90번길 57,,36.34412865,127.3889851,,대전둔산경찰서,2017,Y,2025-12-18,3660000,대전광역시 서구
GS25탄방드림점,대전광역시,서구,36600,대전광역시 서구 남선로60번길 31,,36.34859355,127.4004892,,대전둔산경찰서,2022,Y,2025-12-18,3660000,대전광역시 서구
CU 대전탄방남선점,대전광역시,서구,36600,대전광역시 서구 남선로 59,,36.34839296,127.3978955,,대전둔산경찰서,2016,Y,2025-12-18,3660000,대전광역시 서구
GS25 대전기성점,대전광역시,서구,36600,대전광역시 서구 벌곡로 657,,36.25496264,127.3412312,,대전서부경찰서,2016,Y,2025-12-18,3660000,대전광역시 서구
씨스페이스 로또명당점,대전광역시,서구,36600,대전광역시 서구 관저로129번길 3,,36.29911924,127.3361235,,대전서부경찰서,2022,Y,2025-12-18,3660000,대전광역시 서구
GS25 관저스타점,대전광역시,서구,36600,대전광역시 서구 관저북로51번길 15-4,,36.3062352,127.3361088,,대전서부경찰서,2016,Y,2025-12-18,3660000,대전광역시 서구
GS25시 한남샛별점,대전광역시,대덕구,30230,대전광역시 대덕구 한남로 25,대전광역시 대덕구 오정동 223-187,36.35101829,127.4252041,,중리지구대,,Y,2025-12-26,3680000,대전광역시 대덕구
GS25시 대전송촌점,대전광역시,대덕구,30230,대전광역시 대덕구 계족산로 81번길 51,대전광역시 대덕구 송촌동 456-9,36.36496498,127.4388445,,송촌지구대,,Y,2025-12-26,3680000,대전광역시 대덕구
GS25시 대전법동점,대전광역시,대덕구,30230,대전광역시 대덕구 동춘당로 179,대전광역시 대덕구 법동 192-3,36.36736663,127.431614,,송촌지구대,,Y,2025-12-26,3680000,대전광역시 대덕구
CU 대전중리한밭점,대전광역시,대덕구,30230,"대전광역시 대덕구 한밭대로 1146, B동",대전광역시 대덕구 중리동 237-1,36.35859665,127.4258265,,중리지구대,,N,2025-12-26,3680000,대전광역시 대덕구
CU 신탄진 타운점,대전광역시,대덕구,30230,대전광역시 대덕구 신탄진로 790번길 38,대전광역시 대덕구 신탄진동 157-2,36.4482558,127.4319392,,신탄진지구대,,Y,2025-12-26,3680000,대전광역시 대덕구
GS25시 대덕다사랑점,대전광역시,대덕구,30230,대전광역시 대덕구 대덕대로1486번길 53,대전광역시 대덕구 목상동 201,36.44742161,127.4148375,,신탄진지구대,,Y,2025-12-26,3680000,대전광역시 대덕구
세븐일레븐 신탄진원룸점,대전광역시,대덕구,30230,대전광역시 대덕구 신탄진동로24번길16,대전광역시 대덕구 신탄진동 170-25,36.44706206,127.431995,,신탄진지구대,,Y,2025-12-26,3680000,대전광역시 대덕구
GS25시 대전목상점,대전광역시,대덕구,30230,대전광역시 대덕구 대덕대로 1448번길 79,대전광역시 대덕구 목상동 863-4,36.44441248,127.410595,,신탄진지구대,,Y,2025-12-26,3680000,대전광역시 대덕구
세븐일레븐 대전평촌점,대전광역시,대덕구,30230,대전광역시 대덕구 덕암로 200,대전광역시 대덕구 평촌동 540-1,36.43870325,127.4238411,,신탄진지구대,,Y,2025-12-26,3680000,대전광역시 대덕구
GS25시 대전덕암점,대전광역시,대덕구,30230,대전광역시 대덕구 덕암로125번안길81,대전광역시 대덕구 덕암동 64-6,36.43586495,127.4211936,,신탄진지구대,,Y,2025-12-26,3680000,대전광역시 대덕구
CU 신탄진상서점,대전광역시,대덕구,30230,대전광역시 대덕구 벚꽃길 76,대전광역시 대덕구 상서동 175-10,36.43334814,127.4255026,,신탄진지구대,,Y,2025-12-26,3680000,대전광역시 대덕구
세븐일레븐 신탄진공단점,대전광역시,대덕구,30230,대전광역시 대덕구 벚꽃길 128,대전광역시 대덕구 상서동 321-6,36.42701424,127.4235991,,신탄진지구대,,Y,2025-12-26,3680000,대전광역시 대덕구
JH24 편의점,대전광역시,대덕구,30230,대전광역시 대덕구 신탄진로 240,대전광역시 대덕구 와동 364-21,36.40184942,127.4227847,,회덕파출소,,Y,2025-12-26,3680000,대전광역시 대덕구
세븐일레븐 법동영진점,대전광역시,대덕구,30230,대전광역시 대덕구 아리랑로 213,대전광역시 대덕구 법동 344-12,36.3744024,127.427123,,회덕파출소,,Y,2025-12-26,3680000,대전광역시 대덕구
GS25시(법2동),대전광역시,대덕구,30230,대전광역시 대덕구 동춘당로 179,대전광역시 대덕구 법동 192-3,36.36736798,127.431601,,송촌지구대,,Y,2025-12-26,3680000,대전광역시 대덕구
순우리감자탕,대전광역시,대덕구,30230,대전광역시 대덕구 계족산로81번길 54,대전광역시 대덕구 송촌동 459-6,36.3653736,127.439034,,송촌지구대,,Y,2025-12-26,3680000,대전광역시 대덕구
GS25시 대전중리점,대전광역시,대덕구,30230,대전광역시 대덕구 중리로 19,대전광역시 대덕구 중리동 401-4,36.360824,127.4251031,,중리지구대,,Y,2025-12-26,3680000,대전광역시 대덕구
세븐일레븐 중리2호점,대전광역시,대덕구,30230,대전광역시 대덕구 한밭대로1149번길 35,대전광역시 대덕구 중리동 411-31,36.36069745,127.4261096,,중리지구대,,N,2025-12-26,3680000,대전광역시 대덕구
GS25시 한남대 북문점,대전광역시,대덕구,30230,대전광역시 대덕구 홍도로129번길 68,대전광역시 대덕구 중리동 232-15,36.35771188,127.4233169,,중리지구대,,Y,2025-12-26,3680000,대전광역시 대덕구
씨티할인마트,대전광역시,대덕구,30230,대전광역시 대덕구 홍도로 129,대전광역시 대덕구 중리동 239-5,36.35762694,127.4269262,,중리지구대,,N,2025-12-26,3680000,대전광역시 대덕구
CU 대전중리타운점,대전광역시,대덕구,30230,대전광역시 대덕구 계족로511번길38,대전광역시 대덕구 중리동 254-6,36.35740476,127.4305793,,중리지구대,,Y,2025-12-26,3680000,대전광역시 대덕구
이마트24 비래점,대전광역시,대덕구,30230,대전광역시 대덕구 비래동로23번길 60,대전광역시 대덕구 비래동 120-14,36.35734013,127.447154,,송촌지구대,,Y,2025-12-26,3680000,대전광역시 대덕구
세븐일레븐 비래본점,대전광역시,대덕구,30230,대전광역시 대덕구 비래동로14,대전광역시 대덕구 비래동 140-1,36.35518135,127.449954,,송촌지구대,,Y,2025-12-26,3680000,대전광역시 대덕구
GS25시 비래한신점,대전광역시,대덕구,30230,대전광역시 대덕구 비래서로 23,대전광역시 대덕구 비래동 123-7,36.35512862,127.4473224,,송촌지구대,,Y,2025-12-26,3680000,대전광역시 대덕구
CU 송촌타운점,대전광역시,대덕구,30230,대전광역시 대덕구 송촌남로20,대전광역시 대덕구 송촌동 295-1,36.35347411,127.4418634,,송촌지구대,,Y,2025-12-26,3680000,대전광역시 대덕구
세븐일레븐 오정중앙점,대전광역시,대덕구,30230,대전광역시 대덕구 오정로78번길 2,대전광역시 대덕구 오정동 235-1,36.35336027,127.410043,,중리지구대,,N,2025-12-26,3680000,대전광역시 대덕구
GS25시 한남대 정문점,대전광역시,대덕구,30230,대전광역시 대덕구 한남로 61,대전광역시 대덕구 오정동 172-5,36.35128786,127.4214016,,중리지구대,,Y,2025-12-26,3680000,대전광역시 대덕구
DQ24시,대전광역시,대덕구,30230,대전광역시 대덕구 한남로 36,대전광역시 대덕구 오정동 175-50,36.3511729,127.424362,,중리지구대,,Y,2025-12-26,3680000,대전광역시 대덕구
CU 한남대원룸점1호,대전광역시,대덕구,30230,대전광역시 대덕구 한남로17번길 16,대전광역시 대덕구 오정동 223-6,36.35055862,127.425735,,중리지구대,,Y,2025-12-26,3680000,대전광역시 대덕구
GS25 익산공단점,전북특별자치도,익산시,52140,전북특별자치도 익산시 부송로 22(부송동),전북특별자치도 익산시 부송동 1042-11,35.9540885,126.9928793,063-858-6613,익산경찰서,2019,Y,2025-12-22,4681000,전북특별자치도 익산시
CU익산부송센터점,전북특별자치도,익산시,52140,전북특별자치도 익산시 부송1로 67-1 (부송동),전북특별자치도 익산시 부송동 768,35.95778333,126.9893805,063-833-2798,익산경찰서,2019,Y,2025-12-22,4681000,전북특별자치도 익산시
GS25어양주공점,전북특별자치도,익산시,52140,전북특별자치도 익산시 하나로8길 14 (어양동),전북특별자치도 익산시 어양동 635-1,35.96065928,126.9825427,063-835-7725,익산경찰서,2019,Y,2025-12-22,4681000,전북특별자치도 익산시
CU 원광대원룸점,전북특별자치도,익산시,52140,전북특별자치도 익산시 동서로5길66(신동),전북특별자치도 익산시 신동 797-7,35.96050072,126.9550287,063-842-3690,익산경찰서,2019,Y,2025-12-22,4681000,전북특별자치도 익산시
GS25원광대중앙점,전북특별자치도,익산시,52140,전북특별자치도 익산시 동서로13길16 (신동),전북특별자치도 익산시 신동 785-4,35.96074364,126.958904,063-853-2056,익산경찰서,2019,Y,2025-12-22,4681000,전북특별자치도 익산시
GS25익산희망점,전북특별자치도,익산시,52140,전북특별자치도 익산시 고현로7길 16 (모현동1가),전북특별자치도 익산시 모현동1가 303-14,35.94630959,126.9419805,063-856-6003,익산경찰서,2019,Y,2025-12-22,4681000,전북특별자치도 익산시
GS25익산전북대점,전북특별자치도,익산시,52140,전북특별자치도 익산시 중앙로23길 1,전북특별자치도 익산시 남중동 128-66,35.94135572,126.9571763,063-854-2484,익산경찰서,2019,Y,2025-12-22,4681000,전북특별자치도 익산시
미니스톱익산남중점,전북특별자치도,익산시,52140,전북특별자치도 익산시 익산대로52길 37 (남중동),전북특별자치도 익산시 남중동 363-3,35.95111375,126.9559606,063-854-3817,익산경찰서,2019,Y,2025-12-22,4681000,전북특별자치도 익산시
GS25 마동점,전북특별자치도,익산시,52140,전북특별자치도 익산시 서동로 99 (마동),전북특별자치도 익산시 마동 344-8,35.93421944,126.9623708,063-842-2282,익산경찰서,2019,Y,2025-12-22,4681000,전북특별자치도 익산시
CU익산공단점,전북특별자치도,익산시,52140,전북특별자치도 익산시 약촌로 56 (신흥동),전북특별자치도 익산시 신흥동 857-1,35.93898915,126.978345,063-853-2430,익산경찰서,2019,Y,2025-12-22,4681000,전북특별자치도 익산시
GS25동산천변로점,전북특별자치도,익산시,52140,전북특별자치도 익산시 동천로1길 2(동산동),전북특별자치도 익산시 동산동 286-4,35.92933624,126.9676832,063-1644-5425,익산경찰서,2019,Y,2025-12-22,4681000,전북특별자치도 익산시
CU익산감초점,전북특별자치도,익산시,52140,전북특별자치도 익산시 서동로4길 17 (동산동),전북특별자치도 익산시 동산동 696-9,35.93123003,126.9596684,063-915-7177,익산경찰서,2019,Y,2025-12-22,4681000,전북특별자치도 익산시
세븐일레븐 익산인화 3호점,전북특별자치도,익산시,52140,전북특별자치도 익산시 목천로3길 7(인화동),전북특별자치도 익산시 인화동1가 173-5,35.93058364,126.9475015,063-841-8848,익산경찰서,2019,Y,2025-12-22,4681000,전북특별자치도 익산시
GS25 익산춘포점,전북특별자치도,익산시,52140,전북특별자치도 익산시 춘포면 춘포로347,전북특별자치도 익산시 춘포면 덕실리 491-9,35.90206876,127.0050822,063-1644-5425,익산경찰서,2019,Y,2025-12-22,4681000,전북특별자치도 익산시
GS25 익산금마점,전북특별자치도,익산시,52140,전북특별자치도 익산시 금마면 금마길 60-1,전북특별자치도 익산시 금마면 동고도리 696-14,35.99183168,127.0529649,063-831-6569,익산경찰서,2019,Y,2025-12-22,4681000,전북특별자치도 익산시
CU익산함열점,전북특별자치도,익산시,52140,전북특별자치도 익산시 함열읍 함열중앙로 24,전북특별자치도 익산시 함열읍 와리 549-10,36.07867543,126.959913,063-862-8757,익산경찰서,2019,Y,2025-12-22,4681000,전북특별자치도 익산시
GS25 만년중앙점,대전광역시,서구,36600,대전광역시 서구 만년남로3번길 46-3,,36.36554963,127.3739186,,대전둔산경찰서,2023,Y,2025-12-18,3660000,대전광역시 서구
CU 월평하모니점,대전광역시,서구,36600,대전광역시 서구 월평북로 27,,36.36250186,127.3713476,,대전둔산경찰서,2016,Y,2025-12-18,3660000,대전광역시 서구
GS25 주안승기점,인천광역시,미추홀구,28177,"인천광역시 미추홀구 인주대로 456, 1층","인천광역시 미추홀구 주안동 1517-7, 1층",37.45068271,126.6872284,032-426-6352,인천미추홀경찰서,2018,Y,2025-06-24,3510500,인천광역시 미추홀구
GS25 부평으뜸,인천광역시,부평구,28237,인천광역시 부평구 백운로12번길 23,인천광역시 부평구 십정동 568-1,37.482158,126.710576,032-506-2717,인천부평경찰서,2018,Y,2025-12-22,3540000,인천광역시 부평구
GS25 부평삼산,인천광역시,부평구,28237,인천광역시 부평구 길주로647번길 20,인천광역시 부평구 삼산동 460-1,37.507826,126.734777,032-362-2555,인천삼산경찰서,2018,Y,2025-12-22,3540000,인천광역시 부평구
GS25 부평마루,인천광역시,부평구,28237,인천광역시 부평구 후정로 30,인천광역시 부평구 삼산동 207-1,37.52010037,126.735918,032-516-8857,인천삼산경찰서,2018,Y,2025-12-22,3540000,인천광역시 부평구
GS25 갈산중앙,인천광역시,부평구,28237,인천광역시 부평구 주부토로145번길 8,인천광역시 부평구 갈산동 378-11,37.50831499,126.7254199,032-505-4576,인천삼산경찰서,2018,Y,2025-12-22,3540000,인천광역시 부평구
GS25 갈산사거리,인천광역시,부평구,28237,인천광역시 부평구 주부토로 261,인천광역시 부평구 갈산동 169-16,37.518366,126.726768,032-511-9711,인천삼산경찰서,2018,Y,2025-12-22,3540000,인천광역시 부평구
GS25 부평대동,인천광역시,부평구,28237,인천광역시 부평구 주부토로 201,인천광역시 부평구 갈산동 361-3,37.51317447,126.7244203,032-501-2535,인천삼산경찰서,2018,Y,2025-12-22,3540000,인천광역시 부평구
GS25 굴포빌리지,인천광역시,부평구,28237,인천광역시 부평구 장제로249번길 27,인천광역시 부평구 갈산동 397-4,37.50782004,126.729572,032-503-2679,인천삼산경찰서,2018,Y,2025-12-22,3540000,인천광역시 부평구
GS25 청천대로,인천광역시,부평구,28237,인천광역시 부평구 마장로459번길 2,인천광역시 부평구 청천동 14-18,37.51930991,126.704109,032-503-7247,인천부평경찰서,2018,Y,2025-12-22,3540000,인천광역시 부평구
GS25 부평일번가,인천광역시,부평구,28237,"인천광역시 부평구 경원대로 1395, 105호",인천광역시 부평구 부평동 159-15,37.49183884,126.724486,032-521-2204,인천삼산경찰서,2018,Y,2025-12-22,3540000,인천광역시 부평구
GS25 부개서초교,인천광역시,부평구,28237,"인천광역시 부평구 동수천로 39, 101호",인천광역시 부평구 부개동 148-16,37.48987823,126.733864,032-522-0623,인천삼산경찰서,2018,Y,2025-12-22,3540000,인천광역시 부평구
GS25 부평미래타운,인천광역시,부평구,28237,인천광역시 부평구 영성로 41,인천광역시 부평구 삼산동 389-11,37.52010948,126.744045,080-855-5525,인천삼산경찰서,2018,Y,2025-12-22,3540000,인천광역시 부평구
GS25 부평부영로,인천광역시,부평구,28237,인천광역시 부평구 부영로 196,인천광역시 부평구 부평동 64-20,37.50265391,126.7181167,032-506-3836,인천부평경찰서,2018,Y,2025-12-22,3540000,인천광역시 부평구
미니스톱 영등공원점,전북특별자치도,익산시,52140,전북특별자치도 익산시 무왕로9길53(영등동),전북특별자치도 익산시 영등동 803-6,35.96327263,126.9729472,1577-9621,익산경찰서,2021,Y,2025-12-22,4681000,전북특별자치도 익산시
GS25 익산어양점,전북특별자치도,익산시,52140,전북특별자치도 익산시 무왕로20길 32,전북특별자치도 익산시 어양동 648-8,35.95589043,126.9799487,063-833-2466,익산경찰서,2021,Y,2025-12-22,4681000,전북특별자치도 익산시
미니스톱 익산어양점,전북특별자치도,익산시,52140,전북특별자치도 익산시 무왕로20길 10,전북특별자치도 익산시 어양동 643-2,35.95782702,126.979883,1577-9621,익산경찰서,2021,Y,2025-12-22,4681000,전북특별자치도 익산시
세븐일레븐 익산원광대점,전북특별자치도,익산시,52140,전북특별자치도 익산시 동서로5길 82,전북특별자치도 익산시 신동 798-1,35.96111685,126.9565029,063-857-2719,익산경찰서,2021,Y,2025-12-22,4681000,전북특별자치도 익산시
CU 원광대스타점,전북특별자치도,익산시,52140,전북특별자치도 익산시 익산대로68길 75(신동),전북특별자치도 익산시 신동 767-13,35.96112458,126.9616865,063-853-5773,익산경찰서,2021,Y,2025-12-22,4681000,전북특별자치도 익산시
GS25 원광대2호점,전북특별자치도,익산시,52140,전북특별자치도 익산시 익산대로 62길 30(신동),전북특별자치도 익산시 신동 805-1,35.9599954,126.9606205,063-852-5453,익산경찰서,2021,Y,2025-12-22,4681000,전북특별자치도 익산시
GS25 익산사랑점,전북특별자치도,익산시,52140,전북특별자치도 익산시 무왕로 918(신동),,35.9628707,126.960378,063-856-1176,익산경찰서,2021,Y,2025-12-22,4681000,전북특별자치도 익산시
이마트24 다모아점,전북특별자치도,익산시,52140,전북특별자치도 익산시 약촌로 31(금강동),전북특별자치도 익산시 금강동 364-1,35.93692484,126.9777836,063-854-2720,익산경찰서,2021,Y,2025-12-22,4681000,전북특별자치도 익산시
미니스톱 이리동산점,전북특별자치도,익산시,52140,전북특별자치도 익산시 서동로 100(동산동),전북특별자치도 익산시 동산동 1045-8,35.93380962,126.9626643,063-852-3148,익산경찰서,2021,Y,2025-12-22,4681000,전북특별자치도 익산시
CU 익산동산점,전북특별자치도,익산시,52140,전북특별자치도 익산시 서동로2길 26,전북특별자치도 익산시 동산동 607-4,35.92844803,126.9589092,063-855-1683,익산경찰서,2021,Y,2025-12-22,4681000,전북특별자치도 익산시
gs25익산신일점,전북특별자치도,익산시,52140,전북특별자치도 익산시 약촌로 192(영등동),전북특별자치도 익산시 영등동 714-1,35.95068286,126.9742185,063-833-2484,익산경찰서,2019,Y,2025-12-22,4681000,전북특별자치도 익산시
CU익산영등원룸점,전북특별자치도,익산시,52140,전북특별자치도 익산시 궁동로1길 14(영등동),전북특별자치도 익산시 영등동 807-1,35.96296807,126.9719974,063-836-0200,익산경찰서,2019,Y,2025-12-22,4681000,전북특별자치도 익산시
CU 한남대원룸점2호,대전광역시,대덕구,30230,대전광역시 대덕구 한남로17번길 42,대전광역시 대덕구 오정동 223-102,36.34953316,127.425261,,중리지구대,,N,2025-12-26,3680000,대전광역시 대덕구
이산흑염소,대전광역시,대덕구,30230,대전광역시 대덕구 한남로 136,대전광역시 대덕구 오정동 372-8,36.34804759,127.4151279,,중리지구대,,Y,2025-12-26,3680000,대전광역시 대덕구
세븐일레븐 구일역점,서울특별시,구로구,11530,서울특별시 구로구 구일로 110(구로동),서울특별시 구로구 구로동 642-108,37.4950273,126.872004,02-851-1795,서울구로경찰서,2020,N,2025-12-08,3160000,서울특별시 구로구
세븐일레븐 고척푸르지오점,서울특별시,구로구,11530,서울특별시 구로구 중앙로 109(고척동),서울특별시 구로구 고척동339-1,37.5070541,126.8595113,02-2060-8367,서울구로경찰서,2020,N,2025-12-08,3160000,서울특별시 구로구
세븐일레븐 구일그린빌점,서울특별시,구로구,11530,"서울특별시 구로구 구일로10길 49(구로동, 다원그린빌)",서울특별시 구로구 구로동 685-154,37.4957011,126.8744343,,서울구로경찰서,2020,Y,2025-12-08,3160000,서울특별시 구로구
세븐일레븐 구로하이엔드점,서울특별시,구로구,11530,서울특별시 구로구 디지털로26길 5(구로동),서울특별시 구로구 구로동 235-2,37.48160996,126.8934683,,서울구로경찰서,2020,Y,2025-12-08,3160000,서울특별시 구로구
세븐일레븐 구로공단역점,서울특별시,구로구,11530,서울특별시 구로구 디지털로32나길 35(구로동),서울특별시 구로구 구로동 1124-44,37.48471224,126.9008335,02-864-6872,서울구로경찰서,2020,Y,2025-12-08,3160000,서울특별시 구로구
세븐일레븐 구로구청점,서울특별시,구로구,11530,서울특별시 구로구 가마산로22길 10(구로동),서울특별시 구로구 구로동 82-4,37.4939413,126.8874488,02-859-1390,서울구로경찰서,2020,Y,2025-12-08,3160000,서울특별시 구로구
세븐일레븐 구로천왕역점,서울특별시,구로구,11530,서울특별시 구로구 오리로 1154-7(오류동),서울특별시 구로구 오류동 183-8,37.4875288,126.8388062,,서울구로경찰서,2020,Y,2025-12-08,3160000,서울특별시 구로구
GS25 고척,서울특별시,구로구,11530,서울특별시 구로구 경인로47길 10(고척동),서울특별시 구로구 고척동 62-98,37.5001115,126.8671606,02-2616-0574,서울구로경찰서,2020,Y,2025-12-08,3160000,서울특별시 구로구
GS25 구로미래,서울특별시,구로구,11530,"서울특별시 구로구 경인로 661(신도림동,1104호)",서울특별시 구로구 신도림동 337,37.50904858,126.8869872,02-2069-1185,서울구로경찰서,2020,Y,2025-12-08,3160000,서울특별시 구로구
GS25 개봉으뜸,서울특별시,구로구,11530,"서울특별시 구로구 경인로40길 41(개봉동,107호)",서울특별시 구로구 개봉동 181-5,37.49502772,126.8590223,02-2066-9123,서울구로경찰서,2020,Y,2025-12-08,3160000,서울특별시 구로구
GS25 구로경인점,서울특별시,구로구,11530,"서울특별시 구로구 경인로35길 38(개봉동,1층)",서울특별시 구로구 개봉동 149-20,37.49891797,126.8543162,02-2688-1153,서울구로경찰서,2020,Y,2025-12-08,3160000,서울특별시 구로구
GS25 구로이편한점,서울특별시,구로구,11530,"서울특별시 구로구 신도림로 16, 101호(신도림동, 대림2차)","서울특별시 구로구 신도림동 642, 대림2차",37.50512273,126.8821933,02-2634-2810,서울구로경찰서,2020,Y,2025-12-08,3160000,서울특별시 구로구
GS25 구로사랑,서울특별시,구로구,11530,"서울특별시 구로구 경인로 661(신도림동,154호)",서울특별시 구로구 신도림동 337,37.50904858,126.8869872,02-2069-1049,서울구로경찰서,2020,Y,2025-12-08,3160000,서울특별시 구로구
GS25 디큐브시티,서울특별시,구로구,11530,"서울특별시 구로구 경인로 662(신도림동,지하1층)",서울특별시 구로구 신도림동 692,37.50812307,126.888213,02-2636-6980,서울구로경찰서,2020,N,2025-12-08,3160000,서울특별시 구로구
GS25 구로지벨리몰점,서울특별시,구로구,11530,서울특별시 구로구 디지털로 300(구로동),서울특별시 구로구 구로동 188-25,37.48492704,126.896538,02-6344-3904,서울구로경찰서,2020,Y,2025-12-08,3160000,서울특별시 구로구
GS25 오류행운,서울특별시,구로구,11530,서울특별시 구로구 경인로15길 80-4 (오류동),서울특별시 구로구 오류동 4-1,37.49722671,126.837019,02-2625-0025,서울구로경찰서,2020,Y,2025-12-08,3160000,서울특별시 구로구
GS25 신도림,서울특별시,구로구,11530,서울특별시 구로구 공원로6가길 52(구로동),서울특별시 구로구 구로동 33-1,37.5036144,126.8901032,02-852-7023,서울구로경찰서,2020,Y,2025-12-08,3160000,서울특별시 구로구
GS25 구로현대,서울특별시,구로구,11530,서울특별시 구로구 신도림로19길 16(신도림동),서울특별시 구로구 신도림동 641,37.51158352,126.8846172,02-3667-2596,서울구로경찰서,2020,Y,2025-12-08,3160000,서울특별시 구로구
GS25 신공항4점,인천광역시,중구,28110,인천광역시 중구 신도시남로149번길 1,인천광역시 중구 운서동 2798-4,37.494467,126.490149,032-751-3178,인천중부경찰서,2022,Y,2025-05-30,3490000,인천광역시 중구
GS25 신공항3점,인천광역시,중구,28110,인천광역시 중구 영종대로 120,인천광역시 중구 운서동 2806-2,37.49482018,126.4926583,032-751-2986,인천중부경찰서,2022,Y,2025-05-30,3490000,인천광역시 중구
씨유 자유공원점,인천광역시,중구,28110,인천광역시 중구 홍예문로 62,인천광역시 중구 전동 21,37.47540268,126.6267367,032-773-4560,인천중부경찰서,2021,Y,2025-05-30,3490000,인천광역시 중구
씨유 영종운남중앙점,인천광역시,중구,28110,"인천광역시 중구 운남안길 2, 삼성빌딩 1층",인천광역시 중구 운남동 1515,37.49335185,126.5346635,,인천중부경찰서,2021,Y,2025-05-30,3490000,인천광역시 중구
씨유 동인천역점,인천광역시,중구,28110,인천광역시 중구 참외전로 117-9,인천광역시 중구 인현동 1-19,37.47597763,126.6312186,,인천중부경찰서,2021,Y,2025-05-30,3490000,인천광역시 중구
GS25 영종자이점,인천광역시,중구,28110,"인천광역시 중구 운남서로 7, 영종자이아파트 정문상가",인천광역시 중구 운남동 1550,37.48792722,126.5313406,032-746-2522,인천중부경찰서,2021,Y,2025-05-30,3490000,인천광역시 중구
세븐일레븐 영종예스스카이점,인천광역시,중구,28110,인천광역시 중구 영종대로 190,인천광역시 중구 운서동 3088-7,37.49206567,126.4992723,032-752-5353,인천중부경찰서,2020,Y,2025-05-30,3490000,인천광역시 중구
GS25 영종갤러리84점,인천광역시,중구,28110,인천광역시 중구 미단행복로 65,인천광역시 중구 운북동 1266-18,37.5295534,126.5164203,,인천중부경찰서,2020,Y,2025-05-30,3490000,인천광역시 중구
GS25 산곡현대,인천광역시,부평구,28237,인천광역시 부평구 화랑남로 7,인천광역시 부평구 산곡동 311-37,37.49253881,126.705368,032-502-5096,인천부평경찰서,2018,Y,2025-12-22,3540000,인천광역시 부평구
GS25 동암남부,인천광역시,부평구,28237,인천광역시 부평구 아트센터로 38,인천광역시 부평구 십정동 475-8,37.47133893,126.703537,032-425-8578,인천부평경찰서,2018,Y,2025-12-22,3540000,인천광역시 부평구
GS25 십정중앙,인천광역시,부평구,28237,인천광역시 부평구 배곶남로 16-2,인천광역시 부평구 십정동 318,37.471912,126.695875,032-422-3794,인천부평경찰서,2018,Y,2025-12-22,3540000,인천광역시 부평구
GS25 부평피코그램,인천광역시,부평구,28237,인천광역시 부평구 부평북로 118,인천광역시 부평구 청천동 391-19,37.52227035,126.7062193,032-518-6151,인천부평경찰서,2018,Y,2025-12-22,3540000,인천광역시 부평구
GS25 부평중,인천광역시,부평구,28237,인천광역시 부평구 장제로 171,인천광역시 부평구 부평동 377-2,37.500881,126.730358,080-999-5425,인천삼산경찰서,2018,Y,2025-12-22,3540000,인천광역시 부평구
GS25 삼산주공,인천광역시,부평구,28237,인천광역시 부평구 영성동로18번길 19,인천광역시 부평구 삼산동 512,37.51992711,126.748038,032-502-9260,인천삼산경찰서,2018,Y,2025-12-22,3540000,인천광역시 부평구
GS25 부개주공,인천광역시,부평구,28237,인천광역시 부평구 부개로 61-14,인천광역시 부평구 부개동 498-9,37.50331799,126.738912,032-501-4960,인천삼산경찰서,2018,Y,2025-12-22,3540000,인천광역시 부평구
GS25 강화한옥점,인천광역시,강화군,35700,인천광역시 강화군 길상면 해안남로 666,,37.60176635,126.4911449,,인천강화경찰서,,Y,2025-11-28,3570000,인천광역시 강화군
GS25 부평경찰서,인천광역시,부평구,28237,인천광역시 부평구 길주로 505,인천광역시 부평구 청천동 199-51,37.507818,126.718202,080-999-5425,인천부평경찰서,2018,Y,2025-12-22,3540000,인천광역시 부평구
GS25 동암북부,인천광역시,부평구,28237,인천광역시 부평구 동암광장로14번길 7,인천광역시 부평구 십정동 402-58,37.471718,126.702331,032-423-1688,인천부평경찰서,2018,Y,2025-12-22,3540000,인천광역시 부평구
GS25 열우물동암,인천광역시,부평구,28237,인천광역시 부평구 경인로667번길 14,인천광역시 부평구 십정동 482-30,37.469406,126.707084,032-426-5410,인천부평경찰서,2018,Y,2025-12-22,3540000,인천광역시 부평구
GS25 부평힘찬,인천광역시,부평구,28237,인천광역시 부평구 장제로84번길 14,인천광역시 부평구 부평동 452-6,37.49283735,126.7308141,032-525-9950,인천삼산경찰서,2018,Y,2025-12-22,3540000,인천광역시 부평구
GS25 일신로터리,인천광역시,부평구,28237,인천광역시 부평구 일신로39번길 7,인천광역시 부평구 일신동 58-18,37.48140407,126.746502,032-505-5901,인천삼산경찰서,2018,Y,2025-12-22,3540000,인천광역시 부평구
GS25 일신풍림,인천광역시,부평구,28237,인천광역시 부평구 일신로14번길 23,인천광역시 부평구 일신동 409,37.48217716,126.7440146,080-999-5425,인천삼산경찰서,2018,Y,2025-12-22,3540000,인천광역시 부평구
GS25 부평여산,인천광역시,부평구,28237,인천광역시 부평구 부평대로 90,인천광역시 부평구 부평동 440-5,37.49955752,126.722482,032-501-2025,인천삼산경찰서,2018,Y,2025-12-22,3540000,인천광역시 부평구
GS25 부평공원,인천광역시,부평구,28237,인천광역시 부평구 안남로 62,인천광역시 부평구 부평동 284-69,37.48910411,126.712674,032-525-4076,인천부평경찰서,2018,Y,2025-12-22,3540000,인천광역시 부평구
GS25 산곡대진,인천광역시,부평구,28237,인천광역시 부평구 원길로 12,인천광역시 부평구 청천동 236,37.50520581,126.7152209,032-505-4606,인천부평경찰서,2018,Y,2025-12-22,3540000,인천광역시 부평구
GS25 열우물중앙,인천광역시,부평구,28237,인천광역시 부평구 열우물로49번길 37-4,인천광역시 부평구 십정동 421,37.470631,126.699552,032-423-6871,인천부평경찰서,2018,Y,2025-12-22,3540000,인천광역시 부평구
GS25 부개하이니스,인천광역시,부평구,28237,인천광역시 부평구 수변로93번길 6,인천광역시 부평구 부개동 120-407,37.49488357,126.741211,032-515-4595,인천삼산경찰서,2018,Y,2025-12-22,3540000,인천광역시 부평구
GS25 라이온스,인천광역시,부평구,28237,"인천광역시 부평구 부평대로 283, B동 115호",인천광역시 부평구 청천동 425,37.5176369,126.7201096,032-623-5330,인천부평경찰서,2018,Y,2025-12-22,3540000,인천광역시 부평구
GS25 부평시장,인천광역시,부평구,28237,인천광역시 부평구 부평문화로105번길 14,인천광역시 부평구 부평동 149-15,37.494739,126.728219,032-503-3754,인천삼산경찰서,2018,Y,2025-12-22,3540000,인천광역시 부평구
GS25 산곡월드,인천광역시,부평구,28237,"인천광역시 부평구 마장로272번길 50, B동 101호",인천광역시 부평구 산곡동 391-2,37.502113,126.7059498,032-511-8944,인천부평경찰서,2018,Y,2025-12-22,3540000,인천광역시 부평구
GS25 청천동아,인천광역시,부평구,28237,"인천광역시 부평구 부평대로167번길 42, 109호",인천광역시 부평구 청천동 301-29,37.506319,126.718324,080-999-5425,인천부평경찰서,2018,Y,2025-12-22,3540000,인천광역시 부평구
GS25 십정신동아,인천광역시,부평구,28237,인천광역시 부평구 동암산로 63,인천광역시 부평구 십정동 494-104,37.474803,126.704615,032-433-5410,인천부평경찰서,2018,Y,2025-12-22,3540000,인천광역시 부평구
GS25 부평2동,인천광역시,부평구,28237,인천광역시 부평구 부영로16번길 22,인천광역시 부평구 부평동 760-117,37.486718,126.718722,032-505-9447,인천부평경찰서,2018,Y,2025-12-22,3540000,인천광역시 부평구
GS25 삼산블루밍,인천광역시,부평구,28237,인천광역시 부평구 후정동로 13,인천광역시 부평구 삼산동 202,37.51863953,126.7376938,032-503-8805,인천삼산경찰서,2018,Y,2025-12-22,3540000,인천광역시 부평구
GS25 부평고,인천광역시,부평구,28237,인천광역시 부평구 부흥북로 41,인천광역시 부평구 부평동 375-106,37.501416,126.726619,032-515-4696,인천삼산경찰서,2018,Y,2025-12-22,3540000,인천광역시 부평구
GS25 부평성원,인천광역시,부평구,28237,인천광역시 부평구 충선로8번길 17,인천광역시 부평구 부평동 476-5,37.49115077,126.731938,032-505-7568,인천삼산경찰서,2018,Y,2025-12-22,3540000,인천광역시 부평구
GS25 부평보영,인천광역시,부평구,28237,인천광역시 부평구 경원대로1367번길 18-3,인천광역시 부평구 부평동 546-133,37.49227414,126.7210686,070-8875-0600,인천부평경찰서,2018,Y,2025-12-22,3540000,인천광역시 부평구
GS25 부평사랑투,인천광역시,부평구,28237,인천광역시 부평구 장제로75번길 8,인천광역시 부평구 부평동 557-12,37.49247007,126.7292638,032-511-3627,인천삼산경찰서,2018,Y,2025-12-22,3540000,인천광역시 부평구
GS25 부평사랑,인천광역시,부평구,28237,인천광역시 부평구 경원대로1431번길 13,인천광역시 부평구 부평동 585-2,37.49181445,126.727939,032-362-3627,인천삼산경찰서,2018,Y,2025-12-22,3540000,인천광역시 부평구
GS25 부평안다미로,인천광역시,부평구,28237,"인천광역시 부평구 경인로 920, A동 101호",인천광역시 부평구 부평동 669,37.486817,126.722166,032-506-0107,인천삼산경찰서,2018,Y,2025-12-22,3540000,인천광역시 부평구
GS25 부평지엠,인천광역시,부평구,28237,인천광역시 부평구 부평대로254,인천광역시 부평구 갈산동 182-4,37.514069,126.721433,032-506-2823,인천삼산경찰서,2018,Y,2025-12-22,3540000,인천광역시 부평구
GS25 부평갈산,인천광역시,부평구,28237,인천광역시 부평구 굴포로 50-10,인천광역시 부평구 갈산동 367-2,37.511144,126.7263832,032-511-1963,인천삼산경찰서,2018,Y,2025-12-22,3540000,인천광역시 부평구
GS25 갈산역,인천광역시,부평구,28237,인천광역시 부평구 부평대로278번길 8,인천광역시 부평구 갈산동 178,37.515969,126.722019,032-504-5366,인천삼산경찰서,2018,Y,2025-12-22,3540000,인천광역시 부평구
GS25 갈삼대로,인천광역시,부평구,28237,"인천광역시 부평구 갈월동로34, 101호",인천광역시 부평구 갈산동 369,37.51038034,126.7302215,032-519-9510,인천삼산경찰서,2018,Y,2025-12-22,3540000,인천광역시 부평구
GS25 열우물공원,인천광역시,부평구,28237,"인천광역시 부평구 배곶로81번길 4, 101",인천광역시 부평구 십정동 278-6,37.47522846,126.695325,032-433-0480,인천부평경찰서,2018,Y,2025-12-22,3540000,인천광역시 부평구
GS25 산곡믿음,인천광역시,부평구,28237,"인천광역시 부평구 마장로264번길 33, 101호",인천광역시 부평구 산곡동 255-1,37.50195285,126.7055254,032-501-3846,인천부평경찰서,2018,Y,2025-12-22,3540000,인천광역시 부평구
GS25 부평우주마루,인천광역시,부평구,28237,"인천광역시 부평구 주부토로54, 101호",인천광역시 부평구 부평동 415-3,37.49983132,126.725463,032-505-0771,인천삼산경찰서,2018,Y,2025-12-22,3540000,인천광역시 부평구
GS25 부평우림,인천광역시,부평구,28237,인천광역시 부평구 부평대로 283,인천광역시 부평구 청천동 425,37.5176369,126.7201096,080-855-5525,인천삼산경찰서,2018,Y,2025-12-22,3540000,인천광역시 부평구
GS25 부평대림,인천광역시,부평구,28237,인천광역시 부평구 경원대로1360,인천광역시 부평구 부평동 534-61,37.490953,126.720006,032-505-4058,인천부평경찰서,2018,Y,2025-12-22,3540000,인천광역시 부평구
GS25 삼산금성,인천광역시,부평구,28237,"인천광역시 부평구 길주로647번길 4, 108호",인천광역시 부평구 삼산동 461-1,37.50720102,126.7347389,032-528-2039,인천삼산경찰서,2018,Y,2025-12-22,3540000,인천광역시 부평구
GS25 부평우일,인천광역시,부평구,28237,인천광역시 부평구 충선로 21,인천광역시 부평구 부평동 458-2,37.49245215,126.732372,032-511-4032,인천삼산경찰서,2018,Y,2025-12-22,3540000,인천광역시 부평구
GS25 부개푸르지오,인천광역시,부평구,28237,인천광역시 부평구 부일로 70,인천광역시 부평구 부개동 166-3,37.488824,126.737274,032-502-7265,인천삼산경찰서,2018,Y,2025-12-22,3540000,인천광역시 부평구
GS25 부개중앙,인천광역시,부평구,28237,"인천광역시 부평구 부평문화로197번길 4, 101호",인천광역시 부평구 부개동 120-517,37.493685,126.738674,032-505-3846,인천삼산경찰서,2018,Y,2025-12-22,3540000,인천광역시 부평구
GS25 부평중앙,인천광역시,부평구,28237,인천광역시 부평구 시장로20번길 15,인천광역시 부평구 부평동 154-16,37.492532,126.7259072,032-522-1925,인천삼산경찰서,2018,Y,2025-12-22,3540000,인천광역시 부평구
GS25 부평대성,인천광역시,부평구,28237,인천광역시 부평구 장제로 89,인천광역시 부평구 부평동 531-1,37.493532,126.729594,070-4954-9914,인천삼산경찰서,2018,Y,2025-12-22,3540000,인천광역시 부평구
GS25 부평엠씨티,인천광역시,부평구,28237,인천광역시 부평구 장제로 62,인천광역시 부평구 부평동 507-2,37.490977,126.7307076,032-512-1032,인천삼산경찰서,2018,Y,2025-12-22,3540000,인천광역시 부평구
GS25 구로제일,서울특별시,구로구,11530,서울특별시 구로구 구일로4길 33(구로동),서울특별시 구로구 구로동 685-215,37.49209493,126.8757919,02-830-1963,서울구로경찰서,2020,Y,2025-12-08,3160000,서울특별시 구로구
GS25 구로미성,서울특별시,구로구,11530,서울특별시 구로구 구로중앙로 228(신도림동),서울특별시 구로구 신도림동 399,37.5061286,126.8766046,02-2635-2025,서울구로경찰서,2020,Y,2025-12-08,3160000,서울특별시 구로구
GS25 구로문성,서울특별시,구로구,11530,"서울특별시 구로구 디지털로32가길 72(구로동,101호)",서울특별시 구로구 구로동 1129-18,37.4805275,126.8969729,02-830-8770,서울구로경찰서,2020,Y,2025-12-08,3160000,서울특별시 구로구
GS25 구로개봉,서울특별시,구로구,11530,서울특별시 구로구 고척로19길 16(개봉동),서울특별시 구로구 개봉동 62-19,37.5019437,126.8453347,02-2611-8663,서울구로경찰서,2020,Y,2025-12-08,3160000,서울특별시 구로구
GS25 구로가리봉,서울특별시,구로구,11530,서울특별시 구로구 우마길 1 (가리봉동),서울특별시 구로구 가리봉동 122-21,37.4825185,126.8875206,02-858-6648,서울구로경찰서,2020,Y,2025-12-08,3160000,서울특별시 구로구
GS25 구로W타워,서울특별시,구로구,11530,서울특별시 구로구 경인로53길 90(구로동),서울특별시 구로구 구로동 615-3,37.50471737,126.8751754,02-6124-3343,서울구로경찰서,2020,Y,2025-12-08,3160000,서울특별시 구로구
GS25 고척세곡,서울특별시,구로구,11530,서울특별시 구로구 고척로33길 60(고척동),서울특별시 구로구 고척동 241-129,37.5052065,126.8480204,02-2066-5660,서울구로경찰서,2020,Y,2025-12-08,3160000,서울특별시 구로구
CU 구로파트너점,서울특별시,구로구,11530,서울특별시 구로구 디지털로32가길 16(구로동),서울특별시 구로구 구로동 1128-3,37.4829104,126.898574,02-2028-3658,서울구로경찰서,2020,Y,2025-12-08,3160000,서울특별시 구로구
CU 한신IT타워점,서울특별시,구로구,11530,서울특별시 구로구 디지털로 272(구로동),서울특별시 구로구 구로동 235,37.48250101,126.894424,02-866-2101,서울구로경찰서,2020,Y,2025-12-08,3160000,서울특별시 구로구
CU 오류현대점,서울특별시,구로구,11530,서울특별시 구로구 경인로20나길 30(오류동),서울특별시 구로구 오류동 46-1,37.4948667,126.8420247,02-2066-2287,서울구로경찰서,2020,Y,2025-12-08,3160000,서울특별시 구로구
CU 구로포스큐,서울특별시,구로구,11530,"서울특별시 구로구 공원로11(구로동,102호)",서울특별시 구로구 구로동 106-2,37.4981598,126.8919457,02-830-7248,서울구로경찰서,2020,Y,2025-12-08,3160000,서울특별시 구로구
CU 고척리가점,서울특별시,구로구,11530,서울특별시 구로구 중앙로14길 23(고척동),서울특별시 구로구 고척동 41-3,37.5069602,126.8626241,02-707-2250,서울구로경찰서,2020,Y,2025-12-08,3160000,서울특별시 구로구
세븐일레븐 한양본점,서울특별시,성동구,11200,서울특별시 성동구 마조로5길 8,서울특별시 성동구 행당동 4-27,37.56012487,127.0402266,02-2281-0779,서울성동경찰서,,Y,2025-12-23,3030000,서울특별시 성동구
미니스톱 성동도선점,서울특별시,성동구,11200,서울특별시 성동구 왕십리로20길 26,서울특별시 성동구 도선동 4-3,37.56400786,127.0355689,02-2297-7319,서울성동경찰서,,Y,2025-12-23,3030000,서울특별시 성동구
GS25 한양여대점,서울특별시,성동구,11200,서울특별시 성동구 사근동10길 16,서울특별시 성동구 사근동 190-11,37.5603507,127.0490812,02-2299-8120,서울성동경찰서,,Y,2025-12-23,3030000,서울특별시 성동구
GS25 성수햇살점,서울특별시,성동구,11200,서울특별시 성동구 성덕정길 128,서울특별시 성동구 성수2가1동 223-11,37.53653315,127.0575707,02-2205-5337,서울성동경찰서,,Y,2025-12-23,3030000,서울특별시 성동구
CU 금호두산점,서울특별시,성동구,11200,서울특별시 성동구 행당로 35 (금호동1가),서울특별시 성동구 금호1가동128-1번지,37.557009,127.043695,02-2295-2850,서울성동경찰서,,Y,2025-12-23,3030000,서울특별시 성동구
CU 성동금호점,서울특별시,성동구,11200,서울특별시 성동구 장터길 34,서울특별시 성동구 금호동4가 1192,37.548142,127.0196133,02-2298-3760,서울성동경찰서,,Y,2025-12-23,3030000,서울특별시 성동구
CU 마장현대점,서울특별시,성동구,11200,서울특별시 성동구 마장로39길 36,서울특별시 성동구 마장동 768-1번지 안민빌딩 109호,37.5681091,127.0437104,02-2281-0900,서울성동경찰서,,Y,2025-12-23,3030000,서울특별시 성동구
이마트24장위점,서울특별시,성북구,11290,서울특별시 성북구 장월로 89-1,서울특별시 성북구 장위동 238-198,37.6138424,127.0487142,02-3292-1999,종암경찰서,2014,Y,2025-12-23,3070000,서울특별시 성북구
세븐일레븐석관중학교점,서울특별시,성북구,11290,서울특별시 성북구 한천로 509,서울특별시 성북구 석관동 405,37.60698616,127.0657177,02-957-2535,종암경찰서,2014,Y,2025-12-23,3070000,서울특별시 성북구
세븐일레븐정릉이수점,서울특별시,성북구,11290,서울특별시 성북구 북악산로 842,서울특별시 성북구 정릉동 45-39,37.5992011,127.0176971,02-909-2725,성북경찰서,2014,Y,2025-12-23,3070000,서울특별시 성북구
세븐일레븐월곡삼양점,서울특별시,성북구,11290,서울특별시 성북구 오패산로17길 40,서울특별시 성북구 하월곡동 83-28,37.6079243,127.0338384,02-941-7008,종암경찰서,2014,Y,2025-12-23,3070000,서울특별시 성북구
세븐일레븐성북성신여고점,서울특별시,성북구,11290,서울특별시 성북구 동소문로 26가길 40,서울특별시 성북구 동선동3가 76,37.59479315,127.021170,02-6369-4845,성북경찰서,2014,Y,2025-12-23,3070000,서울특별시 성북구
세븐일레븐대학로카페점,서울특별시,종로구,11110,서울특별시 종로구 동숭길 143,서울특별시 종로구 동숭동 1-37,37.58326484,127.0024385,02-741-7652,서울혜화경찰서,2016,Y,2025-07-21,3000000,서울특별시 종로구
세븐일레븐평창점,서울특별시,종로구,11110,서울특별시 종로구 평창11길 17,서울특별시 종로구 평창동 343-1,37.60696451,126.9659579,02-394-9077,서울종로경찰서,2016,Y,2025-07-21,3000000,서울특별시 종로구
세븐일레븐혜화점,서울특별시,종로구,11110,서울특별시 종로구 창경궁로 273,서울특별시 종로구 혜화동 111-7,37.58579594,127.0005906,02-764-9367,서울혜화경찰서,2014,Y,2025-07-21,3000000,서울특별시 종로구
세븐일레븐종로배화점,서울특별시,종로구,11110,서울특별시 종로구 필운대로 12,서울특별시 종로구 필운동 163,37.57716353,126.9694373,02-736-0996,서울종로경찰서,2016,Y,2025-07-21,3000000,서울특별시 종로구
미니스톱동대문역점,서울특별시,종로구,11110,서울특별시 종로구 종로 313-1,서울특별시 종로구 창신동 154-1,37.57233208,127.0125644,02-745-3206,서울혜화경찰서,2014,Y,2025-07-21,3000000,서울특별시 종로구
미니스톱종로6가점,서울특별시,종로구,11110,서울특별시 종로구 종로41길 3,서울특별시 종로구 종로6가 247-1,37.57143319,127.006541,,서울혜화경찰서,2014,Y,2025-07-21,3000000,서울특별시 종로구
GS25종로도렴점,서울특별시,종로구,11110,서울특별시 종로구 새문안로5길 31,서울특별시 종로구 도렴동 65,37.57297651,126.9743513,,서울종로경찰서,2017,Y,2025-07-21,3000000,서울특별시 종로구
GS25종로누하점,서울특별시,종로구,11110,서울특별시 종로구 필운대로 39,서울특별시 종로구 누하동 57-2,37.57953437,126.968627,02-737-4524,서울종로경찰서,2016,Y,2025-07-21,3000000,서울특별시 종로구
GS25상명사랑점,서울특별시,종로구,11110,서울특별시 종로구 세검정로 230,서울특별시 종로구 홍지동 94-2,37.60015497,126.9585206,02-379-2325,서울종로경찰서,2014,Y,2025-07-21,3000000,서울특별시 종로구
CU종로행촌점,서울특별시,종로구,11110,서울특별시 종로구 통일로12길 62,서울특별시 종로구 행촌동 210-113,37.57503706,126.9618966,02-722-1378,서울종로경찰서,2017,Y,2025-07-21,3000000,서울특별시 종로구
CU종로원서점,서울특별시,종로구,11110,서울특별시 종로구 창덕궁길 120,서울특별시 종로구 원서동 45,37.58281182,126.9893647,02-741-5097,서울종로경찰서,2017,Y,2025-07-21,3000000,서울특별시 종로구
CU종로배화점,서울특별시,종로구,11110,서울특별시 종로구 필운대로1길 36,서울특별시 종로구 필운동 41,37.57794345,126.9675106,02-720-2976,서울종로경찰서,2017,Y,2025-07-21,3000000,서울특별시 종로구
CU종로중앙점,서울특별시,종로구,11110,서울특별시 종로구 종로12길 7,서울특별시 종로구 관철동 14-10,37.56969893,126.9859006,02-737-5090,서울종로경찰서,2014,Y,2025-07-21,3000000,서울특별시 종로구
CU종로신교점,서울특별시,종로구,11110,서울특별시 종로구 필운대로 112-4,서울특별시 종로구 신교동 36,37.58368822,126.9696541,02-735-9777,서울종로경찰서,2014,Y,2025-07-21,3000000,서울특별시 종로구
CU종로삼청점,서울특별시,종로구,11110,서울특별시 종로구 삼청로 132,서울특별시 종로구 삼청동 22,37.58711566,126.9817987,02-736-8777,서울종로경찰서,2015,Y,2025-07-21,3000000,서울특별시 종로구
CU종로공원점,서울특별시,종로구,11110,서울특별시 종로구 율곡로 271,서울특별시 종로구 종로6가 12-9,37.5732025,127.007592,02-3676-6659,서울혜화경찰서,2016,Y,2025-07-21,3000000,서울특별시 종로구
CU명륜성대점,서울특별시,종로구,11110,서울특별시 종로구 창경궁로 236,서울특별시 종로구 명륜4가 187,37.58264363,126.9988342,02-742-7897,서울혜화경찰서,2016,Y,2025-07-21,3000000,서울특별시 종로구
CU마로니에점,서울특별시,종로구,11110,서울특별시 종로구 대학로 81,서울특별시 종로구 연건동 78-2,37.5784185,127.0019231,02-743-8249,서울혜화경찰서,2014,Y,2025-07-21,3000000,서울특별시 종로구
CU동숭아트점,서울특별시,종로구,11110,서울특별시 종로구 동숭길 114,서울특별시 종로구 동숭동 28,37.58317453,127.0038343,070-8808-5643,서울혜화경찰서,2014,Y,2025-07-21,3000000,서울특별시 종로구
CU동대문역점,서울특별시,종로구,11110,서울특별시 종로구 종로46길 5,서울특별시 종로구 창신동 464-16,37.57125942,127.010979,02-747-8508,서울혜화경찰서,2014,Y,2025-07-21,3000000,서울특별시 종로구
CU광화문광장점,서울특별시,종로구,11110,서울특별시 종로구 새문안로 103-1,서울특별시 종로구 신문로1가 1-1,37.57048096,126.976179,02-722-2456,서울종로경찰서,2016,Y,2025-07-21,3000000,서울특별시 종로구
씨유 신흥누리점,인천광역시,중구,28110,"인천광역시 중구 인중로 96, 누리타워아파트 1층",인천광역시 중구 신흥동2가 50-10,37.4656233,126.6326315,,인천중부경찰서,2024,Y,2025-05-30,3490000,인천광역시 중구
씨유 신포중앙점,인천광역시,중구,28110,인천광역시 중구 제물량로166번길 4,인천광역시 중구 신생동 7-19,37.4703054,126.6255634,,인천중부경찰서,2024,Y,2025-05-30,3490000,인천광역시 중구
GS25 영종베스트빌점,인천광역시,중구,28110,"인천광역시 중구 흰바위로 22, 104호, 106호",인천광역시 중구 운서동 2788-2,37.49213276,126.4872700303,,인천중부경찰서,2024,Y,2025-05-30,3490000,인천광역시 중구
이마트24 월미상륙작전점,인천광역시,중구,28110,인천광역시 중구 월미문화로 37-1,인천광역시 중구 북성동1가 98-338,37.4749309,126.5977578,,인천중부경찰서,2023,Y,2025-05-30,3490000,인천광역시 중구
이마트24 영종운남점,인천광역시,중구,28110,"인천광역시 중구 운중로 22, 1층",인천광역시 중구 운남동 433-3,37.49332092,126.5355227,032-747-1567,인천중부경찰서,2023,Y,2025-05-30,3490000,인천광역시 중구
이마트24 영종백운로점,인천광역시,중구,28110,인천광역시 중구 백운로 443,인천광역시 중구 운북동 434-9,37.5126463,126.5144066,032-746-8842,인천중부경찰서,2023,Y,2025-05-30,3490000,인천광역시 중구
씨유 미단유커타운점,인천광역시,중구,28110,"인천광역시 중구 자연대로 701, 1층",인천광역시 중구 운북동 1361-32,37.5279138,126.5054676,,인천중부경찰서,2023,Y,2025-05-30,3490000,인천광역시 중구
씨유 뉴월미문화거리점,인천광역시,중구,28110,인천광역시 중구 월미문화로 45,인천광역시 중구 북성동1가 98-368,37.4743113,126.5973511,,인천중부경찰서,2023,Y,2025-05-30,3490000,인천광역시 중구
세븐일레븐 인천중구홍예문점,인천광역시,중구,28110,"인천광역시 중구 홍예문로 26, 1층",인천광역시 중구 송학동3가 7-12,37.4727189,126.624606,,인천중부경찰서,2023,Y,2025-05-30,3490000,인천광역시 중구
세븐일레븐 신포로데오점,인천광역시,중구,28110,인천광역시 중구 신포로 26,인천광역시 중구 신포동 26-28,37.471096,126.6249647,,인천중부경찰서,2023,Y,2025-05-30,3490000,인천광역시 중구
GS25 월미도선착장점,인천광역시,중구,28110,"인천광역시 중구 월미로234번길 12, 1층 104호, 105호",인천광역시 중구 북성동1가 98-10,37.4755685,126.5981434,,인천중부경찰서,2023,Y,2025-05-30,3490000,인천광역시 중구
GS25 영종역점,인천광역시,중구,28110,인천광역시 중구 백운로 414번길 75,인천광역시 중구 운북동 465-37,37.51210022,126.5242489,,인천중부경찰서,2023,Y,2025-05-30,3490000,인천광역시 중구
GS25 동인천본점,인천광역시,중구,28110,"인천광역시 중구 홍예문로 84, 1층",인천광역시 중구 인현동 4-8,37.4763249,126.6287413,,인천중부경찰서,2023,Y,2025-05-30,3490000,인천광역시 중구
이마트24 운남빌리지점,인천광역시,중구,28110,인천광역시 중구 운남서로 87,인천광역시 중구 운남동 1506-10,37.49462132,126.5311463,032-745-7375,인천중부경찰서,2022,Y,2025-05-30,3490000,인천광역시 중구
이마트24 선녀바위점,인천광역시,중구,28110,인천광역시 중구 용유서로 292,인천광역시 중구 을왕동 705,37.44484488,126.376754,,인천중부경찰서,2022,Y,2025-05-30,3490000,인천광역시 중구
이마트24 동인천역점,인천광역시,중구,28110,인천광역시 중구 우현로 87번길 2,인천광역시 중구 인현동 20-11,37.474742,126.630565,032-761-1087,인천중부경찰서,2022,Y,2025-05-30,3490000,인천광역시 중구
이마트24 RGB스카이호텔점,인천광역시,중구,28110,인천광역시 중구 은하수로 29번길 31,인천광역시 중구 중산동 1952-4,37.49079049,126.5804738,,인천중부경찰서,2022,Y,2025-05-30,3490000,인천광역시 중구
씨유 운남원룸점,인천광역시,중구,28110,인천광역시 중구 운남서로 105,인천광역시 중구 운남동 1505-6,37.49408344,126.532979,,인천중부경찰서,2022,Y,2025-05-30,3490000,인천광역시 중구
씨유 영종프라자점,인천광역시,중구,28110,인천광역시 중구 하늘달빛로 94,인천광역시 중구 중산동 1875-3,37.48729929,126.557485,,인천중부경찰서,2022,Y,2025-05-30,3490000,인천광역시 중구
세븐일레븐 영종파인프라자점,인천광역시,중구,28110,인천광역시 중구 하늘별빛로 65번길 8-23,인천광역시 중구 중산동 1883-1,37.49020211,126.5612906,,인천중부경찰서,2022,Y,2025-05-30,3490000,인천광역시 중구
GS25 운서지구점,인천광역시,중구,28110,인천광역시 중구 운서3로 41,인천광역시 중구 운서동 2911-1,37.483223,126.5101078,032-746-0031,인천중부경찰서,2022,Y,2025-05-30,3490000,인천광역시 중구
GS25 강화길상점,인천광역시,강화군,35700,"인천광역시 강화군 길상면 길상로 315, 1층",,37.63904983,126.4926305,,인천강화경찰서,,Y,2025-11-28,3570000,인천광역시 강화군
세븐일레븐 길직리점,인천광역시,강화군,35700,인천광역시 강화군 길상면 강화동로 135,,37.6511938,126.4922946,,인천강화경찰서,,Y,2025-11-28,3570000,인천광역시 강화군
GS25 강화타운점,인천광역시,강화군,35700,인천광역시 강화군 강화읍 향나무길22번길 17-1,,37.74606292,126.477886,,인천강화경찰서,,Y,2025-11-28,3570000,인천광역시 강화군
CU강화신문점,인천광역시,강화군,35700,인천광역시 강화군 강화읍 청하동길 4,,37.74741292,126.4822557,,인천강화경찰서,,Y,2025-11-28,3570000,인천광역시 강화군
덕흥경로당,전북특별자치도,고창군,52790,전북특별자치도 고창군 무장면 덕흥안길 23-3,전북특별자치도 고창군 무장면 교흥리 783,35.42508552,126.5663939,,고창경찰서,2020,Y,2024-07-19,4781000,전북특별자치도 고창군
내동경로당,전북특별자치도,고창군,52790,전북특별자치도 고창군 무장면 내동1길 17,전북특별자치도 고창군 무장면 성내리 191-1,35.42107143,126.5592459,,고창경찰서,2020,Y,2024-07-19,4781000,전북특별자치도 고창군
금정경로당,전북특별자치도,고창군,52790,전북특별자치도 고창군 무장면 금정1길 5,전북특별자치도 고창군 무장면 무장리 103-6,35.41584875,126.5604999,,고창경찰서,2020,Y,2024-07-19,4781000,전북특별자치도 고창군
여자경로당,전북특별자치도,고창군,52790,전북특별자치도 고창군 무장면 시거길 12,전북특별자치도 고창군 무장면 무장리 335,35.41681405,126.5596801,,고창경찰서,2020,Y,2024-07-19,4781000,전북특별자치도 고창군
주진경로당,전북특별자치도,고창군,52790,전북특별자치도 고창군 아산면 주진흥룡길 164,전북특별자치도 고창군 아산면 주진리 585-1,35.42997879,126.6150732,,고창경찰서,2020,Y,2024-07-19,4781000,전북특별자치도 고창군
선양제경로당,전북특별자치도,고창군,52790,전북특별자치도 고창군 아산면 녹두로 775-6,전북특별자치도 고창군 아산면 상갑리 685-2,35.44058888,126.6338002,,고창경찰서,2020,Y,2024-07-19,4781000,전북특별자치도 고창군
하갑경로당,전북특별자치도,고창군,52790,전북특별자치도 고창군 아산면 갑평1길 16,전북특별자치도 고창군 아산면 하갑리 208-4,35.43890162,126.6338582,,고창경찰서,2020,Y,2024-07-19,4781000,전북특별자치도 고창군
상갑경로당,전북특별자치도,고창군,52790,전북특별자치도 고창군 아산면 갑평2길 25,전북특별자치도 고창군 아산면 상갑리 630-1,35.43809652,126.6384501,,고창경찰서,2020,Y,2024-07-19,4781000,전북특별자치도 고창군
동부리여자경로당,전북특별자치도,고창군,52790,전북특별자치도 고창군 고창읍 동리로 145-6,전북특별자치도 고창군 고창읍 읍내리 8-32,35.43327356,126.7081616,,고창경찰서,2020,Y,2024-07-19,4781000,전북특별자치도 고창군
우평경로당,전북특별자치도,고창군,52790,전북특별자치도 고창군 고수면 우평길 23,전북특별자치도 고창군 고수면 우평리 307-1,35.42428571,126.6614325,,고창경찰서,2020,Y,2024-07-19,4781000,전북특별자치도 고창군
문화경로당,전북특별자치도,고창군,52790,전북특별자치도 고창군 고수면 고수로 59,전북특별자치도 고창군 고수면 황산리 366,35.40672205,126.6832695,,고창경찰서,2020,Y,2024-07-19,4781000,전북특별자치도 고창군
황산경로당,전북특별자치도,고창군,52790,전북특별자치도 고창군 고수면 황산길 44,전북특별자치도 고창군 고수면 황산리 68-1,35.41028845,126.6834334,,고창경찰서,2020,Y,2024-07-19,4781000,전북특별자치도 고창군
남구경로당,전북특별자치도,고창군,52790,전북특별자치도 고창군 고창읍 남구1길 9-1,전북특별자치도 고창군 고창읍 읍내리 1202,35.42683989,126.6951411,,고창경찰서,2020,Y,2024-07-19,4781000,전북특별자치도 고창군
신흥경로당,전북특별자치도,고창군,52790,전북특별자치도 고창군 고창읍 시장길 12,전북특별자치도 고창군 고창읍 읍내리 324-45,35.43426212,126.6981885,,고창경찰서,2020,Y,2024-07-19,4781000,전북특별자치도 고창군
대성여자경로당,전북특별자치도,고창군,52790,전북특별자치도 고창군 고창읍 남정1길 30,전북특별자치도 고창군 고창읍 읍내리 563-23,35.43269968,126.6968153,,고창경찰서,2020,Y,2024-07-19,4781000,전북특별자치도 고창군
성북경로당,전북특별자치도,고창군,52790,전북특별자치도 고창군 고창읍 서문2길 23-1,전북특별자치도 고창군 고창읍 읍내리 479-6,35.4314305,126.7015406,,고창경찰서,2020,Y,2024-07-19,4781000,전북특별자치도 고창군
청하경로당,전북특별자치도,고창군,52790,전북특별자치도 고창군 고창읍 청룡길 20,전북특별자치도 고창군 고창읍 교촌리 214-4,35.44108582,126.7008809,,고창경찰서,2020,Y,2024-07-19,4781000,전북특별자치도 고창군
성신경로당,전북특별자치도,고창군,52790,전북특별자치도 고창군 고창읍 성산8길 23,전북특별자치도 고창군 고창읍 읍내리 681-217,35.43775488,126.698256,,고창경찰서,2020,Y,2024-07-19,4781000,전북특별자치도 고창군
주공여자경로당,전북특별자치도,고창군,52790,전북특별자치도 고창군 고창읍 월곡1길 43,전북특별자치도 고창군 고창읍 월곡리 585,35.43872865,126.7102068,,고창경찰서,2020,Y,2024-07-19,4781000,전북특별자치도 고창군
시기여자경로당,전북특별자치도,고창군,52790,전북특별자치도 고창군 성내면 낙산로 417,전북특별자치도 고창군 성내면 양계리 700-1,35.53757792,126.7425735,,고창경찰서,2020,Y,2024-07-19,4781000,전북특별자치도 고창군
죽정경로당,전북특별자치도,고창군,52790,전북특별자치도 고창군 흥덕면 죽정길 29,전북특별자치도 고창군 흥덕면 동사리 540-5,35.5235776,126.7074864,,고창경찰서,2020,Y,2024-07-19,4781000,전북특별자치도 고창군
서이경로당,전북특별자치도,고창군,52790,전북특별자치도 고창군 흥덕면 서이길 3-4,전북특별자치도 고창군 흥덕면 흥덕리 384-6,35.51937449,126.6985992,,고창경찰서,2020,Y,2024-07-19,4781000,전북특별자치도 고창군
화평여자경로당,전북특별자치도,고창군,52790,전북특별자치도 고창군 고창읍 천변북로 23-7,전북특별자치도 고창군 고창읍 읍내리 616-62,35.43468031,126.6943812,,고창경찰서,2020,Y,2024-07-19,4781000,전북특별자치도 고창군
문화경로당,전북특별자치도,고창군,52790,전북특별자치도 고창군 흥덕면 흥덕로 30,전북특별자치도 고창군 흥덕면 동사리 437-98,35.518621,126.7038016,,고창경찰서,2020,Y,2024-07-19,4781000,전북특별자치도 고창군
흥덕여자경로당,전북특별자치도,고창군,52790,전북특별자치도 고창군 흥덕면 흥동1길 8,전북특별자치도 고창군 흥덕면 흥덕리 320,35.52169468,126.702177,,고창경찰서,2020,Y,2024-07-19,4781000,전북특별자치도 고창군
금산경로당,전북특별자치도,고창군,52790,전북특별자치도 고창군 심원면 연화1길 40,전북특별자치도 고창군 심원면 연화리 677-3,35.52160456,126.5534667,,고창경찰서,2020,Y,2024-07-19,4781000,전북특별자치도 고창군
마산경로당,전북특별자치도,고창군,52790,전북특별자치도 고창군 심원면 마산길 13,전북특별자치도 고창군 심원면 월산리 754,35.52514562,126.5510524,,고창경찰서,2020,Y,2024-07-19,4781000,전북특별자치도 고창군
신기경로당,전북특별자치도,고창군,52790,전북특별자치도 고창군 심원면 연화1길 7,전북특별자치도 고창군 심원면 연화리 700-10,35.52387425,126.5525563,,고창경찰서,2020,Y,2024-07-19,4781000,전북특별자치도 고창군
발산경로당,전북특별자치도,고창군,52790,전북특별자치도 고창군 대산면 발산길 231,전북특별자치도 고창군 대산면 산정리 365,35.33858688,126.5782997,,고창경찰서,2020,Y,2024-07-19,4781000,전북특별자치도 고창군
세장경로당,전북특별자치도,고창군,52790,전북특별자치도 고창군 대산면 세장길 28,전북특별자치도 고창군 대산면 매산리 324-4,35.34598306,126.595873,,고창경찰서,2020,Y,2024-07-19,4781000,전북특별자치도 고창군
구연정경로당,전북특별자치도,고창군,52790,전북특별자치도 고창군 대산면 공음대산로 936-8,전북특별자치도 고창군 대산면 매산리 198-32,35.33960653,126.5981398,,고창경찰서,2020,Y,2024-07-19,4781000,전북특별자치도 고창군
사거1경로당,전북특별자치도,고창군,52790,전북특별자치도 고창군 대산면 대산길 83-19,전북특별자치도 고창군 대산면 매산리 164-8,35.34092366,126.5993158,,고창경찰서,2020,Y,2024-07-19,4781000,전북특별자치도 고창군
월계경로당,전북특별자치도,고창군,52790,전북특별자치도 고창군 성송면 월계길 28-4,전북특별자치도 고창군 성송면 계당리 640-1,35.36923237,126.646093,,고창경찰서,2020,Y,2024-07-19,4781000,전북특별자치도 고창군
성산경로당,전북특별자치도,고창군,52790,전북특별자치도 고창군 고창읍 성산4길 32,전북특별자치도 고창군 고창읍 읍내리 191-30,35.43642317,126.6991143,,고창경찰서,2020,Y,2024-07-19,4781000,전북특별자치도 고창군
성송경로당,전북특별자치도,고창군,52790,전북특별자치도 고창군 성송면 치동길 12-1,전북특별자치도 고창군 성송면 판정리 52-13,35.36344815,126.6472736,,고창경찰서,2020,Y,2024-07-19,4781000,전북특별자치도 고창군
신동호경로당,전북특별자치도,고창군,52790,전북특별자치도 고창군 해리면 신동호길 64-1,전북특별자치도 고창군 해리면 동호리 124-2,35.50663023,126.4902705,,고창경찰서,2020,Y,2024-07-19,4781000,전북특별자치도 고창군
월봉경로당,전북특별자치도,고창군,52790,전북특별자치도 고창군 해리면 월봉성산길 92-3,전북특별자치도 고창군 해리면 라성리 521-1,35.46959899,126.4825339,,고창경찰서,2020,Y,2024-07-19,4781000,전북특별자치도 고창군
신대경로당,전북특별자치도,고창군,52790,전북특별자치도 고창군 해리면 하련신대길 35,전북특별자치도 고창군 해리면 하련리 311-2,35.463928,126.5408388,,고창경찰서,2020,Y,2024-07-19,4781000,전북특별자치도 고창군
하련경로당,전북특별자치도,고창군,52790,전북특별자치도 고창군 해리면 하련1길 9-3,전북특별자치도 고창군 해리면 하련리 195-2,35.45994632,126.5409618,,고창경찰서,2020,Y,2024-07-19,4781000,전북특별자치도 고창군
상하경로제,전북특별자치도,고창군,52790,전북특별자치도 고창군 상하면 명동2길 16,전북특별자치도 고창군 상하면 하장리 929-7,35.44579983,126.4924105,,고창경찰서,2020,Y,2024-07-19,4781000,전북특별자치도 고창군
상하여자경로당,전북특별자치도,고창군,52790,전북특별자치도 고창군 상하면 상하로 42,전북특별자치도 고창군 상하면 하장리 988-3,35.44203469,126.4911853,,고창경찰서,2020,Y,2024-07-19,4781000,전북특별자치도 고창군
서남경로당,전북특별자치도,고창군,52790,전북특별자치도 고창군 상하면 석남길 45,전북특별자치도 고창군 상하면 석남리 650,35.44132503,126.4629517,,고창경찰서,2020,Y,2024-07-19,4781000,전북특별자치도 고창군
창촌경로당,전북특별자치도,고창군,52790,전북특별자치도 고창군 공음면 공음석교길 104,전북특별자치도 고창군 공음면 석교리 587,35.38972736,126.4918894,,고창경찰서,2020,Y,2024-07-19,4781000,전북특별자치도 고창군
진목정경로당,전북특별자치도,고창군,52790,전북특별자치도 고창군 공음면 참나무정1길 6,전북특별자치도 고창군 공음면 칠암리 535,35.37728299,126.5131215,,고창경찰서,2020,Y,2024-07-19,4781000,전북특별자치도 고창군
성남북여자경로당,전북특별자치도,고창군,52790,전북특별자치도 고창군 고창읍 남정9길 1,전북특별자치도 고창군 고창읍 읍내리 883-2,35.43051444,126.6995211,,고창경찰서,2020,Y,2024-07-19,4781000,전북특별자치도 고창군
장곡경로당,전북특별자치도,고창군,52790,전북특별자치도 고창군 공음면 장곡길 75,전북특별자치도 고창군 공음면 장곡리 394,35.36968618,126.5040423,,고창경찰서,2020,Y,2024-07-19,4781000,전북특별자치도 고창군
마래경로당,전북특별자치도,고창군,52790,전북특별자치도 고창군 공음면 마래길 15,전북특별자치도 고창군 공음면 구암리 464-2,35.40850336,126.4940043,,고창경찰서,2020,Y,2024-07-19,4781000,전북특별자치도 고창군
수북여자경로당,전북특별자치도,고창군,52790,전북특별자치도 고창군 고창읍 중앙로 222-6,전북특별자치도 고창군 고창읍 읍내리 221-2,35.43473227,126.6998595,,고창경찰서,2020,Y,2024-07-19,4781000,전북특별자치도 고창군
상원경로당,전북특별자치도,고창군,52790,전북특별자치도 고창군 고창읍 중거리당산로 108,전북특별자치도 고창군 고창읍 읍내리 410-9,35.42912148,126.6991684,,고창경찰서,2020,Y,2024-07-19,4781000,전북특별자치도 고창군
반곡경로당,전북특별자치도,고창군,52790,전북특별자치도 고창군 고창읍 성산로 19,전북특별자치도 고창군 고창읍 읍내리 1222,35.43879148,126.6931738,,고창경찰서,2020,Y,2024-07-19,4781000,전북특별자치도 고창군
조양경로당,전북특별자치도,고창군,52790,전북특별자치도 고창군 부안면 전봉준로 657,전북특별자치도 고창군 부안면 운양리 562-5,35.48588738,126.6737656,,고창경찰서,2020,Y,2024-07-19,4781000,전북특별자치도 고창군
용현경로당,전북특별자치도,고창군,52790,전북특별자치도 고창군 부안면 용현2길 4-3,전북특별자치도 고창군 부안면 수앙리 115-1,35.54262114,126.653646,,고창경찰서,2020,Y,2024-07-19,4781000,전북특별자치도 고창군
청룡경로당,전북특별자치도,고창군,52790,전북특별자치도 고창군 고창읍 소반2길 24,전북특별자치도 고창군 고창읍 읍내리 681-159,35.43850457,126.6979938,,고창경찰서,2020,Y,2024-07-19,4781000,전북특별자치도 고창군
지동경로당,전북특별자치도,고창군,52790,전북특별자치도 고창군 부안면 지동2길 24,전북특별자치도 고창군 부안면 수남리 157,35.52098077,126.6714262,,고창경찰서,2020,Y,2024-07-19,4781000,전북특별자치도 고창군
난산경로당,전북특별자치도,고창군,52790,전북특별자치도 고창군 부안면 난산1길 7-3,전북특별자치도 고창군 부안면 중흥리 177-8,35.5137827,126.6723514,,고창경찰서,2020,Y,2024-07-19,4781000,전북특별자치도 고창군
구산경로당,전북특별자치도,고창군,52790,전북특별자치도 고창군 신림면 구산길 3,전북특별자치도 고창군 신림면 도림리 159-9,35.49461731,126.7346392,,고창경찰서,2020,Y,2024-07-19,4781000,전북특별자치도 고창군
환산경로당,전북특별자치도,고창군,52790,전북특별자치도 고창군 신림면 환산길 128,전북특별자치도 고창군 신림면 외화리 389-6,35.49936014,126.713543,,고창경찰서,2020,Y,2024-07-19,4781000,전북특별자치도 고창군
임리여자경로당,전북특별자치도,고창군,52790,전북특별자치도 고창군 신림면 신림로 153,전북특별자치도 고창군 신림면 무림리 299,35.48906959,126.7143478,,고창경찰서,2020,Y,2024-07-19,4781000,전북특별자치도 고창군
은낙경로당,전북특별자치도,고창군,52790,전북특별자치도 고창군 성내면 은낙길 69,전북특별자치도 고창군 성내면 산림리 298-6,35.52476318,126.7594084,,고창경찰서,2020,Y,2024-07-19,4781000,전북특별자치도 고창군
백연경로당,전북특별자치도,고창군,52790,전북특별자치도 고창군 성내면 근촌로 274-10,전북특별자치도 고창군 성내면 덕산리 90-9,35.56281957,126.736474,,고창경찰서,2020,Y,2024-07-19,4781000,전북특별자치도 고창군
세븐일레븐고려점,인천광역시,강화군,35700,인천광역시 강화군 강화읍 북문길 15,,37.74849025,126.4847158,,인천강화경찰서,,Y,2025-11-28,3570000,인천광역시 강화군
GS25 강화동문안점,인천광역시,강화군,35700,인천광역시 강화군 강화읍 동문안길 6,,37.74701149,126.4855165,,인천강화경찰서,,Y,2025-11-28,3570000,인천광역시 강화군
GS25 GS드림점,인천광역시,강화군,35700,인천광역시 강화군 강화읍 동문로 80번길 1,,37.75094902,126.4930375,,인천강화경찰서,2020,Y,2025-11-28,3570000,인천광역시 강화군
세븐일레븐 강화옥림점,인천광역시,강화군,35700,인천광역시 강화군 강화읍 대월로 133,,37.7539554,126.4954448,,인천강화경찰서,2020,Y,2025-11-28,3570000,인천광역시 강화군
GS25 강화서문점,인천광역시,강화군,35700,인천광역시 강화군 강화읍 강화대로 500,,37.74822611,126.4764813,,인천강화경찰서,,Y,2025-11-28,3570000,인천광역시 강화군
진천군정신보건센터,충청북도,진천군,33350,충청북도 진천군 진천읍 중앙북1길 11,,36.860312,127.439812,043-536-8387,진천경찰서,2020,Y,2025-12-01,4450000,충청북도 진천군
세븐일레븐(진천합목원룸점),충청북도,진천군,33350,충청북도 진천군 덕산읍 합목3길 18-1,,36.907784,127.4896979055,1577-0711,진천경찰서,2025,Y,2025-12-01,4450000,충청북도 진천군
세븐일레븐(진천신정점),충청북도,진천군,33350,충청북도 진천군 진천읍 문화로 655,,36.84954284,127.4508163,043-533-0719,진천경찰서,2020,Y,2025-12-01,4450000,충청북도 진천군
세븐일레븐(덕산점),충청북도,진천군,33350,충청북도 진천군 덕산읍 덕금로 792,,36.9119489,127.505912,1577-9621,진천경찰서,2020,Y,2025-12-01,4450000,충청북도 진천군
세븐일레븐(광혜원로드점),충청북도,진천군,33350,충청북도 진천군 진천읍 장기길 71,,36.988112,127.443112,0507-1390-320,진천경찰서,2020,Y,2025-12-01,4450000,충청북도 진천군
CU(진천터미널점),충청북도,진천군,33350,충청북도 진천군 진천읍 중앙북1길 3,,36.859873,127.4394615657,043-533-8133,진천경찰서,2020,Y,2025-12-01,4450000,충청북도 진천군
CU(진천제일점),충청북도,진천군,33350,충청북도 진천군 진천읍 백사천길 53,,36.86014388,127.445412,043-533-0705,진천경찰서,2020,Y,2025-12-01,4450000,충청북도 진천군
CU(진천루첸점),충청북도,진천군,33350,충청북도 진천군 진천읍 문화2길 36,,36.85200795,127.4459957,0507-1333-397,진천경찰서,2025,Y,2025-12-01,4450000,충청북도 진천군
CU(광혜원점),충청북도,진천군,33350,충청북도 진천군 광혜원면 진광로 1535-18,,36.99047415,127.445422,043-532-5479,진천경찰서,2020,Y,2025-12-01,4450000,충청북도 진천군
CU(KT점),충청북도,진천군,33350,충청북도 진천군 진천읍 중앙서로 20,,36.85806896,127.4419045,043-532-3731,진천경찰서,2020,Y,2025-12-01,4450000,충청북도 진천군
세븐일레븐 중구황학동점,서울특별시,중구,11020,서울특별시 중구 마장로 89,,37.5684513,127.0198156,,광희지구대,,Y,2025-12-04,3010000,서울특별시 중구
세븐일레븐 남산2호점,서울특별시,중구,11020,서울특별시 중구 소파로 142,,37.55944639,126.9882216,,충무파출소,,Y,2025-12-04,3010000,서울특별시 중구
세븐일레븐 충정로2호점,서울특별시,중구,11020,서울특별시 중구 중림로 10,,37.55892666,126.9643209,,중림파출소,,Y,2025-12-04,3010000,서울특별시 중구
CU중구약수점,서울특별시,중구,11020,서울특별시 중구 다산로14길 18,,37.5557428,127.0123327,,약수지구대,,Y,2025-12-04,3010000,서울특별시 중구
GS25청계천패션점,서울특별시,중구,11020,서울특별시 중구 청계천로 318,,37.56935713,127.0137916,,광희지구대,,Y,2025-12-04,3010000,서울특별시 중구
GS25숭례문점,서울특별시,중구,11020,서울특별시 중구 남대문로 7,,37.5608094,126.9765577,,태평로파출소,,Y,2025-12-04,3010000,서울특별시 중구
세븐일레븐충무퇴계점,서울특별시,중구,11020,서울특별시 중구 퇴계로 209,,37.561614,126.9950156,,충무파출소,,Y,2025-12-04,3010000,서울특별시 중구
세븐일레븐중구스카이점,서울특별시,중구,11020,서울특별시 중구 퇴계로 139,,37.56148091,126.9872026,,명동파출소,,Y,2025-12-04,3010000,서울특별시 중구
세븐일레븐서소문점,서울특별시,중구,11020,서울특별시 중구 서소문로 101,,37.5628291,126.9723636,,서소문파출소,,Y,2025-12-04,3010000,서울특별시 중구
세븐일레븐약수역점,서울특별시,중구,11020,서울특별시 중구 다산로 110,,37.5535103,127.010208,,약수지구대,,Y,2025-12-04,3010000,서울특별시 중구
GS25신당점,서울특별시,중구,11020,서울특별시 중구 동호로10길 21,,37.5549202,127.0117754,,약수지구대,,Y,2025-12-04,3010000,서울특별시 중구
GS25신당삼성점,서울특별시,중구,11020,서울특별시 중구 청구로1길 23,,37.55853588,127.0184475,,약수지구대,,Y,2025-12-04,3010000,서울특별시 중구
GS25북창점,서울특별시,중구,11020,서울특별시 중구 남대문로1길 26,,37.5621584,126.9775104,,태평로파출소,,Y,2025-12-04,3010000,서울특별시 중구
cu청구역점,서울특별시,중구,11020,서울특별시 중구 청구로 94,,37.5609331,127.0120265,,광희지구대,,Y,2025-12-04,3010000,서울특별시 중구
cu청구대로점,서울특별시,중구,11020,서울특별시 중구 다산로 175,,37.5592388,127.012848,,약수지구대,,Y,2025-12-04,3010000,서울특별시 중구
cu중구회현점,서울특별시,중구,11020,서울특별시 중구 퇴계로 70,,37.55920739,126.9798501,,회현파출소,,Y,2025-12-04,3010000,서울특별시 중구
cu중구필동점,서울특별시,중구,11020,서울특별시 중구 서애로21,,37.56040056,126.997415,,충무파출소,,Y,2025-12-04,3010000,서울특별시 중구
cu남대문로5가점,서울특별시,중구,11020,서울특별시 중구 세종대로 8-1,서울특별시 중구 남대문로5가 84-6,37.5575965,126.9734044,,서울역파출소,,Y,2025-12-04,3010000,서울특별시 중구
세븐일레븐 양재역점,서울특별시,서초구,11650,서울특별시 서초구 강남대로 221,서울특별시 서초구 양재동 23-3,37.4836851,127.0341178,02-575-2270,서울서초경찰서,2015,Y,2025-12-08,3210000,서울특별시 서초구
세븐일레븐성북구청후문점,서울특별시,성북구,11290,서울특별시 성북구 보문로32길 14,서울특별시 성북구 삼선동5가 409,37.5894078241,127.0173588,02-923-3375,성북경찰서,2014,Y,2025-12-23,3070000,서울특별시 성북구
세븐일레븐 서초프라자점,서울특별시,서초구,11650,서울특별시 서초구 강남대로61길 25,서울특별시 서초구 서초동 1316-1,37.498429,127.023952,02-595-4388,서울서초경찰서,2015,Y,2025-12-08,3210000,서울특별시 서초구
세븐일레븐 서초반포점,서울특별시,서초구,11650,서울특별시 서초구 사평대로57길 44,서울특별시 서초구 반포동 737,37.50635058,127.0227737,02-541-4927,서울서초경찰서,2017,Y,2025-12-08,3210000,서울특별시 서초구
세븐일레븐 서초라디안점,서울특별시,서초구,11650,서울특별시 서초구 서초중앙로 49,서울특별시 서초구 서초동 1600-7,37.486186,127.0151512,02-521-8506,서울서초경찰서,2015,Y,2025-12-08,3210000,서울특별시 서초구
세븐일레븐 서초19호점,서울특별시,서초구,11650,서울특별시 서초구 사임당로17길 113,서울특별시 서초구 서초동 1668-12,37.4933246,127.0187824,02-3472-2483,서울서초경찰서,2015,Y,2025-12-08,3210000,서울특별시 서초구
세븐일레븐 삼성타운점,서울특별시,서초구,11650,서울특별시 서초구 서초대로74길 23,서울특별시 서초구 서초동 1327-1,37.49561193,127.027091,02-3472-4399,서울서초경찰서,2015,Y,2025-12-08,3210000,서울특별시 서초구
세븐일레븐 사당본점,서울특별시,서초구,11650,서울특별시 서초구 방배천로 5-3,서울특별시 서초구 방배동 445-5,37.47705069,126.982209,02-586-2834,서울방배경찰서,2015,Y,2025-12-08,3210000,서울특별시 서초구
세븐일레븐 방배홈타운점,서울특별시,서초구,11650,서울특별시 서초구 동광로 9,서울특별시 서초구 방배동 2133,37.49102378,126.984045,02-594-3842,서울방배경찰서,2015,Y,2025-12-08,3210000,서울특별시 서초구
세븐일레븐 방배중앙점,서울특별시,서초구,11650,서울특별시 서초구 효령로34길 23-3,서울특별시 서초구 방배동 985-20,37.48073895,126.999765,02-587-9989,서울방배경찰서,2015,Y,2025-12-08,3210000,서울특별시 서초구
세븐일레븐 방배본점,서울특별시,서초구,11650,서울특별시 서초구 효령로 18,서울특별시 서초구 방배동 477-8,37.4771435,126.987064,02-581-2209,서울방배경찰서,2015,Y,2025-12-08,3210000,서울특별시 서초구
세븐일레븐 반포서래점,서울특별시,서초구,11650,서울특별시 서초구 서래로6길4,서울특별시 서초구 반포동 90-1,37.497673,126.998499,02-3476-8359,서울방배경찰서,2015,Y,2025-12-08,3210000,서울특별시 서초구
세븐일레븐 반포삼공점,서울특별시,서초구,11650,서울특별시 서초구 고무래로 6-3,서울특별시 서초구 반포동 58-7,37.50377188,127.009915,02-595-3624,서울서초경찰서,2015,Y,2025-12-08,3210000,서울특별시 서초구
세븐일레븐 반포사평로점,서울특별시,서초구,11650,서울특별시 서초구 사평대로6길 7,서울특별시 서초구 방배동 727-3,37.4977192,126.9909305,02-535-3955,서울방배경찰서,2015,Y,2025-12-08,3210000,서울특별시 서초구
세븐일레븐 반포3호점,서울특별시,서초구,11650,서울특별시 서초구 반포대로 300-3,서울특별시 서초구 잠원동76-7,37.505772,127.001214,02-533-5716,서울서초경찰서,2015,Y,2025-12-08,3210000,서울특별시 서초구
세븐일레븐 강남본점,서울특별시,서초구,11650,서울특별시 서초구 서초대로77길 27,서울특별시 서초구 서초동 1307-19,37.50012588,127.025504,02-599-2764,서울서초경찰서,2015,Y,2025-12-08,3210000,서울특별시 서초구
GS25 양재구룡점,서울특별시,서초구,11650,서울특별시 서초구 논현로5길 18,서울특별시 서초구 양재동 395-6,37.472131,127.048914,02-529-7718,서울서초경찰서,2015,Y,2025-12-08,3210000,서울특별시 서초구
GS25 서초우면점,서울특별시,서초구,11650,서울특별시 서초구 바우뫼로7길 13,서울특별시 서초구 우면동 65-1,37.470943,127.024673,02-529-5424,서울서초경찰서,2015,Y,2025-12-08,3210000,서울특별시 서초구
GS25 서초아남점,서울특별시,서초구,11650,서울특별시 서초구 서초대로64길 55,서울특별시 서초구 서초동 1635-6,37.4932295,127.021552,080-855-5525,서울서초경찰서,2015,Y,2025-12-08,3210000,서울특별시 서초구
GS25 서초대림점,서울특별시,서초구,11650,서울특별시 서초구 명달로4길 32,서울특별시 서초구 서초동 1467-65,37.480353,127.007658,02-3471-8928,서울서초경찰서,2015,Y,2025-12-08,3210000,서울특별시 서초구
GS25 방배브라운점,서울특별시,서초구,11650,서울특별시 서초구 방배로 146,서울특별시 서초구 방배동 898-6,37.48693415,126.9944098,02-588-0108,서울방배경찰서,2015,Y,2025-12-08,3210000,서울특별시 서초구
GS25 방배E푸른점,서울특별시,서초구,11650,서울특별시 서초구 서초대로27길 57,서울특별시 서초구 방배동 850-3,37.49047326,126.9934235,02-593-2218,서울방배경찰서,2015,Y,2025-12-08,3210000,서울특별시 서초구
GS25 반포타운점,서울특별시,서초구,11650,서울특별시 서초구 사평대로53길 36,서울특별시 서초구 반포동 734-22,37.5059554,127.0213746,02-511-4325,서울서초경찰서,2015,Y,2025-12-08,3210000,서울특별시 서초구
GS25 논현최강점,서울특별시,서초구,11650,서울특별시 서초구 신반포로 329,서울특별시 서초구 잠원동 40-9,37.51080574,127.019504,02-512-3482,서울서초경찰서,2015,Y,2025-12-08,3210000,서울특별시 서초구
GS25 구반포역점,서울특별시,서초구,11650,서울특별시 서초구 신반포로 17,서울특별시 서초구 반포동 817,37.50113938,126.9861839,02-532-2579,서울방배경찰서,2015,Y,2025-12-08,3210000,서울특별시 서초구
CU 청계산입구역점,서울특별시,서초구,11650,서울특별시 서초구 청계산로 217,서울특별시 서초구 신원동 214,37.44627036,127.0573225,02-575-0734,서울서초경찰서,2015,Y,2025-12-08,3210000,서울특별시 서초구
CU 양재알뜰점,서울특별시,서초구,11650,서울특별시 서초구 언남9길 7-4,서울특별시 서초구 양재동 254-5,37.47382593,127.042579,02-2057-0862,서울서초경찰서,2015,Y,2025-12-08,3210000,서울특별시 서초구
CU 서초효령점,서울특별시,서초구,11650,서울특별시 서초구 반포대로14길 42,서울특별시 서초구 서초동 1589-12,37.485824,127.013426,02-521-1121,서울서초경찰서,2015,Y,2025-12-08,3210000,서울특별시 서초구
CU 서초염곡점,서울특별시,서초구,11650,서울특별시 서초구 염곡말길 19,서울특별시 서초구 염곡동 106-7,37.46201881,127.052218,02-575-3118,서울서초경찰서,2015,Y,2025-12-08,3210000,서울특별시 서초구
CU 방배이수역점,서울특별시,서초구,11650,서울특별시 서초구 동광로12가길 26,서울특별시 서초구 방배동 1457,37.4874102,126.983524,02-537-4764,서울방배경찰서,2015,Y,2025-12-08,3210000,서울특별시 서초구
CU 방배롯데캐슬점,서울특별시,서초구,11650,서울특별시 서초구 방배중앙로29길 25,서울특별시 서초구 방배동 763-1,37.49640099,126.984022,02-532-3305,서울방배경찰서,2015,Y,2025-12-08,3210000,서울특별시 서초구
CU 반포중앙점,서울특별시,서초구,11650,서울특별시 서초구 사평대로53길 27,서울특별시 서초구 반포동 733-14,37.50544263,127.021345,02-546-3208,서울서초경찰서,2016,Y,2025-12-08,3210000,서울특별시 서초구
GS25가정본점,인천광역시,서구,28260,인천광역시 서구 원창로 237,인천광역시 서구 가정동 508-12,37.51757571,126.6758292,032-576-8183,인천서부경찰서,2018,Y,2025-11-14,3560000,인천광역시 서구
세븐일레븐인천원당동문점,인천광역시,서구,28260,인천광역시 서구 원당대로820번길 3,인천광역시 서구 당하동 1027-3,37.59357617,126.692727,032-567-3957,인천서부경찰서,2018,Y,2025-11-14,3560000,인천광역시 서구
세븐일레븐인천가정하나점,인천광역시,서구,28260,인천광역시 서구 봉오대로318번길 21,인천광역시 서구 가정동 341-15,37.5257664,126.6846252,032-563-1901,인천서부경찰서,2018,Y,2025-11-14,3560000,인천광역시 서구
GS25석남길주점,인천광역시,서구,28260,인천광역시 서구 길주로 101,인천광역시 서구 석남동 503-8,37.50659224,126.6731677,032-579-6721,인천서부경찰서,2018,Y,2025-11-14,3560000,인천광역시 서구
GS25검단원흥점,인천광역시,서구,28260,인천광역시 서구 검단로 419,인천광역시 서구 왕길동 273-5,37.60030748,126.6515766,032-565-3937,인천서부경찰서,2018,Y,2025-11-14,3560000,인천광역시 서구
GS25검단완정로점,인천광역시,서구,28260,인천광역시 서구 완정로33번길 5,인천광역시 서구 마전동 1017-1,37.59514817,126.6703054,032-566-9572,인천서부경찰서,2018,Y,2025-11-14,3560000,인천광역시 서구
세븐일레븐원당사랑점,인천광역시,서구,28260,인천광역시 서구 고산후로183번길 1,인천광역시 서구 원당동 806-1,37.59995965,126.6985881,032-563-3104,인천서부경찰서,2018,Y,2025-11-14,3560000,인천광역시 서구
GS25원당타운점,인천광역시,서구,28260,인천광역시 서구 원당대로839번길 32,인천광역시 서구 원당동 823-1,37.5962582,126.6959132,,인천서부경찰서,2018,Y,2025-11-14,3560000,인천광역시 서구
GS25가좌신현대점,인천광역시,서구,28260,인천광역시 서구 원적로47번길 35,인천광역시 서구 가좌동 217,37.4913803,126.6763577,032-577-9205,인천서부경찰서,2018,Y,2025-11-14,3560000,인천광역시 서구
GS25마전동남점,인천광역시,서구,28260,인천광역시 서구 검단로487번안길 11-13,인천광역시 서구 마전동 923-1,37.60685867,126.6608338,032-565-3565,인천서부경찰서,2018,Y,2025-11-14,3560000,인천광역시 서구
GS25마전풍림점,인천광역시,서구,28260,인천광역시 서구 가현로 53,인천광역시 서구 마전동 1151,37.61278785,126.660132,032-567-6829,인천서부경찰서,2018,Y,2025-11-14,3560000,인천광역시 서구
GS25검단으뜸점,인천광역시,서구,28260,인천광역시 서구 완정로 190,인천광역시 서구 마전동 904-6,37.60306643,126.6555202,032-565-6595,인천서부경찰서,2018,Y,2025-11-14,3560000,인천광역시 서구
씨유가좌점,인천광역시,서구,28260,인천광역시 서구 장고개로 277-1,인천광역시 서구 가좌동 247-1,37.48889451,126.6825288,032-576-7142,인천서부경찰서,2018,Y,2025-11-14,3560000,인천광역시 서구
씨유가좌현우점,인천광역시,서구,28260,인천광역시 서구 가정로 128,인천광역시 서구 가좌동 140-31,37.49601779,126.6718258,032-575-4237,인천서부경찰서,2018,Y,2025-11-14,3560000,인천광역시 서구
씨유가좌일등점,인천광역시,서구,28260,인천광역시 서구 건지로348번길 27,인천광역시 서구 가좌동 129-3,37.49529075,126.6806951,032-578-3788,인천서부경찰서,2018,Y,2025-11-14,3560000,인천광역시 서구
씨유가좌두산위브점,인천광역시,서구,28260,인천광역시 서구 여우재로 130,인천광역시 서구 가좌동 308-1,37.48981568,126.6863701,,인천서부경찰서,2018,Y,2025-11-14,3560000,인천광역시 서구
씨유서구우리점,인천광역시,서구,28260,인천광역시 서구 원적로 33,인천광역시 서구 가좌동 261-19,37.49017263,126.6799765,032-576-6482,인천서부경찰서,2018,Y,2025-11-14,3560000,인천광역시 서구
씨유가정3동점,인천광역시,서구,28260,인천광역시 서구 서달로179번길 6,인천광역시 서구 가정동 564-2,37.51475738,126.6783531,,인천서부경찰서,2018,Y,2025-11-14,3560000,인천광역시 서구
세븐일레븐인천경서점,인천광역시,서구,28260,인천광역시 서구 경서로35번길 4,인천광역시 서구 경서동 754-7,37.5557281,126.653724,032-561-0698,인천서부경찰서,2018,Y,2025-11-14,3560000,인천광역시 서구
GS25경서타운점,인천광역시,서구,28260,인천광역시 서구 경서로 18,인천광역시 서구 경서동 761-8,37.55423517,126.6552563,032-562-8717,인천서부경찰서,2018,Y,2025-11-14,3560000,인천광역시 서구
세븐일레븐인천검단왕길점,인천광역시,서구,28260,인천광역시 서구 검단로459번길 10,인천광역시 서구 왕길동 640-1,37.60200791,126.6554872,032-567-2526,인천서부경찰서,2018,Y,2025-11-14,3560000,인천광역시 서구
세븐일레븐인천석남율도로점,인천광역시,서구,28260,인천광역시 서구 율도로 44,인천광역시 서구 석남동 179-78,37.51352474,126.6668653,032-577-5258,인천서부경찰서,2018,Y,2025-11-14,3560000,인천광역시 서구
세븐일레븐인천신현염곡로점,인천광역시,서구,28260,인천광역시 서구 염곡로 342,인천광역시 서구 신현동 289-35,37.51506201,126.668896,032-577-7743,인천서부경찰서,2018,Y,2025-11-14,3560000,인천광역시 서구
세븐일레븐인천가좌우수점,인천광역시,서구,28260,인천광역시 서구 신진말로 26,인천광역시 서구 가좌동 210-3,37.49293874,126.6784919,032-575-7759,인천서부경찰서,2018,Y,2025-11-14,3560000,인천광역시 서구
세븐일레븐보문점,서울특별시,성북구,11290,서울특별시 성북구 안암로1길 45,서울특별시 성북구 보문동7가 23-7,37.5805073,127.0224295,02-927-4203,성북경찰서,2014,Y,2025-12-23,3070000,서울특별시 성북구
이마트24인천검단우방점,인천광역시,서구,28260,인천광역시 서구 완정로202번길 12,인천광역시 서구 마전동 902-3,37.60390569,126.6549313,032-565-0711,인천서부경찰서,2018,Y,2025-11-14,3560000,인천광역시 서구
세븐일레븐인천남가좌점,인천광역시,서구,28260,인천광역시 서구 방축로 335,인천광역시 서구 가좌동 606-21,37.47448583,126.6806625,032-516-1144,인천서부경찰서,2018,Y,2025-11-14,3560000,인천광역시 서구
씨유석남서달로점,인천광역시,서구,28260,인천광역시 서구 서달로149번길 13,인천광역시 서구 석남동 473-1,37.51194196,126.677273,032-571-1758,인천서부경찰서,2018,Y,2025-11-14,3560000,인천광역시 서구
씨유마전현대점,인천광역시,서구,28260,인천광역시 서구 완정로92번길 28,인천광역시 서구 마전동 998-1,37.6012206,126.6646911,032-562-2529,인천서부경찰서,2018,Y,2025-11-14,3560000,인천광역시 서구
씨유검단초교점,인천광역시,서구,28260,인천광역시 서구 검단로623번길 17,인천광역시 서구 마전동 1136-2,37.61007339,126.6687889,,인천서부경찰서,2018,Y,2025-11-14,3560000,인천광역시 서구
씨유검단피오레점,인천광역시,서구,28260,인천광역시 서구 완정로65번안길 10,인천광역시 서구 마전동 1029-2,37.59637034,126.6648595,,인천서부경찰서,2018,Y,2025-11-14,3560000,인천광역시 서구
씨유검단동아점,인천광역시,서구,28260,인천광역시 서구 완정로64번길 64,인천광역시 서구 마전동 1006-11,37.59626589,126.6735287,032-562-3423,인천서부경찰서,2018,Y,2025-11-14,3560000,인천광역시 서구
씨유당하탑스빌점,인천광역시,서구,28260,인천광역시 서구 서곶로 816,인천광역시 서구 당하동 895-1,37.59006525,126.6743632,,인천서부경찰서,2018,Y,2025-11-14,3560000,인천광역시 서구
씨유서구당하점,인천광역시,서구,28260,인천광역시 서구 청마로167번길 3,인천광역시 서구 당하동 1097-9,37.59214229,126.6762924,032-569-7045,인천서부경찰서,2018,Y,2025-11-14,3560000,인천광역시 서구
씨유원당중앙점,인천광역시,서구,28260,인천광역시 서구 고산후로95번길 18,인천광역시 서구 당하동 1030-9,37.59263627,126.6971212,032-569-1315,인천서부경찰서,2018,Y,2025-11-14,3560000,인천광역시 서구
씨유청라파크자이점,인천광역시,서구,28260,인천광역시 서구 보석로 41,인천광역시 서구 청라동 104-6,37.5232094,126.6237134,,인천서부경찰서,2018,Y,2025-11-14,3560000,인천광역시 서구
씨유청라풍경채점,인천광역시,서구,28260,인천광역시 서구 청라커낼로 327,인천광역시 서구 청라동 147-8,37.5378764,126.6443981,032-569-6668,인천서부경찰서,2018,Y,2025-11-14,3560000,인천광역시 서구
씨유경서1지구점,인천광역시,서구,28260,인천광역시 서구 경서로 70,인천광역시 서구 경서동 733-14,37.55842058,126.6536949,032-569-7460,인천서부경찰서,2018,Y,2025-11-14,3560000,인천광역시 서구
씨유검암세실리아점,인천광역시,서구,28260,인천광역시 서구 승학로434번길 1,인천광역시 서구 검암동 630-5,37.56055317,126.6734381,032-566-4438,인천서부경찰서,2018,Y,2025-11-14,3560000,인천광역시 서구
씨유마전중앙점,인천광역시,서구,28260,인천광역시 서구 완정로188번3길 2,인천광역시 서구 마전동 896-3,37.60570312,126.6573602,032-565-0216,인천서부경찰서,2018,Y,2025-11-14,3560000,인천광역시 서구
씨유인천가좌점,인천광역시,서구,28260,인천광역시 서구 건지로399번길 7,인천광역시 서구 가좌동 78-19,37.4963171,126.6860151,,인천서부경찰서,2018,Y,2025-11-14,3560000,인천광역시 서구
씨유가좌4동점,인천광역시,서구,28260,인천광역시 서구 여우재로86번길 2,인천광역시 서구 가좌동 378-12,37.48592727,126.6880909,032-576-5805,인천서부경찰서,2018,Y,2025-11-14,3560000,인천광역시 서구
씨유가좌한신점,인천광역시,서구,28260,인천광역시 서구 원적로100번길 24,인천광역시 서구 가좌동 30-23,37.49376639,126.684739,032-574-8324,인천서부경찰서,2018,Y,2025-11-14,3560000,인천광역시 서구
GS25가좌신명점,인천광역시,서구,28260,인천광역시 서구 건지로250번길 29-4,인천광역시 서구 가좌동 139-6,37.49636763,126.6698808,032-572-7519,인천서부경찰서,2018,Y,2025-11-14,3560000,인천광역시 서구
GS25가좌한신점,인천광역시,서구,28260,인천광역시 서구 장고개로337번길 16,인천광역시 서구 가좌동 11,37.49314201,126.6853545,032-573-3793,인천서부경찰서,2018,Y,2025-11-14,3560000,인천광역시 서구
GS25가정센트럴점,인천광역시,서구,28260,인천광역시 서구 봉오재1로 36,인천광역시 서구 신현동 306-1,37.520482,126.6668257,032-577-3019,인천서부경찰서,2018,Y,2025-11-14,3560000,인천광역시 서구
GS25가좌공단점,인천광역시,서구,28260,인천광역시 서구 건지로 110,인천광역시 서구 가좌동 173-91,37.49896725,126.6541183,032-577-5937,인천서부경찰서,2018,Y,2025-11-14,3560000,인천광역시 서구
씨유만세원당점,인천광역시,서구,28260,인천광역시 서구 고산후로121번길 25,인천광역시 서구 원당동 825-4,37.59463222,126.6964511,032-566-8055,인천서부경찰서,2018,Y,2025-11-14,3560000,인천광역시 서구
씨유인천오류자이점,인천광역시,서구,28260,인천광역시 서구 오동로 32,인천광역시 서구 왕길동 696-1,37.59512149,126.6412297,,인천서부경찰서,2018,Y,2025-11-14,3560000,인천광역시 서구
씨유인천오류힐스테이트점,인천광역시,서구,28260,인천광역시 서구 봉화로108번길 17,인천광역시 서구 오류동 74-2,37.60229113,126.6409473,032-561-2909,인천서부경찰서,2018,Y,2025-11-14,3560000,인천광역시 서구
씨유청라센트럴점,인천광역시,서구,28260,인천광역시 서구 중봉대로 588,인천광역시 서구 청라동 162-14,37.53204769,126.6502563,032-562-7757,인천서부경찰서,2018,Y,2025-11-14,3560000,인천광역시 서구
CU방이방산점,서울특별시,송파구,11710,서울특별시 송파구 마천로2,서울특별시 송파구 방이동 211-6,37.510325,127.121234,,방이지구대,2016,Y,2024-08-12,3230000,서울특별시 송파구
GS25마천공원점,서울특별시,송파구,11710,서울특별시 송파구 거마로24길 5,서울특별시 송파구 마천동 47-7,37.499887,127.148205,,마천파출소,2016,Y,2024-08-12,3230000,서울특별시 송파구
세블일레븐송파거여점,서울특별시,송파구,11710,서울특별시 송파구 양산로8길5,서울특별시 송파구 거여동 348,37.491957,127.144535,,거여파출소,2016,Y,2024-08-12,3230000,서울특별시 송파구
세븐일레븐풍납점,서울특별시,송파구,11710,서울특별시 송파구 토성로 40,서울특별시 송파구 풍납동 265-7,37.529776,127.114639,,풍납파출소,2016,Y,2024-08-12,3230000,서울특별시 송파구
세븐일레븐문정하비오2호점,서울특별시,송파구,11710,"서울특별시 송파구 송파대로 111, 110동 113,114호",서울특별시 송파구 문정동 618,37.47966838,127.1249139,,문정지구대,2016,Y,2024-08-12,3230000,서울특별시 송파구
세븐일레븐훼미리점,서울특별시,송파구,11710,서울특별시 송파구 중대로24,서울특별시 송파구 문정동 150,37.488126,127.111059,,문정지구대,2016,Y,2024-08-12,3230000,서울특별시 송파구
GS25문정중앙점,서울특별시,송파구,11710,서울특별시 송파구 문정로4길 10-30,서울특별시 송파구 문정동 61-7,37.485506,127.124595,,문정지구대,2016,Y,2024-08-12,3230000,서울특별시 송파구
GS25문정바른점,서울특별시,송파구,11710,서울특별시 송파구 새말로8길 27,서울특별시 송파구 문정동 76-1,37.480264,127.126949,,문정지구대,2016,Y,2024-08-12,3230000,서울특별시 송파구
CU문정공원점,서울특별시,송파구,11710,서울특별시 송파구 송이로31길6,서울특별시 송파구 문정동 121-7,37.488416,127.131996,,문정지구대,2016,Y,2024-08-12,3230000,서울특별시 송파구
CU가락극동점,서울특별시,송파구,11710,서울특별시 송파구 동남로18길14,서울특별시 송파구 가락동 194-2,37.494756,127.131921,,가락지구대,2016,Y,2024-08-12,3230000,서울특별시 송파구
세븐일레븐개롱점,서울특별시,송파구,11710,서울특별시 송파구 오금로46길3,서울특별시 송파구 가락동 175-13,37.49664989,127.136603,,가락지구대,2016,Y,2024-08-12,3230000,서울특별시 송파구
세븐일레븐송파4호점,서울특별시,송파구,11710,서울특별시 송파구 백제고분로27길41,서울특별시 송파구 삼전동 22-20,37.506677,127.093899,,삼전지구대,2016,Y,2024-08-12,3230000,서울특별시 송파구
GS25삼전학교점,서울특별시,송파구,11710,서울특별시 송파구 백제고분로28길41,서울특별시 송파구 삼전동 69-13,37.499321,127.090964,,삼전지구대,2016,N,2024-08-12,3230000,서울특별시 송파구
GS25삼전백제점,서울특별시,송파구,11710,서울특별시 송파구 삼학사로13길13,서울특별시 송파구 삼전동 120,37.503228,127.095502,,삼전지구대,2016,Y,2024-08-12,3230000,서울특별시 송파구
GS25삼전나루점,서울특별시,송파구,11710,서울특별시 송파구 백제고분로21길34,서울특별시 송파구 삼전동 16,37.506541,127.091409,,삼전지구대,2016,Y,2024-08-12,3230000,서울특별시 송파구
GS25방이센트럴점,서울특별시,송파구,11710,서울특별시 송파구 백제고분로48길 40,서울특별시 송파구 방이동 123,37.510244,127.117241,,삼전지구대,2016,Y,2024-08-12,3230000,서울특별시 송파구
세븐일레븐송파석촌점,서울특별시,송파구,11710,서울특별시 송파구 백제고분로34길8,서울특별시 송파구 석촌동 211-5,37.501755,127.098603,,삼전지구대,2016,Y,2024-08-12,3230000,서울특별시 송파구
세븐일레븐석촌불광점,서울특별시,송파구,11710,서울특별시 송파구 백제고분로39길38,서울특별시 송파구 석촌동 182,37.507462,127.103262,,삼전지구대,2016,Y,2024-08-12,3230000,서울특별시 송파구
GS25석촌한빛점,서울특별시,송파구,11710,서울특별시 송파구 가락로5길25,서울특별시 송파구 석촌동 245-27,37.501508,127.101286,,삼전지구대,2016,Y,2024-08-12,3230000,서울특별시 송파구
세븐일레븐송파초교점,서울특별시,송파구,11710,서울특별시 송파구 백제고분로44길9,서울특별시 송파구 송파동 132-16,37.507341,127.111694,,방이지구대,2016,Y,2024-08-12,3230000,서울특별시 송파구
세븐일레븐송파점,서울특별시,송파구,11710,서울특별시 송파구 송이로18,서울특별시 송파구 송파동 100-1,37.503361,127.115811,,방이지구대,2016,Y,2024-08-12,3230000,서울특별시 송파구
미니스톱송파삼성점,서울특별시,송파구,11710,서울특별시 송파구 가락로28길15,서울특별시 송파구 송파동 148-3,37.505886,127.117637,,방이지구대,2016,Y,2024-08-12,3230000,서울특별시 송파구
세븐일레븐송파일신점,서울특별시,송파구,11710,서울특별시 송파구 송파대로36가길 1,서울특별시 송파구 송파동 180-4,37.501019,127.114581,,방이지구대,2016,Y,2024-08-12,3230000,서울특별시 송파구
GS25송파센타점,서울특별시,송파구,11710,서울특별시 송파구 백제고분로41길9,서울특별시 송파구 송파동 17-10,37.506951,127.108091,,방이지구대,2016,N,2024-08-12,3230000,서울특별시 송파구
GS25오금후레쉬점,서울특별시,송파구,11710,서울특별시 송파구 동남로23길 29,서울특별시 송파구 오금동 58-10,37.502141,127.133813,,오금파출소,2016,Y,2024-08-12,3230000,서울특별시 송파구
CU오금공원점,서울특별시,송파구,11710,서울특별시 송파구 마천로138,서울특별시 송파구 오금동 72-9,37.50454013,127.134752,,오금파출소,2016,Y,2024-08-12,3230000,서울특별시 송파구
세븐일레븐올림픽점,서울특별시,송파구,11710,서울특별시 송파구 양재대로1222,서울특별시 송파구 방이동 89-11,37.515728,127.131063,,방이지구대,2016,Y,2024-08-12,3230000,서울특별시 송파구
세븐일레븐송파구청본점,서울특별시,송파구,11710,서울특별시 송파구 올림픽로32길29,서울특별시 송파구 방이동 70,37.513509,127.1099204,,방이지구대,2016,Y,2024-08-12,3230000,서울특별시 송파구
CU잠실방이점,서울특별시,송파구,11710,서울특별시 송파구 올림픽로32길 3,서울특별시 송파구 방이동 36,37.515715,127.108994,,방이지구대,2016,Y,2024-08-12,3230000,서울특별시 송파구
GS25방이도곡점,서울특별시,송파구,11710,서울특별시 송파구 올림픽로32길59,서울특별시 송파구 방이동 107-3,37.512199,127.112795,,방이지구대,2016,Y,2024-08-12,3230000,서울특별시 송파구
GS25방이번영점,서울특별시,송파구,11710,서울특별시 송파구 위례성대로18길 28,서울특별시 송파구 방이동 203-4,37.510038,127.1249302,,방이지구대,2016,Y,2024-08-12,3230000,서울특별시 송파구
CU가락점,서울특별시,송파구,11710,서울특별시 송파구 송이로111,서울특별시 송파구 가락동 57,37.496711,127.1221498,,가락지구대,2016,Y,2024-08-12,3230000,서울특별시 송파구
세븐일레븐신천제일점,서울특별시,송파구,11710,서울특별시 송파구 백제고분로7길 42-25,서울특별시 송파구 잠실동 206,37.509785,127.084001,,잠실본동,2016,Y,2024-08-12,3230000,서울특별시 송파구
세븐일레븐잠실광장점,서울특별시,송파구,11710,"서울특별시 송파구 삼전로9길6, 103호",서울특별시 송파구 잠실동 245-16,37.506343,127.088765,,잠실본동,2016,Y,2024-08-12,3230000,서울특별시 송파구
세븐일레븐잠실1호점,서울특별시,송파구,11710,서울특별시 송파구 백제고분로127,서울특별시 송파구 잠실동 228-9,37.50646014,127.081426,,잠실본동,2016,Y,2024-08-12,3230000,서울특별시 송파구
세븐일레븐송파중앙점,서울특별시,송파구,11710,서울특별시 송파구 삼전로13길49,서울특별시 송파구 잠실동 231-4,37.507717,127.0849601,,잠실본동,2016,N,2024-08-12,3230000,서울특별시 송파구
CU잠실현대점,서울특별시,송파구,11710,서울특별시 송파구 백제고분로20길 7-1,서울특별시 송파구 잠실동 337-3,37.504043,127.086239,,잠실본동,2016,Y,2024-08-12,3230000,서울특별시 송파구
GS25잠실경기장점,서울특별시,송파구,11710,서울특별시 송파구 올림픽로 25,서울특별시 송파구 잠실동 10,37.51619968,127.0759396,,잠실지구대,2016,Y,2024-08-12,3230000,서울특별시 송파구
CU잠실갤러리아점,서울특별시,송파구,11710,"서울특별시 송파구 올림픽로212, 109호",서울특별시 송파구 잠실동 40,37.510707,127.094232,,잠실지구대,2016,Y,2024-08-12,3230000,서울특별시 송파구
세븐일레븐장지대진점,서울특별시,송파구,11710,"서울특별시 송파구 충민로2길26, 대진프라자 104호",서울특별시 송파구 장지동 841-3,37.477433,127.127361,,문정지구대,2016,Y,2024-08-12,3230000,서울특별시 송파구
GS25위례푸르지오점,서울특별시,송파구,11710,"서울특별시 송파구 위례광장로 185, 송파푸르지오 103호",서울특별시 송파구 장지동 878,37.48020957,127.139758,,문정지구대,2016,Y,2024-08-12,3230000,서울특별시 송파구
GS25송파위례점,서울특별시,송파구,11710,"서울특별시 송파구 위례광장로121,꿈에그린 상가내 102호",서울특별시 송파구 장지동 901,37.476865,127.138216,,문정지구대,2016,Y,2024-08-12,3230000,서울특별시 송파구
씨유청라중흥점,인천광역시,서구,28260,인천광역시 서구 청라라임로138번길 3,인천광역시 서구 청라동 117-3,37.5398981,126.6536606,,인천서부경찰서,2018,Y,2025-11-14,3560000,인천광역시 서구
씨유서구제스트점,인천광역시,서구,28260,인천광역시 서구 탁옥로 49,인천광역시 서구 심곡동 246-7,37.54408771,126.675083,,인천서부경찰서,2018,Y,2025-11-14,3560000,인천광역시 서구
씨유신현하늘점,인천광역시,서구,28260,인천광역시 서구 가정로 387,인천광역시 서구 신현동 302-1,37.52167915,126.6727509,032-572-4562,인천서부경찰서,2018,Y,2025-11-14,3560000,인천광역시 서구
이마트24석남공원점,인천광역시,서구,28260,인천광역시 서구 신석로 110,인천광역시 서구 석남동 508-3,37.50967183,126.6742302,032-2083-4575,인천서부경찰서,2018,Y,2025-11-14,3560000,인천광역시 서구
씨유석남월드메르디앙점,인천광역시,서구,28260,인천광역시 서구 가정로293번길 16,인천광역시 서구 석남동 453-22,37.51122582,126.6707663,,인천서부경찰서,2018,Y,2025-11-14,3560000,인천광역시 서구
씨유신석초교점,인천광역시,서구,28260,인천광역시 서구 새오개로 14,인천광역시 서구 석남동 183-73,37.51121936,126.6652922,032-577-7045,인천서부경찰서,2018,Y,2025-11-14,3560000,인천광역시 서구
GS25서구보미점,인천광역시,서구,28260,인천광역시 서구 원당대로 628,인천광역시 서구 당하동 1077-3,37.59341989,126.6711415,032-566-8373,인천서부경찰서,2018,Y,2025-11-14,3560000,인천광역시 서구
GS25경서태평점,인천광역시,서구,28260,인천광역시 서구 도요지로 21,인천광역시 서구 경서동 723-3,37.55921779,126.652751,032-566-7911,인천서부경찰서,2018,Y,2025-11-14,3560000,인천광역시 서구
GS25원당조이빌점,인천광역시,서구,28260,인천광역시 서구 원당대로 882,인천광역시 서구 당하동 1033-3,37.59304266,126.6995373,032-565-3952,인천서부경찰서,2018,Y,2025-11-14,3560000,인천광역시 서구
이마트24청라푸르지오점,인천광역시,서구,28260,인천광역시 서구 크리스탈로102번길 25,인천광역시 서구 청라동 150-1,37.53508885,126.6371546,032-564-5151,인천서부경찰서,2018,Y,2025-11-14,3560000,인천광역시 서구
GS25청라중앙점,인천광역시,서구,28260,인천광역시 서구 청라커낼로 264,인천광역시 서구 청라동 157-14,37.53209266,126.6449758,032-568-9812,인천서부경찰서,2018,Y,2025-11-14,3560000,인천광역시 서구
GS25청라베르디움점,인천광역시,서구,28260,인천광역시 서구 청라에메랄드로76번길 14,인천광역시 서구 청라동 168-1,37.53056348,126.6591312,032-565-7202,인천서부경찰서,2018,Y,2025-11-14,3560000,인천광역시 서구
GS25청라홍익점,인천광역시,서구,28260,인천광역시 서구 중봉대로586번길 19,인천광역시 서구 청라동 163-3,37.53210629,126.6520379,032-561-0327,인천서부경찰서,2018,Y,2025-11-14,3560000,인천광역시 서구
GS25청라마루점,인천광역시,서구,28260,인천광역시 서구 중봉대로 610,인천광역시 서구 청라동 162-2,37.53389439,126.6502906,,인천서부경찰서,2018,Y,2025-11-14,3560000,인천광역시 서구
GS25청라핑크점,인천광역시,서구,28260,인천광역시 서구 보석로 10,인천광역시 서구 청라동 104-165,37.52068157,126.6252734,032-565-5235,인천서부경찰서,2018,Y,2025-11-14,3560000,인천광역시 서구
GS25신현주공점,인천광역시,서구,28260,인천광역시 서구 염곡로 395,인천광역시 서구 신현동 2-47,37.52001155,126.6687979,032-579-3977,인천서부경찰서,2018,Y,2025-11-14,3560000,인천광역시 서구
미니스톱 인천삼산점,인천광역시,부평구,28237,인천광역시 부평구 길주로 633,인천광역시 부평구 삼산동 464-1,37.507264,126.732828,032-515-0726,인천삼산경찰서,2018,Y,2025-12-22,3540000,인천광역시 부평구
미니스톱 부평주공점,인천광역시,부평구,28237,인천광역시 부평구 동수로 120번길 43,인천광역시 부평구 부평동 938,37.48385675,126.7295074,,인천부평경찰서,2018,Y,2025-12-22,3540000,인천광역시 부평구
도서관(사립) 청개구리어린이도서관,인천광역시,부평구,28237,인천광역시 부평구 화랑북로 15-3,인천광역시 부평구 산곡동 317-119,37.495758,126.704831,032-505-0062,인천부평경찰서,2018,Y,2025-12-22,3540000,인천광역시 부평구
도서관(구립) 부개어린이도서관(2),인천광역시,부평구,28237,인천광역시 부평구 동수로 166,인천광역시 부평구 부개동 259-9,37.48552079,126.737026,032-505-0460,인천삼산경찰서,2018,Y,2025-12-22,3540000,인천광역시 부평구
도서관(구립) 부개어린이도서관(1),인천광역시,부평구,28237,인천광역시 부평구 동수로 166,인천광역시 부평구 부개동 259-9,37.48552079,126.737026,032-505-0460,인천삼산경찰서,2018,Y,2025-12-22,3540000,인천광역시 부평구
도서관(구립) 갈산도서관(2),인천광역시,부평구,28237,인천광역시 부평구 주부토로 254,인천광역시 부평구 갈산동 74-19,37.517587,126.7271369,032-362-0261,인천삼산경찰서,2018,Y,2025-12-22,3540000,인천광역시 부평구
도서관(구립) 갈산도서관(1),인천광역시,부평구,28237,인천광역시 부평구 주부토로 254,인천광역시 부평구 갈산동 74-19,37.517587,126.7271369,032-362-0261,인천삼산경찰서,2018,Y,2025-12-22,3540000,인천광역시 부평구
도서관(구립) 청천도서관(2),인천광역시,부평구,28237,인천광역시 부평구 원길로 23,인천광역시 부평구 청천동 200-59,37.505894,126.714391,032-330-9171,인천부평경찰서,2018,Y,2025-12-22,3540000,인천광역시 부평구
도서관(구립) 청천도서관(1),인천광역시,부평구,28237,인천광역시 부평구 원길로 23,인천광역시 부평구 청천동 200-59,37.505894,126.714391,032-330-9171,인천부평경찰서,2018,Y,2025-12-22,3540000,인천광역시 부평구
도서관(구립) 부평기적의도서관,인천광역시,부평구,28237,인천광역시 부평구 길주남로 166,인천광역시 부평구 부개동 499-1,37.503472,126.7401943,032-505-0612,인천삼산경찰서,2018,Y,2025-12-22,3540000,인천광역시 부평구
도서관(구립) 삼산도서관(3),인천광역시,부평구,28237,인천광역시 부평구 부평북로 445,인천광역시 부평구 삼산동 390-2,37.522166,126.743057,032-330-7012,인천삼산경찰서,2018,Y,2025-12-22,3540000,인천광역시 부평구
도서관(구립) 삼산도서관(2),인천광역시,부평구,28237,인천광역시 부평구 부평북로 445,인천광역시 부평구 삼산동 390-2,37.522166,126.743057,032-330-7012,인천삼산경찰서,2018,Y,2025-12-22,3540000,인천광역시 부평구
도서관(구립) 삼산도서관(1),인천광역시,부평구,28237,인천광역시 부평구 부평북로 445,인천광역시 부평구 삼산동 390-2,37.522166,126.743057,032-330-7012,인천삼산경찰서,2018,Y,2025-12-22,3540000,인천광역시 부평구
도서관(구립) 부개도서관(2),인천광역시,부평구,28237,인천광역시 부평구 부일로83번길 46,인천광역시 부평구 부개동 513-3,37.491015,126.7395091,032-505-0062,인천삼산경찰서,2018,Y,2025-12-22,3540000,인천광역시 부평구
도서관(구립) 부개도서관(1),인천광역시,부평구,28237,인천광역시 부평구 부일로83번길 46,인천광역시 부평구 부개동 513-3,37.491015,126.7395091,032-505-0062,인천삼산경찰서,2018,Y,2025-12-22,3540000,인천광역시 부평구
도서관(사립) 신나는여성주의도서관랄라,인천광역시,부평구,28237,인천광역시 부평구 후정동로 60,인천광역시 부평구 삼산동 54-2,37.522663,126.7385122,032-521-3763,인천삼산경찰서,2018,Y,2025-12-22,3540000,인천광역시 부평구
GS25 부평신일점,인천광역시,부평구,28237,인천광역시 부평구 길주남로6번길 28,인천광역시 부평구 부평동 431-58,37.50345722,126.7222529,1644-5425,인천삼산경찰서,2018,Y,2025-12-22,3540000,인천광역시 부평구
GS25 일신초교점,인천광역시,부평구,28237,인천광역시 부평구 항동로75번길 41,인천광역시 부평구 일신동 221-20,37.483857,126.741907,032-505-5366,인천삼산경찰서,2018,Y,2025-12-22,3540000,인천광역시 부평구
GS25 부평동암,인천광역시,부평구,28237,인천광역시 부평구 동암남로 19,인천광역시 부평구 십정동 487-25,37.470826,126.7057107,032-431-9532,인천부평경찰서,2018,Y,2025-12-22,3540000,인천광역시 부평구
GS25 부평제일,인천광역시,부평구,28237,인천광역시 부평구 부평대로12번길 15,인천광역시 부평구 부평동 193-25,37.492529,126.724143,032-522-2204,인천삼산경찰서,2018,Y,2025-12-22,3540000,인천광역시 부평구
GS25 부평길주,인천광역시,부평구,28237,인천광역시 부평구 길주남로 113,인천광역시 부평구 부개동 12-213,37.504167,126.734286,032-502-9189,인천삼산경찰서,2018,Y,2025-12-22,3540000,인천광역시 부평구
GS25 인천광역시산곡,인천광역시,부평구,28237,"인천광역시 부평구 안남로 261, 101호",인천광역시 부평구 산곡동 124-25,37.5062528,126.7085803,032-502-8578,인천부평경찰서,2018,Y,2025-12-22,3540000,인천광역시 부평구
GS25 청천금호,인천광역시,부평구,28237,인천광역시 부평구 원길로 37,인천광역시 부평구 청천동 200-58,37.507207,126.714472,032-505-0233,인천부평경찰서,2018,Y,2025-12-22,3540000,인천광역시 부평구
GS25 십정센터,인천광역시,부평구,28237,인천광역시 부평구 열우물로 161,인천광역시 부평구 십정동 117,37.478686,126.690561,032-571-1121,인천부평경찰서,2018,Y,2025-12-22,3540000,인천광역시 부평구
GS25 부평금성,인천광역시,부평구,28237,인천광역시 부평구 경인로962번길 15,인천광역시 부평구 부평동 641-1,37.486554,126.726523,032-508-6182,인천부평경찰서,2018,Y,2025-12-22,3540000,인천광역시 부평구
GS25 백운역,인천광역시,부평구,28237,"인천광역시 부평구 마장로 68, 101호",인천광역시 부평구 십정동 174-118,37.48492407,126.7085139,032-516-2221,인천부평경찰서,2018,Y,2025-12-22,3540000,인천광역시 부평구
GS25 부평마젤란,인천광역시,부평구,28237,"인천광역시 부평구 장제로 150, 112호",인천광역시 부평구 부평동 126-9,37.498967,126.7311902,032-503-4110,인천삼산경찰서,2018,Y,2025-12-22,3540000,인천광역시 부평구
세븐일레븐 동암대우빌점 B,인천광역시,부평구,28237,인천광역시 부평구 열우물로 18,인천광역시 부평구 십정동 408-48,37.46969284,126.7010534,032-426-3510,인천부평경찰서,2018,Y,2025-12-22,3540000,인천광역시 부평구
세븐일레븐 인천동암센터점,인천광역시,부평구,28237,인천광역시 부평구 열우물로50번길 10-12,인천광역시 부평구 십정동 402-4,37.47253346,126.7013089,032-442-7992,인천부평경찰서,2018,Y,2025-12-22,3540000,인천광역시 부평구
세븐일레븐 부평대림에이원점,인천광역시,부평구,28237,인천광역시 부평구 부흥북로 106,인천광역시 부평구 부평동 104-22,37.50071187,126.733886,032-515-4515,인천부평경찰서,2018,Y,2025-12-22,3540000,인천광역시 부평구
세븐일레븐 부평드림점,인천광역시,부평구,28237,인천광역시 부평구 주부토로 84,인천광역시 부평구 부평동 13-93,37.502439,126.725681,032-505-8605,인천삼산경찰서,2018,Y,2025-12-22,3540000,인천광역시 부평구
세븐일레븐 부평타워팰리스점,인천광역시,부평구,28237,인천광역시 부평구 주부토로 56번길 17-6,인천광역시 부평구 부평동 407-5,37.50024799,126.7264446,,인천삼산경찰서,2018,Y,2025-12-22,3540000,인천광역시 부평구
세븐일레븐 부평나누리점,인천광역시,부평구,28237,인천광역시 부평구 장제로 154,인천광역시 부평구 부평동 126-1,37.4991984,126.730776,032-515-2468,인천삼산경찰서,2018,Y,2025-12-22,3540000,인천광역시 부평구
세븐일레븐 금호점,인천광역시,부평구,28237,인천광역시 부평구 원길로 34,인천광역시 부평구 청천동 259-3,37.506545,126.714933,032-514-9725,인천부평경찰서,2018,Y,2025-12-22,3540000,인천광역시 부평구
세븐일레븐 부평원길로점,인천광역시,부평구,28237,인천광역시 부평구 원길로 11번길 21,인천광역시 부평구 산곡동 409-14,37.504602,126.7133049,032-508-5776,인천부평경찰서,2018,Y,2025-12-22,3540000,인천광역시 부평구
세븐일레븐 리세움점,인천광역시,부평구,28237,인천광역시 부평구 부평문화로 16번길 16,인천광역시 부평구 부평동 341-99,37.49189317,126.719976,1577-0711,인천부평경찰서,2018,Y,2025-12-22,3540000,인천광역시 부평구
세븐일레븐 쌍용점,인천광역시,부평구,28237,인천광역시 부평구 부평대로 163,인천광역시 부평구 부평동 54-3,37.50556443,126.720709,032-503-1413,인천부평경찰서,2018,Y,2025-12-22,3540000,인천광역시 부평구
세븐일레븐 인천산곡한화,인천광역시,부평구,28237,인천광역시 부평구 마장로 324번길 31,인천광역시 부평구 산곡동 120-21,37.50683186,126.705185,1577-0711,인천부평경찰서,2018,Y,2025-12-22,3540000,인천광역시 부평구
세븐일레븐 부평래미안점,인천광역시,부평구,28237,인천광역시 부평구 길주남로 6번길 15,인천광역시 부평구 부평동 433-83,37.504021,126.722489,032-506-8187,인천삼산경찰서,2018,Y,2025-12-22,3540000,인천광역시 부평구
세븐일레븐 부평테마점,인천광역시,부평구,28237,인천광역시 부평구 경원대로 1403번길 13,인천광역시 부평구 부평동 153-18,37.491966,126.7250273,,인천삼산경찰서,2018,Y,2025-12-22,3540000,인천광역시 부평구
세븐일레븐 신화점,인천광역시,부평구,28237,인천광역시 부평구 경원대로 1354번길 11,인천광역시 부평구 부평동 534-73,37.49056296,126.719527,032-502-9773,인천부평경찰서,2018,Y,2025-12-22,3540000,인천광역시 부평구
미니스톱 부평로프트점,인천광역시,부평구,28237,인천광역시 부평구 경원대로1432번길 24,인천광역시 부평구 부평동 182-76,37.489961,126.727822,,인천부평경찰서,2018,Y,2025-12-22,3540000,인천광역시 부평구
미니스톱 부평남부점,인천광역시,부평구,28237,인천광역시 부평구 남부역로20번길 27,인천광역시 부평구 부평동 734-1,37.489026,126.722902,032-506-1203,인천부평경찰서,2018,Y,2025-12-22,3540000,인천광역시 부평구
gs25신림수정점,서울특별시,관악구,11620,서울특별시 관악구 남부순환로 1507,,37.48272576,126.9179653,,서울관악경찰서,2023,Y,2025-11-10,3200000,서울특별시 관악구
세븐일레븐 관악도림점,서울특별시,관악구,11620,서울특별시 관악구 은천로 25길 69,,37.48906357,126.9483944,,서울관악경찰서,,Y,2025-11-10,3200000,서울특별시 관악구
CU서울대입구역점,서울특별시,관악구,11620,서울특별시 관악구 남부순환로 1833,,37.48113145,126.9538531,,서울관악경찰서,,Y,2025-11-10,3200000,서울특별시 관악구
GS25 봉천메트로점,서울특별시,관악구,11620,서울특별시 관악구 남부순환로 1811,,37.4817482,126.951459,02-884-2209,서울관악경찰서,,Y,2025-11-10,3200000,서울특별시 관악구
미니스톱 서울대입구점,서울특별시,관악구,11620,서울특별시 관악구 관악로 168,,37.48021593,126.9529848,02-873-9326,서울관악경찰서,,Y,2025-11-10,3200000,서울특별시 관악구
씨스페이스 구로공단점,서울특별시,관악구,11620,서울특별시 관악구 조원로 6,,37.48340438,126.9027432,02-856-4280,서울관악경찰서,,Y,2025-11-10,3200000,서울특별시 관악구
세븐일레븐 서울대입구역점,서울특별시,관악구,11620,서울특별시 관악구 남부순환로 1820,,37.480948,126.9520838,02-6276-8777,서울관악경찰서,2021,Y,2025-11-10,3200000,서울특별시 관악구
세븐일레븐 관악미림점,서울특별시,관악구,11620,서울특별시 관악구 호암로20길 67,,37.46709388,126.935734,02-871-1379,서울관악경찰서,2020,Y,2025-11-10,3200000,서울특별시 관악구
세븐일레븐 관악신원점,서울특별시,관악구,11620,서울특별시 관악구 남부순환로168가길 47,,37.48059713,126.9269013,02-863-9587,서울관악경찰서,2020,Y,2025-11-10,3200000,서울특별시 관악구
세븐일레븐 신사시장점,서울특별시,관악구,11620,서울특별시 관악구 남부순환로 153길 35,,37.48405657,126.9163271,02-830-6586,서울관악경찰서,,Y,2025-11-10,3200000,서울특별시 관악구
세븐일레븐 신림대학스타점,서울특별시,관악구,11620,서울특별시 관악구 호암로24길 6,,37.46990238,126.9335443,02-878-0845,서울관악경찰서,,Y,2025-11-10,3200000,서울특별시 관악구
세븐일레븐 서울대서진점,서울특별시,관악구,11620,서울특별시 관악구 관악로17길 3,,37.48064359,126.9515179,02-871-3418,서울관악경찰서,,Y,2025-11-10,3200000,서울특별시 관악구
세븐일레븐정릉서경대점,서울특별시,성북구,11290,서울특별시 성북구 보국문로16길 48,서울특별시 성북구 정릉동 266-390,37.61201771,127.0097602,02-998-8580,성북경찰서,2014,Y,2025-12-23,3070000,서울특별시 성북구
GS25서구신현점,인천광역시,서구,28260,인천광역시 서구 신현로 1,인천광역시 서구 신현동 293-39,37.51362399,126.6718926,032-573-0335,인천서부경찰서,2018,Y,2025-11-14,3560000,인천광역시 서구
GS25서구검단고점,인천광역시,서구,28260,인천광역시 서구 검단로 532,인천광역시 서구 마전동 988-7,37.60381547,126.662899,032-565-0662,인천서부경찰서,2018,Y,2025-11-14,3560000,인천광역시 서구
GS25가좌건지점,인천광역시,서구,28260,인천광역시 서구 건지로334번길 22,인천광역시 서구 가좌동 193-2,37.4961131,126.678802,032-519-9814,인천서부경찰서,2018,Y,2025-11-14,3560000,인천광역시 서구
GS25가좌축산점,인천광역시,서구,28260,인천광역시 서구 가좌로84번길 24,인천광역시 서구 가좌동 484,37.47860958,126.6860527,032-578-6061,인천서부경찰서,2018,Y,2025-11-14,3560000,인천광역시 서구
세븐일레븐가좌공원점,인천광역시,서구,28260,인천광역시 서구 고래울로 6-1,인천광역시 서구 가좌동 310-12,37.48846687,126.6837645,032-571-7660,인천서부경찰서,2018,Y,2025-11-14,3560000,인천광역시 서구
세븐일레븐서구불로한호점,인천광역시,서구,28260,인천광역시 서구 검단로744번1길 26,인천광역시 서구 불로동 794-3,37.61242434,126.6865499,032-562-7588,인천서부경찰서,2018,Y,2025-11-14,3560000,인천광역시 서구
세븐일레븐서구마전풍림점,인천광역시,서구,28260,인천광역시 서구 가현로42번길 53,인천광역시 서구 마전동 1150,37.61204855,126.6577208,032-562-5502,인천서부경찰서,2018,Y,2025-11-14,3560000,인천광역시 서구
여성권익시설서인천가정폭력성폭력통합상담소,인천광역시,서구,28260,인천광역시 서구 승학로 247,인천광역시 서구 심곡동 333-5,37.54475213,126.6723203,032-564-1366,인천서부경찰서,2018,Y,2025-11-14,3560000,인천광역시 서구
세븐일레븐청라딜라이트점,인천광역시,서구,28260,인천광역시 서구 청라에메랄드로 78,인천광역시 서구 청라동 167-16,37.53212246,126.6568223,,인천서부경찰서,2018,Y,2025-11-14,3560000,인천광역시 서구
GS25심곡우리점,인천광역시,서구,28260,인천광역시 서구 탁옥로 37,인천광역시 서구 심곡동 246,37.54415472,126.6736678,,인천서부경찰서,2018,Y,2025-11-14,3560000,인천광역시 서구
GS25서구드림점,인천광역시,서구,28260,인천광역시 서구 심곡로 193-3,인천광역시 서구 연희동 699,37.55009952,126.6817668,,인천서부경찰서,2018,Y,2025-11-14,3560000,인천광역시 서구
GS25청라타운점,인천광역시,서구,28260,인천광역시 서구 비즈니스로 10,인천광역시 서구 청라동 102-16,37.52449939,126.6241197,032-562-2939,인천서부경찰서,2018,Y,2025-11-14,3560000,인천광역시 서구
GS25검단블루텍점,인천광역시,서구,28260,인천광역시 서구 보듬로 158,인천광역시 서구 오류동 1656-1,37.59586706,126.6148993,,인천서부경찰서,2018,Y,2025-11-14,3560000,인천광역시 서구
GS25검암타운점,인천광역시,서구,28260,인천광역시 서구 승학로 587,인천광역시 서구 검암동 510-5,37.56815153,126.6833333,,인천서부경찰서,2018,Y,2025-11-14,3560000,인천광역시 서구
GS25서구탑병원점,인천광역시,서구,28260,인천광역시 서구 청마로19번길 9,인천광역시 서구 당하동 1079-3,37.59238447,126.6714319,032-565-2523,인천서부경찰서,2018,Y,2025-11-14,3560000,인천광역시 서구
GS25서구당하점,인천광역시,서구,28260,인천광역시 서구 청마로134번길 17-3,인천광역시 서구 당하동 1108-6,37.58962242,126.6793365,032-561-0788,인천서부경찰서,2018,Y,2025-11-14,3560000,인천광역시 서구
GS25당하더캐슬점,인천광역시,서구,28260,인천광역시 서구 청마로 94,인천광역시 서구 당하동 1091-1,37.58714184,126.6745384,032-563-3693,인천서부경찰서,2018,Y,2025-11-14,3560000,인천광역시 서구
GS25석남본점점,인천광역시,서구,28260,인천광역시 서구 율도로16번길 22,인천광역시 서구 석남동 203-9,37.51175175,126.6636083,032-575-8987,인천서부경찰서,2018,Y,2025-11-14,3560000,인천광역시 서구
세븐일레븐인천가정고점,인천광역시,서구,28260,인천광역시 서구 서달로163번길 1,인천광역시 서구 석남동 470,37.51306243,126.6784723,032-571-0408,인천서부경찰서,2020,Y,2025-11-14,3560000,인천광역시 서구
세븐일레븐검단한울점,인천광역시,서구,28260,인천광역시 서구 완정로188번2길 1,인천광역시 서구 마전동 900-5,37.60463646,126.6566515,032-562-8512,인천서부경찰서,2020,Y,2025-11-14,3560000,인천광역시 서구
세븐일레븐가좌위브점,인천광역시,서구,28260,인천광역시 서구 장고개로 329,인천광역시 서구 가좌동 46-1,37.49210405,126.6864369,032-581-6384,인천서부경찰서,2019,Y,2025-11-14,3560000,인천광역시 서구
세븐일레븐인천서구청점,인천광역시,서구,28260,인천광역시 서구 서곶로301번길 16,인천광역시 서구 심곡동 245-6,37.54477178,126.674897,032-568-1065,인천서부경찰서,2019,Y,2025-11-14,3560000,인천광역시 서구
GS25석남중앙점,인천광역시,서구,28260,인천광역시 서구 길주로75번길 1,인천광역시 서구 석남동 519-4,37.50671125,126.6702428,032-571-3973,인천서부경찰서,2019,Y,2025-11-14,3560000,인천광역시 서구
세븐일레븐인천청라우미린점,인천광역시,서구,28260,인천광역시 서구 청라한내로 39,인천광역시 서구 청라동 103-6,37.5285991,126.6270446,032-503-3001,인천서부경찰서,2018,Y,2025-11-14,3560000,인천광역시 서구
세븐일레븐청라스마일점,인천광역시,서구,28260,인천광역시 서구 청라커낼로 235,인천광역시 서구 청라동 179-11,37.52948542,126.6444568,,인천서부경찰서,2018,Y,2025-11-14,3560000,인천광역시 서구
세븐일레븐청라초교점,인천광역시,서구,28260,인천광역시 서구 청라에메랄드로 147,인천광역시 서구 청라동 121-23,37.53835461,126.6562209,032-563-0747,인천서부경찰서,2018,Y,2025-11-14,3560000,인천광역시 서구
세븐일레븐서구당하풍림점,인천광역시,서구,28260,인천광역시 서구 원당대로685번길 5,인천광역시 서구 마전동 1055-1,37.59436253,126.6771888,032-568-7787,인천서부경찰서,2018,Y,2025-11-14,3560000,인천광역시 서구
세븐일레븐당하제일점,인천광역시,서구,28260,인천광역시 서구 원당대로 676,인천광역시 서구 당하동 1092-10,37.59327813,126.6764434,,인천서부경찰서,2018,Y,2025-11-14,3560000,인천광역시 서구
세븐일레븐인천검단본점,인천광역시,서구,28260,인천광역시 서구 완정로92번길 11,인천광역시 서구 마전동 997-3,37.60054433,126.6648852,032-563-9245,인천서부경찰서,2018,Y,2025-11-14,3560000,인천광역시 서구
세븐일레븐검단금곡초교점,인천광역시,서구,28260,인천광역시 서구 완정로228번길 12-1,인천광역시 서구 금곡동 725-12,37.6048787,126.6519357,032-565-2081,인천서부경찰서,2018,Y,2025-11-14,3560000,인천광역시 서구
씨유 학익드림점,인천광역시,미추홀구,28177,인천광역시 미추홀구 학익소로 5,인천광역시 미추홀구 학익동 4-15,37.4462884,126.6677171,070-4227-0003,인천미추홀경찰서,2018,Y,2025-06-24,3510500,인천광역시 미추홀구
씨유 학익2동점,인천광역시,미추홀구,28177,"인천광역시 미추홀구 학익소로63번길 23, 101호","인천광역시 미추홀구 학익동 37-9, 101호",37.44174169,126.6718029,032-864-2333,인천미추홀경찰서,2018,Y,2025-06-24,3510500,인천광역시 미추홀구
씨유 주안신기점,인천광역시,미추홀구,28177,인천광역시 미추홀구 미추홀대로586번길 58,인천광역시 미추홀구 주안동 1491,37.44921343,126.6829673,032-504-0456,인천미추홀경찰서,2018,Y,2025-06-24,3510500,인천광역시 미추홀구
씨유 주안8동점,인천광역시,미추홀구,28177,인천광역시 미추홀구 인하로318번길 29-3,인천광역시 미추홀구 주안동 1214-4,37.4466117,126.6836499,032-438-8007,인천미추홀경찰서,2018,Y,2025-06-24,3510500,인천광역시 미추홀구
씨유 주안쌍용점,인천광역시,미추홀구,28177,"인천광역시 미추홀구 인하로 296, 쌍용주안 1층 113호","인천광역시 미추홀구 주안동 1250, 쌍용주안 113호",37.44768455,126.6809393,032-434-2330,인천미추홀경찰서,2018,Y,2025-06-24,3510500,인천광역시 미추홀구
씨유 주안해마루점,인천광역시,미추홀구,28177,인천광역시 미추홀구 주안로 182,인천광역시 미추홀구 주안동 928-8,37.46319957,126.6901831,032-433-2652,인천미추홀경찰서,2018,Y,2025-06-24,3510500,인천광역시 미추홀구
씨유 주안사랑점,인천광역시,미추홀구,28177,인천광역시 미추홀구 경인로 438,인천광역시 미추홀구 주안동 248-1,37.45768606,126.6887928,032-433-2761,인천미추홀경찰서,2018,Y,2025-06-24,3510500,인천광역시 미추홀구
e-mart24 주안예찬점,인천광역시,미추홀구,28177,인천광역시 미추홀구 인하로 224,인천광역시 미추홀구 주안동 1419-2,37.44833278,126.6728821,032-866-2652,인천미추홀경찰서,2018,Y,2025-06-24,3510500,인천광역시 미추홀구
씨유 주안힐탑점,인천광역시,미추홀구,28177,"인천광역시 미추홀구 주안서로 18, 교회주차장","인천광역시 미추홀구 주안동 202-1, 교회주차장",37.46039683,126.6779952,032-865-9113,인천미추홀경찰서,2018,Y,2025-06-24,3510500,인천광역시 미추홀구
씨유 주안원룸점,인천광역시,미추홀구,28177,인천광역시 미추홀구 경인로367번길 23,인천광역시 미추홀구 주안동 185-1,37.45962619,126.6807135,032-429-5024,인천미추홀경찰서,2018,Y,2025-06-24,3510500,인천광역시 미추홀구
씨유 용현한양점,인천광역시,미추홀구,28177,"인천광역시 미추홀구 토금남로 55, 한양아파트 108호","인천광역시 미추홀구 용현동 627-78, 한양아파트 108호",37.45060405,126.6386986,032-889-0721,인천미추홀경찰서,2018,Y,2025-06-24,3510500,인천광역시 미추홀구
씨유 용현수정점,인천광역시,미추홀구,28177,인천광역시 미추홀구 토금중로 9,인천광역시 미추홀구 용현동 628-59,37.45422613,126.6347498,032-882-8455,인천미추홀경찰서,2018,Y,2025-06-24,3510500,인천광역시 미추홀구
씨유 용현골목길점,인천광역시,미추홀구,28177,인천광역시 미추홀구 낙섬서로18번길 15-2,인천광역시 미추홀구 용현동 627-160,37.45091353,126.635232,032-883-8808,인천미추홀경찰서,2018,Y,2025-06-24,3510500,인천광역시 미추홀구
씨유 용현3동점,인천광역시,미추홀구,28177,인천광역시 미추홀구 독정이로 11,인천광역시 미추홀구 용현동 490-31,37.45705566,126.6545566,032-882-7148,인천미추홀경찰서,2018,Y,2025-06-24,3510500,인천광역시 미추홀구
씨유 용현2동점,인천광역시,미추홀구,28177,인천광역시 미추홀구 아암대로29번길 47,인천광역시 미추홀구 용현동 571-53,37.45746989,126.6392488,032-882-7606,인천미추홀경찰서,2018,Y,2025-06-24,3510500,인천광역시 미추홀구
씨유 인하대점,인천광역시,미추홀구,28177,인천광역시 미추홀구 인하로120번길 3,인천광역시 미추홀구 용현동 81-38,37.44973166,126.6613527,032-875-5443,인천미추홀경찰서,2018,Y,2025-06-24,3510500,인천광역시 미추홀구
씨유 용현원룸점,인천광역시,미추홀구,28177,인천광역시 미추홀구 인하로133번길 35,인천광역시 미추홀구 용현동 77-44,37.45114649,126.663395,032-866-4555,인천미추홀경찰서,2018,Y,2025-06-24,3510500,인천광역시 미추홀구
씨유 숭의중앙점,인천광역시,미추홀구,28177,"인천광역시 미추홀구 경인로142번길 61, 1층 1호","인천광역시 미추홀구 숭의동 1-93, 1층 1호",37.46362484,126.6578469,032-866-6719,인천미추홀경찰서,2018,Y,2025-06-24,3510500,인천광역시 미추홀구
씨유 숭의2동점,인천광역시,미추홀구,28177,인천광역시 미추홀구 미추로 27,인천광역시 미추홀구 숭의동 165-16,37.46255927,126.6468401,032-891-9113,인천미추홀경찰서,2018,Y,2025-06-24,3510500,인천광역시 미추홀구
씨유 숭의석정점,인천광역시,미추홀구,28177,인천광역시 미추홀구 석정로 46,인천광역시 미추홀구 숭의동 162-71,37.46362696,126.6440447,032-881-5856,인천미추홀경찰서,2018,Y,2025-06-24,3510500,인천광역시 미추홀구
세븐일레븐 숭의공구점,인천광역시,미추홀구,28177,인천광역시 미추홀구 인중로 16,인천광역시 미추홀구 숭의동 408-16,37.46301958,126.6409153,032-886-1703,인천미추홀경찰서,2018,Y,2025-06-24,3510500,인천광역시 미추홀구
씨유 인천문학점,인천광역시,미추홀구,28177,"인천광역시 미추홀구 소성로 285, 1층","인천광역시 미추홀구 문학동 356-9, 1층",37.43762665,126.6788765,032-421-1432,인천미추홀경찰서,2018,Y,2025-06-24,3510500,인천광역시 미추홀구
씨유 도화향기점,인천광역시,미추홀구,28177,인천광역시 미추홀구 석정로 327,인천광역시 미추홀구 도화동 119-43,37.4679645,126.6718078,032-867-0725,인천미추홀경찰서,2018,Y,2025-06-24,3510500,인천광역시 미추홀구
씨유 도화파밀리에점,인천광역시,미추홀구,28177,인천광역시 미추홀구 송림로 194(신동아파밀리에 201 내 상가지~202호 2층 201호),"인천광역시 미추홀구 도화동 982, 신동아파밀리에 201 내 상가지~202호 2층 201호",37.47690479,126.6540167,032-764-8555,인천미추홀경찰서,2018,Y,2025-06-24,3510500,인천광역시 미추홀구
씨유 도화드림점,인천광역시,미추홀구,28177,인천광역시 미추홀구 석정로302번길 12,인천광역시 미추홀구 도화동 145-22,37.46735054,126.6687995,032-862-0835,인천미추홀경찰서,2018,Y,2025-06-24,3510500,인천광역시 미추홀구
씨유 6공단1호점,인천광역시,미추홀구,28177,"인천광역시 미추홀구 장고개로 48, 믿음슈퍼","인천광역시 미추홀구 도화동 84-4, 믿음슈퍼",37.47218038,126.6679634,032-866-1112,인천미추홀경찰서,2018,Y,2025-06-24,3510500,인천광역시 미추홀구
씨유 숭의사랑점,인천광역시,미추홀구,28177,인천광역시 미추홀구 독배로 492번길 4,인천광역시 미추홀구 숭의동 170-47,37.46157683,126.6446499,032-888-5773,인천미추홀경찰서,2021,Y,2025-06-24,3510500,인천광역시 미추홀구
씨유 석바위점,인천광역시,미추홀구,28177,인천광역시 미추홀구 경원대로 851번길 16,인천광역시 미추홀구 주안동 1001-2,37.45897115,126.688442,032-442-5805,인천미추홀경찰서,2021,Y,2025-06-24,3510500,인천광역시 미추홀구
세븐일레븐 도화중앙점,인천광역시,미추홀구,28177,인천광역시 미추홀구 경인로 164-1,인천광역시 미추홀구 도화동 641-40,37.46604893,126.6609492,1577-0711,인천미추홀경찰서,2021,Y,2025-06-24,3510500,인천광역시 미추홀구
세븐일레븐 인천학익다움점,인천광역시,미추홀구,28177,인천광역시 미추홀구 한나루로357번길 87-26 상가동 101호,인천광역시 미추홀구 학익동 707-5 정광아파트 상가동 101호,37.43832618,126.657371,032-872-7265,인천미추홀경찰서,2021,Y,2025-06-24,3510500,인천광역시 미추홀구
씨유 문학허브점,인천광역시,미추홀구,28177,인천광역시 미추홀구 소성로 333,인천광역시 미추홀구 문학동 385-2,37.43760258,126.6842562,032-427-2819,인천미추홀경찰서,2021,Y,2025-06-24,3510500,인천광역시 미추홀구
씨유 제물포대로점,인천광역시,미추홀구,28177,인천광역시 미추홀구 경인로 108,인천광역시 미추홀구 숭의동 67-6,37.46598915,126.6545871,032-887-7405,인천미추홀경찰서,2021,Y,2025-06-24,3510500,인천광역시 미추홀구
씨유 도화한나루점,인천광역시,미추홀구,28177,인천광역시 미추홀구 한나루로 595,인천광역시 미추홀구 도화동 441-6,37.45925395,126.6721441,032-862-9935,인천미추홀경찰서,2021,Y,2025-06-24,3510500,인천광역시 미추홀구
GS25 문학중앙점,인천광역시,미추홀구,28177,인천광역시 미추홀구 승학길 6,인천광역시 미추홀구 문학동 337-1,37.43966272,126.6794592,032-425-4554,인천미추홀경찰서,2021,Y,2025-06-24,3510500,인천광역시 미추홀구
세븐일레븐 도화나산점,인천광역시,미추홀구,28177,인천광역시 미추홀구 경인로 221 나산아파트 B1층 101호,인천광역시 미추홀구 도화동 601-2 나산아파트 B1층 101호,37.46527508,126.6675226,1577-9621,인천미추홀경찰서,2021,Y,2025-06-24,3510500,인천광역시 미추홀구
세븐일레븐 용현용남점,인천광역시,미추홀구,28177,인천광역시 미추홀구 인하로163번길 16,인천광역시 미추홀구 용현동 26-11,37.44968855,126.6663129,1577-0711,인천미추홀경찰서,2021,Y,2025-06-24,3510500,인천광역시 미추홀구
GS25 주안두리점,인천광역시,미추홀구,28177,인천광역시 미추홀구 석정로351번길 13,인천광역시 미추홀구 주안동 12-8,37.46816983,126.6744752,032-876-5304,인천미추홀경찰서,2021,Y,2025-06-24,3510500,인천광역시 미추홀구
씨유 주안베스티움점,인천광역시,미추홀구,28177,인천광역시 미추홀구 염창로 35,인천광역시 미추홀구 주안동 25-34,37.46624009,126.6778783,032-874-7052,인천미추홀경찰서,2021,Y,2025-06-24,3510500,인천광역시 미추홀구
GS25 인하아리스타점,인천광역시,미추홀구,28177,인천광역시 미추홀구 소성로 16,인천광역시 미추홀구 용현동 286-4,37.44749098,126.6515421,1644-5425,인천미추홀경찰서,2021,Y,2025-06-24,3510500,인천광역시 미추홀구
GS25 주안경원점,인천광역시,미추홀구,28177,인천광역시 미추홀구 주안동로 34,인천광역시 미추홀구 주안동 57-12,37.46117786,126.6860761,032-422-2262,인천미추홀경찰서,2021,Y,2025-06-24,3510500,인천광역시 미추홀구
미니스톱 인천경인로점,인천광역시,미추홀구,28177,인천광역시 미추홀구 경인로42번길 3,인천광역시 미추홀구 숭의동 177-23,37.46403167,126.6478261,1577-9621,인천미추홀경찰서,2021,Y,2025-06-24,3510500,인천광역시 미추홀구
세븐일레븐 남구하나점,인천광역시,미추홀구,28177,인천광역시 미추홀구 매소홀로 418번길 17,인천광역시 미추홀구 학익동 681-1,37.43906335,126.6684461,032-875-3547,인천미추홀경찰서,2021,Y,2025-06-24,3510500,인천광역시 미추홀구
씨유 학익대동점,인천광역시,미추홀구,28177,인천광역시 미추홀구 매소홀로 400,인천광역시 미추홀구 학익동 684-3,37.43980468,126.6665506,032-876-8431,인천미추홀경찰서,2021,Y,2025-06-24,3510500,인천광역시 미추홀구
세븐일레븐 숭의타운점,인천광역시,미추홀구,28177,인천광역시 미추홀구 경인로42번길 36,인천광역시 미추홀구 숭의동 184-1,37.46258733,126.6484546,032-881-9113,인천미추홀경찰서,2021,Y,2025-06-24,3510500,인천광역시 미추홀구
세븐일레븐 숭의중앙점,인천광역시,미추홀구,28177,인천광역시 미추홀구 독정이로 79,인천광역시 미추홀구 숭의동 203-1,37.46269093,126.6511863,032-885-9355,인천미추홀경찰서,2021,Y,2025-06-24,3510500,인천광역시 미추홀구
씨유 주안희망점,인천광역시,미추홀구,28177,인천광역시 미추홀구 주안동로 26번길 4,인천광역시 미추홀구 주안동 61-24,37.46041237,126.6860459,032-424-5859,인천미추홀경찰서,2021,Y,2025-06-24,3510500,인천광역시 미추홀구
GS25 관교한신점,인천광역시,미추홀구,28177,인천광역시 미추홀구 경원대로 715 (주안8동 1193-5),인천광역시 미추홀구 주안동 1193-5,37.44655202,126.6896871,032-423-1584,인천미추홀경찰서,2018,Y,2025-06-24,3510500,인천광역시 미추홀구
세븐일레븐 도화마이다스점,인천광역시,미추홀구,28177,인천광역시 미추홀구 제일로 31,인천광역시 미추홀구 도화동 434-2,37.45926385,126.6738662,032-861-9473,인천미추홀경찰서,2020,Y,2025-06-24,3510500,인천광역시 미추홀구
씨유 인하원룸점,인천광역시,미추홀구,28177,인천광역시 미추홀구 경인남길118번길 31,인천광역시 미추홀구 용현동 176-30,37.45315322,126.6610304,032-876-7909,인천미추홀경찰서,2020,Y,2025-06-24,3510500,인천광역시 미추홀구
한국가정법률상담소인천지부부설가정폭력상담소,인천광역시,미추홀구,28177,인천광역시 미추홀구 학익소로 29,"인천광역시 미추홀구 학익동 25-12, 석목법조빌딩 509호",37.44478424,126.670093,032-865-1120,인천미추홀경찰서,2018,Y,2025-06-24,3510500,인천광역시 미추홀구
미추홀구가정폭력상담소,인천광역시,미추홀구,28177,인천광역시 미추홀구 인하로 314,인천광역시 미추홀구 주안동 1495-6,37.44767709,126.6829204,032-437-1141,인천미추홀경찰서,2018,Y,2025-06-24,3510500,인천광역시 미추홀구
(사)인천여협가정성폭력상담소,인천광역시,미추홀구,28177,인천광역시 미추홀구 경인로 345,"인천광역시 미추홀구 주안동 194-6, 인천명품관 3층",37.45882943,126.6784203,032-865-1365,인천미추홀경찰서,2018,Y,2025-06-24,3510500,인천광역시 미추홀구
씨유 주안1동점,인천광역시,미추홀구,28177,인천광역시 미추홀구 석바위로96번길 2,인천광역시 미추홀구 주안동 85-1,37.46083552,126.6836272,032-432-6385,인천미추홀경찰서,2021,Y,2025-06-24,3510500,인천광역시 미추홀구
씨유 주안지웰점,인천광역시,미추홀구,28177,인천광역시 미추홀구 경인로 403,인천광역시 미추홀구 주안동 77-3,37.45872064,126.6851662,032-433-3272,인천미추홀경찰서,2021,Y,2025-06-24,3510500,인천광역시 미추홀구
씨유 주안진주점,인천광역시,미추홀구,28177,인천광역시 미추홀구 한나루로573번길 12-3,인천광역시 미추홀구 주안동 624-10,37.45762731,126.6704121,032-872-2355,인천미추홀경찰서,2021,Y,2025-06-24,3510500,인천광역시 미추홀구
씨유 용현낙섬중로점,인천광역시,미추홀구,28177,인천광역시 미추홀구 낙섬중로59번길 16,인천광역시 미추홀구 용현동 622-68,37.4537989,126.6380365,032-710-7337,인천미추홀경찰서,2021,Y,2025-06-24,3510500,인천광역시 미추홀구
GS25 용현2동점,인천광역시,미추홀구,28177,인천광역시 미추홀구 아암대로45번길 83-24,"인천광역시 미추홀구 용현동 565-8, 1층",37.45579333,126.6405018,032-891-8268,인천미추홀경찰서,2021,Y,2025-06-24,3510500,인천광역시 미추홀구
씨유 용현보훈회관점,인천광역시,미추홀구,28177,인천광역시 미추홀구 인주대로 128,인천광역시 미추홀구 용현동 450-177,37.45624224,126.6511857,070-4647-2266,인천미추홀경찰서,2021,Y,2025-06-24,3510500,인천광역시 미추홀구
GS25 주안우리점,인천광역시,미추홀구,28177,인천광역시 미추홀구 인주대로 320번길 9,인천광역시 미추홀구 주안동 1418-3,37.45134568,126.6719087,1644-5425,인천미추홀경찰서,2021,Y,2025-06-24,3510500,인천광역시 미추홀구
GS25 학익미소점,인천광역시,미추홀구,28177,인천광역시 미추홀구 주승로 22,인천광역시 미추홀구 학익동 649,37.44365373,126.6727799,032-873-7625,인천미추홀경찰서,2021,Y,2025-06-24,3510500,인천광역시 미추홀구
씨유 용현1동점,인천광역시,미추홀구,28177,인천광역시 미추홀구 인주대로 179,인천광역시 미추홀구 용현동 128-11,37.45578757,126.656966,070-7613-8524,인천미추홀경찰서,2021,Y,2025-06-24,3510500,인천광역시 미추홀구
GS25 용현경인점,인천광역시,미추홀구,28177,인천광역시 미추홀구 수봉남로6번길 132,인천광역시 미추홀구 용현동 118-1,37.45559881,126.6631068,032-872-6371,인천미추홀경찰서,2021,Y,2025-06-24,3510500,인천광역시 미추홀구
씨유 신기촌하나점,인천광역시,미추홀구,28177,인천광역시 미추홀구 신기길 2,인천광역시 미추홀구 주안동 1327-14,37.44810024,126.676487,1577-8007,인천미추홀경찰서,2021,Y,2025-06-24,3510500,인천광역시 미추홀구
씨유 도화세림점,인천광역시,미추홀구,28177,인천광역시 미추홀구 경인로 255,인천광역시 미추홀구 도화동 550-7,37.46322758,126.670690,1577-8007,인천미추홀경찰서,2021,Y,2025-06-24,3510500,인천광역시 미추홀구
씨유 주안서로점,인천광역시,미추홀구,28177,인천광역시 미추홀구 미추홀대로 719번길 24,인천광역시 미추홀구 주안동 222-16,37.46187187,126.6787872,1577-8007,인천미추홀경찰서,2021,Y,2025-06-24,3510500,인천광역시 미추홀구
씨유 주안석바위로점,인천광역시,미추홀구,28177,인천광역시 미추홀구 석바위로 73,인천광역시 미추홀구 주안동 165-5,37.46118948,126.681163,032-433-7125,인천미추홀경찰서,2021,Y,2025-06-24,3510500,인천광역시 미추홀구
씨유 도화나비점,인천광역시,미추홀구,28177,인천광역시 미추홀구 숙골로112번길 11,인천광역시 미추홀구 도화동 1004,37.47405725,126.6623938,070-4414-1300,인천미추홀경찰서,2021,Y,2025-06-24,3510500,인천광역시 미추홀구
GS25 주안신기점,인천광역시,미추홀구,28177,인천광역시 미추홀구 신기길 42-1,"인천광역시 미추홀구 주안동 1343-170, 1층",37.44618004,126.6765296,1644-5425,인천미추홀경찰서,2021,Y,2025-06-24,3510500,인천광역시 미추홀구
GS25 학익대박점,인천광역시,미추홀구,28177,인천광역시 미추홀구 노적산로 70,인천광역시 미추홀구 학익동 533-3,37.44027659,126.6569653,1644-5425,인천미추홀경찰서,2021,Y,2025-06-24,3510500,인천광역시 미추홀구
GS25 용현sk뷰점,인천광역시,미추홀구,28177,인천광역시 미추홀구 용정공원로 33,인천광역시 미추홀구 용현동 664,37.45201495,126.6450629,1644-5425,인천미추홀경찰서,2021,Y,2025-06-24,3510500,인천광역시 미추홀구
씨유 주안경인점,인천광역시,미추홀구,28177,인천광역시 미추홀구 경인로 392,인천광역시 미추홀구 주안동 431-1,37.45803438,126.6831597,032-428-7813,인천미추홀경찰서,2021,Y,2025-06-24,3510500,인천광역시 미추홀구
GS25 문학타운점,인천광역시,미추홀구,28177,인천광역시 미추홀구 매소홀로 514번길 6-6,인천광역시 미추홀구 문학동 350-5,37.43912771,126.6790662,1644-5425,인천미추홀경찰서,2021,Y,2025-06-24,3510500,인천광역시 미추홀구
GS25 에쉐르점,인천광역시,미추홀구,28177,인천광역시 미추홀구 주승로 110,인천광역시 미추홀구 주안동 1216-17,37.44481793,126.6828613,032-519-5179,인천미추홀경찰서,2021,Y,2025-06-24,3510500,인천광역시 미추홀구
GS25 주안주공점,인천광역시,미추홀구,28177,"인천광역시 미추홀구 주안로 215, 1층","인천광역시 미추홀구 주안동 49-11, 1층",37.46361919,126.6938552,032-424-0887,인천미추홀경찰서,2021,Y,2025-06-24,3510500,인천광역시 미추홀구
씨유 신동아점,인천광역시,미추홀구,28177,"인천광역시 미추홀구 미추홀대로 489, 상가동 2층","인천광역시 미추홀구 학익동 48-131, 상가동 2층",37.44104428,126.6779166,032-873-1821,인천미추홀경찰서,2021,Y,2025-06-24,3510500,인천광역시 미추홀구
씨유 더샵하늘점,인천광역시,미추홀구,28177,인천광역시 미추홀구 숙골로88번길 12,인천광역시 미추홀구 도화동 1011,37.46954959,126.6645388,032-872-2569,인천미추홀경찰서,2021,Y,2025-06-24,3510500,인천광역시 미추홀구
세븐일레븐 용현대림점,인천광역시,미추홀구,28177,인천광역시 미추홀구 낙섬서로 10번길 33,인천광역시 미추홀구 용현동 627-282,37.44965855,126.6355356,1577-0711,인천미추홀경찰서,2021,Y,2025-06-24,3510500,인천광역시 미추홀구
씨유 주안수석점,인천광역시,미추홀구,28177,인천광역시 미추홀구 인주대로 292번길 14,인천광역시 미추홀구 주안동 804-32,37.4514679,126.6686636,032-861-3338,인천미추홀경찰서,2021,Y,2025-06-24,3510500,인천광역시 미추홀구
씨유 인천간석역점,인천광역시,미추홀구,28177,인천광역시 미추홀구 주안로213번길 15,인천광역시 미추홀구 주안동 325-1,37.46426143,126.6935799,1577-8007,인천미추홀경찰서,2022,Y,2025-06-24,3510500,인천광역시 미추홀구
씨유 용현제일점,인천광역시,미추홀구,28177,인천광역시 미추홀구 독정이로33번길 3,인천광역시 미추홀구 용현동 492-9,37.45876837,126.6535657,032-891-2100,인천미추홀경찰서,2022,Y,2025-06-24,3510500,인천광역시 미추홀구
씨유 용현금호2차점,인천광역시,미추홀구,28177,인천광역시 미추홀구 매소홀로 70,인천광역시 미추홀구 용현동 647,37.44930693,126.633278,1577-8007,인천미추홀경찰서,2022,Y,2025-06-24,3510500,인천광역시 미추홀구
emart24 R용현소망점,인천광역시,미추홀구,28177,인천광역시 미추홀구 토금중로 42,인천광역시 미추홀구 용현동 621-150,37.45246588,126.6377816,02-6916-1500,인천미추홀경찰서,2022,Y,2025-06-24,3510500,인천광역시 미추홀구
GS25 인천용마루점,인천광역시,미추홀구,28177,인천광역시 미추홀구 낙섬중로 129,인천광역시 미추홀구 용현동 690,37.45826008,126.6426622,032-881-2569,인천미추홀경찰서,2022,Y,2025-06-24,3510500,인천광역시 미추홀구
emart24 용현sk점,인천광역시,미추홀구,28177,인천광역시 미추홀구 용정공원로 33,인천광역시 미추홀구 용현동 664,37.45201495,126.6450629,032-887-2751,인천미추홀경찰서,2022,Y,2025-06-24,3510500,인천광역시 미추홀구
씨유 제물포북부역점,인천광역시,미추홀구,28177,인천광역시 미추홀구 석정로92번길 159,인천광역시 미추홀구 숭의동 92-54,37.46702098,126.6552038,1577-8007,인천미추홀경찰서,2022,Y,2025-06-24,3510500,인천광역시 미추홀구
emart24 숭의제일점,인천광역시,미추홀구,28177,인천광역시 미추홀구 독정안길97번길 23,인천광역시 미추홀구 숭의동 248-132,37.4597345,126.653867,032-888-9580,인천미추홀경찰서,2022,Y,2025-06-24,3510500,인천광역시 미추홀구
GS25 주안퍼스트점,인천광역시,미추홀구,28177,인천광역시 미추홀구 경원대로833번길 54,인천광역시 미추홀구 주안동 406-37,37.45731842,126.686292,1644-5425,인천미추홀경찰서,2022,Y,2025-06-24,3510500,인천광역시 미추홀구
emart24 주안점,인천광역시,미추홀구,28177,인천광역시 미추홀구 석정로 432,인천광역시 미추홀구 주안동 23-36,37.46633226,126.6835794,032-872-4587,인천미추홀경찰서,2022,Y,2025-06-24,3510500,인천광역시 미추홀구
GS25 주안석정로점,인천광역시,미추홀구,28177,인천광역시 미추홀구 석정로 433,인천광역시 미추홀구 주안동 18-28,37.46676252,126.683723,032-875-6014,인천미추홀경찰서,2022,Y,2025-06-24,3510500,인천광역시 미추홀구
세븐일레븐 숭의동성당점,인천광역시,미추홀구,28177,인천광역시 미추홀구 석정로10번길 25,인천광역시 미추홀구 숭의동 340-11,37.46037958,126.6435849,1588-7745,인천미추홀경찰서,2022,Y,2025-06-24,3510500,인천광역시 미추홀구
GS25 주안용일점,인천광역시,미추홀구,28177,인천광역시 미추홀구 한나루로 490,인천광역시 미추홀구 주안동 801-25,37.45060929,126.6674313,032-875-5585,인천미추홀경찰서,2021,Y,2025-06-24,3510500,인천광역시 미추홀구
GS25 주안뉴미래점,인천광역시,미추홀구,28177,인천광역시 미추홀구 주안중로 13-1,인천광역시 미추홀구 주안동 179-10,37.45968956,126.6824628,032-446-9550,인천미추홀경찰서,2021,Y,2025-06-24,3510500,인천광역시 미추홀구
GS25 학익위브점,인천광역시,미추홀구,28177,인천광역시 미추홀구 노적산로 43,인천광역시 미추홀구 학익동 739,37.44306266,126.6557739,1644-5425,인천미추홀경찰서,2021,Y,2025-06-24,3510500,인천광역시 미추홀구
세븐일레븐 주안한나루로점,인천광역시,미추홀구,28177,인천광역시 미추홀구 한나루로 573,인천광역시 미추홀구 주안동 633-5,37.45742603,126.6709632,1577-0711,인천미추홀경찰서,2021,Y,2025-06-24,3510500,인천광역시 미추홀구
GS25 주안보보점,인천광역시,미추홀구,28177,인천광역시 미추홀구 경인로425번길 14,인천광역시 미추홀구 주안동 1004-3,37.45867685,126.6876463,1644-5425,인천미추홀경찰서,2021,Y,2025-06-24,3510500,인천광역시 미추홀구
GS25 도화보영점,인천광역시,미추홀구,28177,인천광역시 미추홀구 숙골로88번길 46,인천광역시 미추홀구 도화동 1009,37.47472939,126.6656222,032-872-7709,인천미추홀경찰서,2021,Y,2025-06-24,3510500,인천광역시 미추홀구
GS25 운서스타,인천광역시,중구,28110,"인천광역시 중구 운서3로 5, 1층",인천광역시 중구 운서동 2890-11,37.484931,126.507871,032-751-6603,인천중부경찰서,2018,Y,2025-05-30,3490000,인천광역시 중구
GS25 오일캠프점,인천광역시,중구,28110,인천광역시 중구 축항대로 280,인천광역시 중구 신흥동3가 47-1,37.4475743900,126.6267743000,032-888-2066,인천중부경찰서,2018,Y,2025-05-30,3490000,인천광역시 중구
GS25 영종주민센터,인천광역시,중구,28110,"인천광역시 중구 운남서로 63, 1층",인천광역시 중구 운남동 1538-8,37.492789,126.529607,070-8182-8384,인천중부경찰서,2018,Y,2025-05-30,3490000,인천광역시 중구
GS25 영종운중로,인천광역시,중구,28110,인천광역시 중구 운중로 45,인천광역시 중구 운남동 123-1,37.493476,126.538526,032-746-6779,인천중부경찰서,2018,Y,2025-05-30,3490000,인천광역시 중구
GS25 영종도풍림점,인천광역시,중구,28110,인천광역시 중구 신도시북로 44,인천광역시 중구 운서동 2708-1,37.49970462,126.4865181,032-751-3288,인천중부경찰서,2018,Y,2025-05-30,3490000,인천광역시 중구
GS25 연안해변,인천광역시,중구,28110,"인천광역시 중구 연안부두로 17, 1층 전체",인천광역시 중구 항동7가 27-207,37.45602583,126.604029,070-8915-6723,인천중부경찰서,2018,Y,2025-05-30,3490000,인천광역시 중구
GS25 신포로데오점,인천광역시,중구,28110,인천광역시 중구 개항로26,인천광역시 중구 신포동 65-4,37.47172955,126.6256264,032-777-8886,인천중부경찰서,2018,Y,2025-05-30,3490000,인천광역시 중구
세븐일레븐가좌두산위브점,인천광역시,서구,28260,인천광역시 서구 여우재로111번길 1,인천광역시 서구 가좌동 361,37.48797462,126.6867299,032-574-1219,인천서부경찰서,2018,Y,2025-11-14,3560000,인천광역시 서구
세븐일레븐인천서구연희점,인천광역시,서구,28260,인천광역시 서구 대평로8번길 6,인천광역시 서구 연희동 687-14,37.5477208,126.6763642,032-567-9002,인천서부경찰서,2018,Y,2025-11-14,3560000,인천광역시 서구
세븐일레븐  목동점,서울특별시,양천구,11470,"서울특별시 양천구 목동동로 130, 목동신시가지아파트14단지",서울특별시 양천구 신정동 329,37.514999,126.8712369,02-2645-4572,신정1지구대,2015,Y,2025-08-14,3140000,서울특별시 양천구
GS25  신정성의,서울특별시,양천구,11470,서울특별시 양천구 중앙로54길 21,서울특별시 양천구 신정동 932-9,37.526562,126.852094,02-2691-7268,신정5치안센터,2015,Y,2025-08-14,3140000,서울특별시 양천구
GS25  신월태진,서울특별시,양천구,11470,서울특별시 양천구 중앙로55길 28,서울특별시 양천구 신월동 457-13,37.526414,126.846328,02-2603-8020,신월2지구대,2015,Y,2025-08-14,3140000,서울특별시 양천구
GS25  목동스위트,서울특별시,양천구,11470,"서울특별시 양천구 목동서로 65, 목동가든스위트",서울특별시 양천구 목동 907-5,37.536125,126.878732,02-2062-3007,목6치안센터,2015,Y,2025-08-14,3140000,서울특별시 양천구
GS25  목동리치,서울특별시,양천구,11470,"서울특별시 양천구 목동중앙북로7가길 61, 목동 RICH SQUARE",서울특별시 양천구 목동 613-1,37.549728,126.864175,02-2645-7580,목2치안센터,2015,Y,2025-08-14,3140000,서울특별시 양천구
CU  신정중앙로점,서울특별시,양천구,11470,"서울특별시 양천구 오목로37길 22, 비동",서울특별시 양천구 신정동 912-11,37.526963,126.856085,02-6338-3663,신정5치안센터,2017,Y,2025-08-14,3140000,서울특별시 양천구
CU  목동하이페리온점,서울특별시,양천구,11470,"서울특별시 양천구 오목로 300, 목동 현대 하이페리온2 201동",서울특별시 양천구 목동 961,37.524831,126.870022,02-2640-0855,목1지구대,2017,Y,2025-08-14,3140000,서울특별시 양천구
CU  목동아카데미점,서울특별시,양천구,11470,서울특별시 양천구 오목로 276-6,서울특별시 양천구 목동 408-53,37.524991,126.867881,02-2644-3285,목1지구대,2017,Y,2025-08-14,3140000,서울특별시 양천구
CU  이대목동병원점,서울특별시,양천구,11470,"서울특별시 양천구 안양천로 1071, 이대목동병원",서울특별시 양천구 목동 911-1,37.536983,126.886746,02-2653-8765,목4치안센터,2015,Y,2025-08-14,3140000,서울특별시 양천구
CU  신월가로공원점,서울특별시,양천구,11470,서울특별시 양천구 가로공원로 142,서울특별시 양천구 신월동 94-9,37.53611031,126.831719,02-2696-3324,신월1파출소,2015,Y,2025-08-14,3140000,서울특별시 양천구
CU  목4동점,서울특별시,양천구,11470,서울특별시 양천구 목동중앙남로5길 46,서울특별시 양천구 목동 728-21,37.536927,126.864389,02-2648-3547,목4치안센터,2016,Y,2025-08-14,3140000,서울특별시 양천구
CU 대전선화원룸점,대전광역시,중구,30140,대전광역시 중구 선화서로 52,대전광역시 중구 선화동 367-12,36.32828306,127.418034,,선화파출소,2022,Y,2025-09-16,3650000,대전광역시 중구
세븐일레븐 선화드림점,대전광역시,중구,30140,대전광역시 중구 대종로 605,대전광역시 중구 선화동 161-2,36.3354935,127.4168877,042-221-5815,선화파출소,2022,Y,2025-09-16,3650000,대전광역시 중구
CU 산성타운점,대전광역시,중구,30140,대전광역시 중구 대둔산로 373,대전광역시 중구 산성동 125-11,36.30269926,127.3859672,042-583-4568,문화지구대,2022,Y,2025-09-16,3650000,대전광역시 중구
세븐일레븐 봉천1호점,서울특별시,관악구,11620,서울특별시 관악구 남부순환로 1766,,37.48170083,126.9461146,02-877-0450,서울관악경찰서,,Y,2025-11-10,3200000,서울특별시 관악구
GS25 신림양지점,서울특별시,관악구,11620,서울특별시 관악구 신림로68길 10,,37.48643047,126.9299158,1577-9621,서울관악경찰서,,Y,2025-11-10,3200000,서울특별시 관악구
미니스톱 관악정옥점,서울특별시,관악구,11620,서울특별시 관악구 관악로 15길 39,,37.48031858,126.9501843,1577-9621,서울관악경찰서,,Y,2025-11-10,3200000,서울특별시 관악구
세븐일레븐 신림본점,서울특별시,관악구,11620,서울특별시 관악구 신림로 270,,37.47899837,126.9321683,1577-9621,서울관악경찰서,,Y,2025-11-10,3200000,서울특별시 관악구
미니스톱 봉천남부점,서울특별시,관악구,11620,서울특별시 관악구 남부순환로 1716,,37.48253974,126.9406137,1577-9621,서울관악경찰서,,Y,2025-11-10,3200000,서울특별시 관악구
GS25 신림두림점,서울특별시,관악구,11620,서울특별시 관악구 남부순환로 1648,,37.48451119,126.9339059,02-871-1278,서울관악경찰서,2021,Y,2025-11-10,3200000,서울특별시 관악구
GS25 관악대성점,서울특별시,관악구,11620,서울특별시 관악구 관악로12길 17,,37.47817899,126.9533774,02-873-1478,서울관악경찰서,2022,Y,2025-11-10,3200000,서울특별시 관악구
GS25 서울대역점,서울특별시,관악구,11620,서울특별시 관악구 관악로144,,37.47793739,126.9526013,02-875-2525,서울관악경찰서,2022,Y,2025-11-10,3200000,서울특별시 관악구
GS25 신림복은점,서울특별시,관악구,11620,서울특별시 관악구 복은길 60,,37.47452391,126.939194,02-882-2494,서울관악경찰서,2020,Y,2025-11-10,3200000,서울특별시 관악구
GS25 중앙한가온점,서울특별시,관악구,11620,서울특별시 관악구 중앙길 78,,37.48542385,126.950769,02-883-1250,서울관악경찰서,2020,Y,2025-11-10,3200000,서울특별시 관악구
GS25 관악봉림점,서울특별시,관악구,11620,서울특별시 관악구 장군봉7길 2,,37.48058116,126.9394385,02-877-4011,서울관악경찰서,2020,Y,2025-11-10,3200000,서울특별시 관악구
GS25 인헌마루,서울특별시,관악구,11620,서울특별시 관악구 인헌길 141,,37.46956027,126.9686101,02-882-6730,서울관악경찰서,,Y,2025-11-10,3200000,서울특별시 관악구
GS25 신림왕성,서울특별시,관악구,11620,서울특별시 관악구 신림로 304,,37.48136374,126.9302239,02-888-8038,서울관악경찰서,,Y,2025-11-10,3200000,서울특별시 관악구
GS25 문화주공점,대전광역시,중구,30140,대전광역시 중구 송리로 40,대전광역시 중구 문화동 462-24,36.30933581,127.4014339,042-586-0025,문화지구대,2022,Y,2025-09-16,3650000,대전광역시 중구
GS25 문화삼거리점,대전광역시,중구,30140,대전광역시 중구 천근로 8,대전광역시 중구 문화동 462-1,36.31067617,127.4014494,042-585-3971,문화지구대,2022,Y,2025-09-16,3650000,대전광역시 중구
CU 유천현대점,대전광역시,중구,30140,대전광역시 중구 수침로 41,대전광역시 중구 유천동 190-1,36.32284487,127.3996814,042-536-6484,유등지구대,2022,Y,2025-09-16,3650000,대전광역시 중구
이마트24 대전부사신일점,대전광역시,중구,30140,대전광역시 중구 대종로 295번길 15,대전광역시 중구 부사동 155-7,36.31200489,127.4354541,,남대전지구대,2022,Y,2025-09-16,3650000,대전광역시 중구
이마트24 대전부사점,대전광역시,중구,30140,대전광역시 중구 보문로 89,대전광역시 중구 부사동 142-8,36.31330728,127.4311501,,남대전지구대,2022,Y,2025-09-16,3650000,대전광역시 중구
CU 대전대흥사랑점,대전광역시,중구,30140,대전광역시 중구 대종로 426,대전광역시 중구 대흥동 407-8,36.32299916,127.4294055,,남대전지구대,2022,Y,2025-09-16,3650000,대전광역시 중구
CU 목동스타점,대전광역시,중구,30140,대전광역시 중구 어덕마을로 84-18,대전광역시 중구 목동 57-15,36.3378801,127.4057278,042-252-5558,중촌지구대,2017,Y,2025-09-16,3650000,대전광역시 중구
세븐일레븐대전선화수정점,대전광역시,중구,30140,대전광역시 중구 선화서로 25,대전광역시 중구 선화동 399,36.32609565,127.4188513,042-252-0752,선화지구대,2020,Y,2025-09-16,3650000,대전광역시 중구
GS선화드림점,대전광역시,중구,30140,대전광역시 중구 대종로593번길 37-1,대전광역시 중구 선화동 146-11,36.33356264,127.4169651,042-223-7797,선화지구대,2020,Y,2025-09-16,3650000,대전광역시 중구
씨스페이스 대전선화호수점,대전광역시,중구,30140,대전광역시 중구 선화로 60,대전광역시 중구 선화동 419-19,36.32735948,127.4147885,042-256-8984,선화지구대,2017,Y,2025-09-16,3650000,대전광역시 중구
CU 선화타운점,대전광역시,중구,30140,대전광역시 중구 선화서로 34-10,대전광역시 중구 선화동 372-2,36.32678285,127.4192232,042-251-7060,선화지구대,2017,Y,2025-09-16,3650000,대전광역시 중구
GS25 건대수정,서울특별시,광진구,11215,서울특별시 광진구 능동로13길 15,서울특별시 광진구 화양동 11-1,37.5427937,127.0709136,02-2205-2042,광진경찰서,,Y,2025-12-23,3040000,서울특별시 광진구
GS25 신림성화,서울특별시,관악구,11620,서울특별시 관악구 남부순환로 1578,,37.48351418,126.925934,02-867-6865,서울관악경찰서,,Y,2025-11-10,3200000,서울특별시 관악구
GS25 뉴신림로데오,서울특별시,관악구,11620,서울특별시 관악구 봉천로6길 30,,37.48833934,126.925499,1644-5425,서울관악경찰서,,Y,2025-11-10,3200000,서울특별시 관악구
GS25 봉천번영,서울특별시,관악구,11620,서울특별시 관악구 관악로14가길 45,,37.47644548,126.9555525,02-883-2009,서울관악경찰서,,Y,2025-11-10,3200000,서울특별시 관악구
GS25 봉천동부,서울특별시,관악구,11620,서울특별시 관악구 은천로 143,,37.48663122,126.9512655,02-877-5549,서울관악경찰서,,Y,2025-11-10,3200000,서울특별시 관악구
GS25 남현번영,서울특별시,관악구,11620,서울특별시 관악구 승방4길 27,,37.47487635,126.9804394,02-445-5896,서울관악경찰서,,Y,2025-11-10,3200000,서울특별시 관악구
GS25 관악한일,서울특별시,관악구,11620,서울특별시 관악구 승방2길 2,,37.47396296,126.9813388,02-581-7071,서울관악경찰서,,Y,2025-11-10,3200000,서울특별시 관악구
GS25 관악푸르지오,서울특별시,관악구,11620,서울특별시 관악구 관악로30길 17,,37.48655704,126.9590063,02-882-0008,서울관악경찰서,,Y,2025-11-10,3200000,서울특별시 관악구
GS25 관악원앙,서울특별시,관악구,11620,서울특별시 관악구 남부순환로 218길 46,,37.47938345,126.9500473,02-882-4442,서울관악경찰서,,Y,2025-11-10,3200000,서울특별시 관악구
GS25 관악세봉,서울특별시,관악구,11620,서울특별시 관악구 관악로5길 84,,37.47659256,126.9517368,02-875-7013,서울관악경찰서,,Y,2025-11-10,3200000,서울특별시 관악구
GS25 관악봉천,서울특별시,관악구,11620,서울특별시 관악구 관악로17길 25,,37.48069559,126.9502571,02-873-9368,서울관악경찰서,,Y,2025-11-10,3200000,서울특별시 관악구
CU 신림테라스점,서울특별시,관악구,11620,서울특별시 관악구 호암로26길 47,,37.47048456,126.9362342,070-8866-7700,서울관악경찰서,2021,Y,2025-11-10,3200000,서울특별시 관악구
CU 관악동원점,서울특별시,관악구,11620,서울특별시 관악구 호암로26가길 43,,37.46889978,126.9333038,02-882-2188,서울관악경찰서,2021,Y,2025-11-10,3200000,서울특별시 관악구
CU 서울대서연점,서울특별시,관악구,11620,서울특별시 관악구 관악로 132,,37.477014,126.9527201,02-883-6003,서울관악경찰서,2021,Y,2025-11-10,3200000,서울특별시 관악구
CU 관악서림점,서울특별시,관악구,11620,서울특별시 관악구 서림3길 32,,37.47281763,126.9400164,02-871-5121,서울관악경찰서,2020,Y,2025-11-10,3200000,서울특별시 관악구
CU 관악첼시점,서울특별시,관악구,11620,서울특별시 관악구 당곡6나길 33,,37.49258736,126.9315232,,서울관악경찰서,2020,Y,2025-11-10,3200000,서울특별시 관악구
CU 관악트윈스점,서울특별시,관악구,11620,서울특별시 관악구 양녕로6길 78,,37.48350324,126.9507275,02-883-1789,서울관악경찰서,2020,Y,2025-11-10,3200000,서울특별시 관악구
CU 관악진우점,서울특별시,관악구,11620,서울특별시 관악구 남부순환로 1536,,37.48277741,126.9213132,02-865-5258,서울관악경찰서,,Y,2025-11-10,3200000,서울특별시 관악구
이마트편의점 대전선화점,대전광역시,중구,30140,대전광역시 중구 중앙로79번길 15,대전광역시 중구 선화동 375-1,36.32595185,127.4197435,042-320-4080,선화지구대,2017,Y,2025-09-16,3650000,대전광역시 중구
GS25 동서대로점,대전광역시,중구,30140,대전광역시 중구 동서대로 1191,대전광역시 중구 태평동 411-7,36.32678485,127.3925464,042-527-7833,유등지구대,2020,Y,2025-09-16,3650000,대전광역시 중구
GS25 유천중앙점,대전광역시,중구,30140,대전광역시 중구 유천로 47,대전광역시 중구 유천동 215-44,36.3168012,127.3978176,042-584-1888,유등지구대,2017,Y,2025-09-16,3650000,대전광역시 중구
세븐일레븐 대전용두중앙점,대전광역시,중구,30140,대전광역시 중구 계룡로771번길 8,대전광역시 중구 용두동 120-1,36.33021197,127.4038177,,서대전지구대,2020,Y,2025-09-16,3650000,대전광역시 중구
GS25 용두드림점,대전광역시,중구,30140,"대전광역시 중구 중앙로23-17, 1층",대전광역시 중구 용두동 12-1,36.32359506,127.4145889,042-222-9775,서대전지구대,2020,Y,2025-09-16,3650000,대전광역시 중구
세븐일레븐대전문화우리점,대전광역시,중구,30140,대전광역시 중구 과례로 38,대전광역시 중구 문화동 238-8,36.31157525,127.411215,042-582-2525,서대전지구대,2020,Y,2025-09-16,3650000,대전광역시 중구
CU 태평점,대전광역시,중구,30140,대전광역시 중구 동서대로 1193,대전광역시 중구 태평동 410-9,36.32667366,127.392788,042-524-9613,서대전지구대,2017,Y,2025-09-16,3650000,대전광역시 중구
세븐일레븐 서대전역사거리점,대전광역시,중구,30140,대전광역시 중구 오류로 8,대전광역시 중구 오류동 167-22,36.32128845,127.4055112,042-522-5868,서대전지구대,2017,Y,2025-09-16,3650000,대전광역시 중구
세븐일레븐대전으능정이점,대전광역시,중구,30140,대전광역시 중구 대흥로165번길 41,대전광역시 중구 대흥동 144,36.32666867,127.4290253,042-255-1711,남대전지구대,2020,Y,2025-09-16,3650000,대전광역시 중구
지에스25 동아대 기숙사점,경기도,안성시,41550,경기도 안성시 삼죽면 동아예대길 47,경기도 안성시 삼죽면 진촌리 632-18,37.0623612285,127.3532946295,031-673-4784,안성경찰서,2024,Y,2025-06-24,4080000,경기도 안성시
세븐일레븐 안성내리센터점,경기도,안성시,41550,경기도 안성시 대덕면 내리7길 21,경기도 안성시 대덕면 내리 715-1,36.9988263733,127.2228742678,,안성경찰서,2024,Y,2025-06-24,4080000,경기도 안성시
씨유 안성내리점,경기도,안성시,41550,경기도 안성시 대덕면 대학2길 27(내리)1층,경기도 안성시 대덕면 내리 684-7,37.0015453928,127.225024,031-676-3948,안성경찰서,2024,Y,2025-06-24,4080000,경기도 안성시
씨유 안성신라점,경기도,안성시,41550,경기도 안성시 대덕면 대학6길 26,경기도 안성시 대덕면 내리 676-3,37.0032017217,127.225502,,안성경찰서,2024,Y,2025-06-24,4080000,경기도 안성시
세븐일레븐 안성신라점,경기도,안성시,41550,경기도 안성시 대덕면 대학6길 21,경기도 안성시 대덕면 내리 675,37.0032743596,127.2249845896,,안성경찰서,2024,Y,2025-06-24,4080000,경기도 안성시
지에스25 내리중앙점,경기도,안성시,41550,경기도 안성시 대덕면 내리6길 6,경기도 안성시 대덕면 내리 691-10,37.0008012172,127.2240995451,,안성경찰서,2024,Y,2025-06-24,4080000,경기도 안성시
세븐일레븐안성내리으뜸점,경기도,안성시,41550,경기도 안성시 대덕면 새내죽길 9,경기도 안성시 대덕면 내리 134,36.999683,127.224939,,안성경찰서,2024,Y,2025-06-24,4080000,경기도 안성시
씨유 안성중앙대원룸점,경기도,안성시,41550,경기도 안성시 대덕면 대학11길 17,경기도 안성시 대덕면 내리 141-10,37.001461,127.226696,,안성경찰서,2024,Y,2025-06-24,4080000,경기도 안성시
씨유 안성내리낙원점,경기도,안성시,41550,경기도 안성시 대덕면 중앙대학로 155,경기도 안성시 대덕면 내리 154-4,36.9991190963,127.227332,,안성경찰서,2024,Y,2025-06-24,4080000,경기도 안성시
지에스25 안성미소래점,경기도,안성시,41550,경기도 안성시 대덕면 내리1길 22,경기도 안성시 대덕면 내리 223-1,37.001508,127.2206998748,,안성경찰서,2024,Y,2025-06-24,4080000,경기도 안성시
세븐일레븐 안성내리중앙점,경기도,안성시,41550,경기도 안성시 대덕면 대학1길 17-5,경기도 안성시 대덕면 내리 338-2,37.003701,127.223321,,안성경찰서,2024,Y,2025-06-24,4080000,경기도 안성시
이마트24 안성중대점,경기도,안성시,41550,경기도 안성시 대덕면 대학3길 15,경기도 안성시 대덕면 내리 676-5,37.0029164129,127.225248,,안성경찰서,2024,Y,2025-06-24,4080000,경기도 안성시
지에스25 안성웰빙점,경기도,안성시,41550,경기도 안성시 대덕면 대학6길 7,경기도 안성시 대덕면 내리 681-7,37.002317,127.223989,031-673-4644,안성경찰서,2024,Y,2025-06-24,4080000,경기도 안성시
GS25 안성중대점,경기도,안성시,41550,경기도 안성시 대덕면 대학3길 30,경기도 안성시 대덕면 내리 685-1,37.001926,127.226166,,안성경찰서,2024,Y,2025-06-24,4080000,경기도 안성시
세븐일레븐 안성중대 후문점,경기도,안성시,41550,경기도 안성시 대덕면 대학10길 4,경기도 안성시 대덕면 내리 687-9,37.000813,127.225193,031-677-3456,안성경찰서,2024,Y,2025-06-24,4080000,경기도 안성시
씨유 안성삼성점,경기도,안성시,41550,경기도 안성시 대덕면 대학6길 3,경기도 안성시 대덕면 내리 688-6,37.0021026696,127.2236100461,,안성경찰서,2024,Y,2025-06-24,4080000,경기도 안성시
세븐일레븐 안성리더스뷰점,경기도,안성시,41550,경기도 안성시 대덕면 중앙대학로 112(리더스뷰오피스텔 1층),경기도 안성시 대덕면 내리 691-1,37.0015518802,127.223418,031-675-4843,안성경찰서,2024,Y,2025-06-24,4080000,경기도 안성시
씨유 안성대덕원룸점,경기도,안성시,41550,경기도 안성시 대덕면 내리2길 4,경기도 안성시 대덕면 내리 693-14,37.0020298050,127.222064,,안성경찰서,2024,Y,2025-06-24,4080000,경기도 안성시
씨유 안성내리원룸점,경기도,안성시,41550,경기도 안성시 대덕면 내리4길 11,경기도 안성시 대덕면 내리 699-7,37.0004599726,127.223087,,안성경찰서,2024,Y,2025-06-24,4080000,경기도 안성시
이마트24 내리점,경기도,안성시,41550,경기도 안성시 대덕면 내리6길 24,경기도 안성시 대덕면 내리 705-5,36.9995896941,127.222671,,안성경찰서,2024,Y,2025-06-24,4080000,경기도 안성시
세븐일레븐 안성팰리체타운점,경기도,안성시,41550,경기도 안성시 대덕면 내리9길 5-3,경기도 안성시 대덕면 내리 709-7,37.0003424821,127.2203427272,,안성경찰서,2024,Y,2025-06-24,4080000,경기도 안성시
지에스25 안성타운점,경기도,안성시,41550,경기도 안성시 대덕면 내리5길 26-2,경기도 안성시 대덕면 내리 712-7,36.999445,127.221786,031-673-9911,안성경찰서,2024,Y,2025-06-24,4080000,경기도 안성시
세븐일레븐 안성중앙대점,경기도,안성시,41550,경기도 안성시 대덕면 서동대로 4726,경기도 안성시 대덕면 내리 72-1,37.0004292004,127.2287086511,,안성경찰서,2024,Y,2025-06-24,4080000,경기도 안성시
씨유 안성내리대로점,경기도,안성시,41550,경기도 안성시 대덕면 중앙대학로 134,경기도 안성시 대덕면 내리 692-6,37.0001652053,127.2251150732,,안성경찰서,2024,Y,2025-06-24,4080000,경기도 안성시
GS25시안성양성점,경기도,안성시,41550,경기도 안성시 양성면 양성로 63,경기도 안성시 양성면 동항리 182-1,37.0638206,127.1965928,031-672-2257,안성경찰서,2017,Y,2025-06-24,4080000,경기도 안성시
미니스톱안성원곡점,경기도,안성시,41550,경기도 안성시 원곡면 가천중앙1길 55,경기도 안성시 원곡면 외가천리 200-2,37.04047416,127.129244,031-657-7279,안성경찰서,2017,Y,2025-06-24,4080000,경기도 안성시
CU안성죽산점,경기도,안성시,41550,경기도 안성시 죽산면 죽주로 257,경기도 안성시 죽산면 죽산리 437-19,37.07532181,127.4236201,031-676-8609,안성경찰서,2017,Y,2025-06-24,4080000,경기도 안성시
GS25 안성미소래점,경기도,안성시,41550,경기도 안성시 대덕면 내리1길 22,경기도 안성시 대덕면 내리 223-1,37.00150944,127.2206999,031-676-4499,안성경찰서,2017,Y,2025-06-24,4080000,경기도 안성시
이마트24 안성공도점,경기도,안성시,41550,경기도 안성시 공도읍 공도1로 42,경기도 안성시 공도읍 만정리 797-1,37.0024391,127.1695965,031-657-6662,안성경찰서,2017,Y,2025-06-24,4080000,경기도 안성시
GS25 인하사랑점,인천광역시,미추홀구,28177,"인천광역시 미추홀구 인하로47번길 94, 1층","인천광역시 미추홀구 용현동 183-11, 1층",37.45319605,126.659006,032-874-2258,인천미추홀경찰서,2018,Y,2025-06-24,3510500,인천광역시 미추홀구
GS25 숭의길목점,인천광역시,미추홀구,28177,인천광역시 미추홀구 수봉안길 16,인천광역시 미추홀구 숭의동 7-129,37.46178163,126.659117,032-875-5754,인천미추홀경찰서,2018,Y,2025-06-24,3510500,인천광역시 미추홀구
GS25 숭의삼거리점,인천광역시,미추홀구,28177,"인천광역시 미추홀구 경인로 94, 101호, 102호","인천광역시 미추홀구 숭의동 76-12, 101호, 102호",37.46590899,126.6529047,032-888-5872,인천미추홀경찰서,2019,Y,2025-06-24,3510500,인천광역시 미추홀구
GS25 숭의중앙점,인천광역시,미추홀구,28177,"인천광역시 미추홀구 경인로142번길 43, 1층","인천광역시 미추홀구 숭의동 1-102, 1층",37.46427834,126.6578789,032-866-0405,인천미추홀경찰서,2018,Y,2025-06-24,3510500,인천광역시 미추홀구
GS25 숭의타운점,인천광역시,미추홀구,28177,"인천광역시 미추홀구 미추로19번길 8, 101호(현대e맨션)","인천광역시 미추홀구 숭의동 168-19, 현대e맨션 101호",37.46178181,126.6469066,032-881-0151,인천미추홀경찰서,2018,Y,2025-06-24,3510500,인천광역시 미추홀구
GS25 미추홀구숭의점,인천광역시,미추홀구,28177,인천광역시 미추홀구 독배로 438,인천광역시 미추홀구 숭의동 283-11,37.45865418,126.6491584,032-881-9796,인천미추홀경찰서,2018,Y,2025-06-24,3510500,인천광역시 미추홀구
GS25 숭의로얄점,인천광역시,미추홀구,28177,"인천광역시 미추홀구 장천로14번길 2, 외 2필지",인천광역시 미추홀구 숭의동 296-34,37.45893401,126.6464872,032-889-0225,인천미추홀경찰서,2018,Y,2025-06-24,3510500,인천광역시 미추홀구
GS25 숭의오거리점,인천광역시,미추홀구,28177,"인천광역시 미추홀구 경인로 42번길 83, 1층","인천광역시 미추홀구 숭의동 205-17, 1층",37.46068819,126.6498495,080-855-5525,인천미추홀경찰서,2018,Y,2025-06-24,3510500,인천광역시 미추홀구
GS25 숭의로터리점,인천광역시,미추홀구,28177,"인천광역시 미추홀구 석정로 13, 대준블루온 102동 101호","인천광역시 미추홀구 숭의동 342-30, 대준블루온 102동 101호",37.46130376,126.6417637,032-884-5558,인천미추홀경찰서,2018,Y,2025-06-24,3510500,인천광역시 미추홀구
GS25 도화스마트점,인천광역시,미추홀구,28177,"인천광역시 미추홀구 석정로 228, 1층","인천광역시 미추홀구 도화동 94-1, 1층",37.46797679,126.6608442,032-887-6049,인천미추홀경찰서,2018,Y,2025-06-24,3510500,인천광역시 미추홀구
GS25 도화서희스타점,인천광역시,미추홀구,28177,"인천광역시 미추홀구 숙골로112번길 12, 2-1, 2-2호(도화서희스타힐스)",인천광역시 미추홀구 도화동 1007,37.47197085,126.6636459,032-876-4066,인천미추홀경찰서,2018,Y,2025-06-24,3510500,인천광역시 미추홀구
GS25 도화진주점,인천광역시,미추홀구,28177,"인천광역시 미추홀구 석정로323번길 43, 1층","인천광역시 미추홀구 도화동 107-1 , 1층",37.46919237,126.669443,032-865-3469,인천미추홀경찰서,2018,Y,2025-06-24,3510500,인천광역시 미추홀구
GS25 도화나산점,인천광역시,미추홀구,28177,"인천광역시 미추홀구 경인로 221, 205호 (나산아파트)",인천광역시 미추홀구 도화동 601-2,37.46527508,126.6675226,032-862-4775,인천미추홀경찰서,2018,Y,2025-06-24,3510500,인천광역시 미추홀구
이마트24 뉴안성두원공대점,경기도,안성시,41550,경기도 안성시 죽산면 장원길 65-24,경기도 안성시 죽산면 장원리 870-2,37.064334,127.419473,,안성경찰서,2024,Y,2025-06-24,4080000,경기도 안성시
CU 안성장원점,경기도,안성시,41550,경기도 안성시 죽산면 장원길 97-5,경기도 안성시 죽산면 장원리 870-7,37.063585,127.420959,,안성경찰서,2024,Y,2025-06-24,4080000,경기도 안성시
이마트24 R동아방송대점,경기도,안성시,41550,경기도 안성시 삼죽면 동아예대길 33,경기도 안성시 삼죽면 진촌리 560-2,37.0554151165,127.3626262612,,안성경찰서,2024,Y,2025-06-24,4080000,경기도 안성시
세븐일레븐 동아방송대점,경기도,안성시,41550,경기도 안성시 삼죽면 서동대로 6321,경기도 안성시 삼죽면 진촌리 399-3,37.0568020642,127.365071,,안성경찰서,2024,Y,2025-06-24,4080000,경기도 안성시
세븐일레븐 안성진촌점,경기도,안성시,41550,경기도 안성시 삼죽면 진촌진말길 2,경기도 안성시 삼죽면 진촌리 409-1,37.051923,127.363869,,안성경찰서,2024,Y,2025-06-24,4080000,경기도 안성시
지에스(GS) 25 동아방송대점,경기도,안성시,41550,경기도 안성시 삼죽면 동아예대길 46,경기도 안성시 삼죽면 진촌리 559-6,37.0561843625,127.363073,,안성경찰서,2024,Y,2025-06-24,4080000,경기도 안성시
씨유 동아방송대원룸점,경기도,안성시,41550,경기도 안성시 삼죽면 동아예대길 25,경기도 안성시 삼죽면 진촌리 569-1,37.0546628150,127.3625374635,,안성경찰서,2024,Y,2025-06-24,4080000,경기도 안성시
세븐일레븐 동아방송예술대점,경기도,안성시,41550,경기도 안성시 삼죽면 동아예대길 47 (동아방송예술대학교 지성관 1층),경기도 안성시 삼죽면 진촌리 632-18 (동아방송예술대학교내),37.0623612285,127.3532946295,,안성경찰서,2024,Y,2025-06-24,4080000,경기도 안성시
씨유안성진촌원룸점,경기도,안성시,41550,경기도 안성시 삼죽면 동아예대길 57,경기도 안성시 삼죽면 진촌리 633-7,37.057443,127.3630540810,,안성경찰서,2024,Y,2025-06-24,4080000,경기도 안성시
GS 25 동아대입구점,경기도,안성시,41550,경기도 안성시 삼죽면 서동대로 6321,경기도 안성시 삼죽면 진촌리 399-3,37.0568020642,127.365071,,안성경찰서,2024,Y,2025-06-24,4080000,경기도 안성시
GS25(티박스점),경상북도,성주군,47840,경상북도 성주군 성주읍 성주읍2길 33-1,,35.92055146,128.289478,054-933-7142,성주경찰서,2015,Y,2024-08-13,5210000,경상북도 성주군
세븐일레븐(원룸점),경상북도,성주군,47840,경상북도 성주군 성주읍 성주읍1길 30-1,,35.9201499842,128.290795,054-931-3286,성주경찰서,2015,Y,2024-08-13,5210000,경상북도 성주군
CU(성산점),경상북도,성주군,47840,경상북도 성주군 성주읍 성주읍2길 13,,35.91893147,128.2882941,054-931-4994,성주경찰서,2015,Y,2024-08-13,5210000,경상북도 성주군
세븐일레븐(버스터미널점),경상북도,성주군,47840,경상북도 성주군 성주읍 경산길 14,,35.9174787,128.284952,054-933-4623,성주경찰서,2015,Y,2024-08-13,5210000,경상북도 성주군
GS25청라호반점,인천광역시,서구,28260,인천광역시 서구 청라커낼로 163,인천광역시 서구 청라동 173-1,37.52748815,126.637219,032-509-2297,인천서부경찰서,2021,Y,2025-11-14,3560000,인천광역시 서구
씨유청라힐데스하임점,인천광역시,서구,28260,인천광역시 서구 청라라임로16번길 32,인천광역시 서구 청라동 186-12,37.52890309,126.653486,032-564-7989,인천서부경찰서,2021,Y,2025-11-14,3560000,인천광역시 서구
씨유심곡삼성점,인천광역시,서구,28260,인천광역시 서구 승학로 243,인천광역시 서구 심곡동 333-9,37.54422178,126.6724733,032-566-9441,인천서부경찰서,2021,Y,2025-11-14,3560000,인천광역시 서구
세븐일레븐원창우앤이점,인천광역시,서구,28260,인천광역시 서구 북항로32번길 66,인천광역시 서구 원창동 497-4,37.51241635,126.645382,032-577-6356,인천서부경찰서,2021,Y,2025-11-14,3560000,인천광역시 서구
GS25원창센터점,인천광역시,서구,28260,인천광역시 서구 북항로 30,인천광역시 서구 원창동 381-75,37.50706307,126.645325,,인천서부경찰서,2021,Y,2025-11-14,3560000,인천광역시 서구
GS25인천공촌점,인천광역시,서구,28260,,인천광역시 서구 공촌동 312-14번지 1층,37.55125224,126.6838026,,인천서부경찰서,2021,Y,2025-11-14,3560000,인천광역시 서구
세븐일레븐정서진점,인천광역시,서구,28260,인천광역시 서구 정서진5로 37,인천광역시 서구 오류동 1580-7,37.56223399,126.6186828,,인천서부경찰서,2021,Y,2025-11-14,3560000,인천광역시 서구
GS25가좌시티뷰점,인천광역시,서구,28260,인천광역시 서구 원적로 63,인천광역시 서구 가좌동 212-8,37.49274993,126.6799694,,인천서부경찰서,2021,Y,2025-11-14,3560000,인천광역시 서구
GS25청라휴먼점,인천광역시,서구,28260,인천광역시 서구 청라커낼로 232,인천광역시 서구 청라동 184-1,37.52771689,126.6482623,,인천서부경찰서,2021,Y,2025-11-14,3560000,인천광역시 서구
GS25마전본점,인천광역시,서구,28260,인천광역시 서구 완정로45번길 16,인천광역시 서구 마전동 1028-4,37.59653601,126.6678529,,인천서부경찰서,2021,Y,2025-11-14,3560000,인천광역시 서구
GS25검암사랑점,인천광역시,서구,28260,인천광역시 서구 승학로 497,인천광역시 서구 검암동 598-2,37.56556716,126.6749841,,인천서부경찰서,2021,Y,2025-11-14,3560000,인천광역시 서구
세븐일레븐청라프라임점,인천광역시,서구,28260,인천광역시 서구 청라라임로 109,인천광역시 서구 청라동 116-6,37.53659336,126.6507292,,인천서부경찰서,2020,Y,2025-11-14,3560000,인천광역시 서구
세븐일레븐인천석남새벽점,인천광역시,서구,28260,인천광역시 서구 가정로 224,인천광역시 서구 석남동 539-9,37.50495137,126.6724969,,인천서부경찰서,2021,Y,2025-11-14,3560000,인천광역시 서구
세븐일레븐인천플러스점,인천광역시,서구,28260,인천광역시 서구 가정로261번길 7,인천광역시 서구 석남동 516-4,37.5079926,126.671452,,인천서부경찰서,2020,Y,2025-11-14,3560000,인천광역시 서구
세븐일레븐인천심곡점,인천광역시,서구,28260,인천광역시 서구 심곡로56번길 2,인천광역시 서구 심곡동 256,37.54191332,126.6756931,,인천서부경찰서,2020,Y,2025-11-14,3560000,인천광역시 서구
세븐일레븐인천가좌가나점,인천광역시,서구,28260,인천광역시 서구 신진말로28번길 26,인천광역시 서구 가좌동 224-2,37.49124001,126.6781688,,인천서부경찰서,2022,Y,2025-11-14,3560000,인천광역시 서구
씨유인천신현점,인천광역시,서구,28260,인천광역시 서구 새오개로 67,인천광역시 서구 신현동 173-51,37.51625112,126.6653067,032-574-5540,인천서부경찰서,2021,Y,2025-11-14,3560000,인천광역시 서구
세븐일레븐 인천삼산본점,인천광역시,부평구,28237,인천광역시 부평구 영성중로 21,인천광역시 부평구 삼산동 122-3,37.51846038,126.7448389,032-525-6562,인천삼산경찰서,2018,Y,2025-12-22,3540000,인천광역시 부평구
세븐일레븐 부평이안점,인천광역시,부평구,28237,인천광역시 부평구 경인로 834번길 50,인천광역시 부평구 부평동 768-316,37.48111611,126.716521,032-525-8815,인천부평경찰서,2018,Y,2025-12-22,3540000,인천광역시 부평구
세븐일레븐 인천삼산로얄점,인천광역시,부평구,28237,인천광역시 부평구 부평북로 448,인천광역시 부평구 삼산동 389-2,37.52173699,126.7433526,032-505-9164,인천삼산경찰서,2018,Y,2025-12-22,3540000,인천광역시 부평구
세븐일레븐 부평아이엔비점,인천광역시,부평구,28237,인천광역시 부평구 부일로 11,인천광역시 부평구 부평동 494-2,37.490602,126.7315091,032-507-1527,인천삼산경찰서,2018,Y,2025-12-22,3540000,인천광역시 부평구
세븐일레븐 인천부평로터리점,인천광역시,부평구,28237,인천광역시 부평구 시장로 46-1,인천광역시 부평구 부평동 150-21,37.49452975,126.7270218,032-361-1326,인천삼산경찰서,2018,Y,2025-12-22,3540000,인천광역시 부평구
세븐일레븐 산곡한화1단지점,인천광역시,부평구,28237,인천광역시 부평구 원적로 361,인천광역시 부평구 산곡동 124-23,37.50472733,126.7067314,032-506-4912,인천부평경찰서,2018,Y,2025-12-22,3540000,인천광역시 부평구
세븐일레븐 부평청천점 B,인천광역시,부평구,28237,인천광역시 부평구 평천로 91,인천광역시 부평구 청천동 384-21,37.52121544,126.702312,032-330-0192,인천부평경찰서,2018,Y,2025-12-22,3540000,인천광역시 부평구
세븐일레븐 청천타운점,인천광역시,부평구,28237,인천광역시 부평구 마장로 468,인천광역시 부평구 청천동 9-72,37.519818,126.704818,032-511-2017,인천부평경찰서,2018,Y,2025-12-22,3540000,인천광역시 부평구
세븐일레븐 부평자애점,인천광역시,부평구,28237,인천광역시 부평구 육동로 18,인천광역시 부평구 부평동 653,37.48683055,126.725018,032-512-6410,인천부평경찰서,2018,Y,2025-12-22,3540000,인천광역시 부평구
세븐일레븐 인천광역시부평시장역점,인천광역시,부평구,28237,인천광역시 부평구 부흥로265,인천광역시 부평구 부평동 529-35,37.49890012,126.721159,032-361-2095,인천부평경찰서,2018,Y,2025-12-22,3540000,인천광역시 부평구
세븐일레븐 부평메디칼점,인천광역시,부평구,28237,인천광역시 부평구 부평대로11,인천광역시 부평구 부평동 549-33,37.492325,126.7226695,032-525-4920,인천부평경찰서,2018,Y,2025-12-22,3540000,인천광역시 부평구
세븐일레븐 인천십정본점,인천광역시,부평구,28237,인천광역시 부평구 가재울로 157,인천광역시 부평구 십정동 557-33,37.47327174,126.688563,032-575-5899,인천부평경찰서,2018,Y,2025-12-22,3540000,인천광역시 부평구
세븐일레븐 십정시장점,인천광역시,부평구,28237,인천광역시 부평구 배곶로 67,인천광역시 부평구 십정동 322-20,37.473924,126.6958045,032-433-4555,인천부평경찰서,2018,Y,2025-12-22,3540000,인천광역시 부평구
세븐일레븐 인천광역시동암점,인천광역시,부평구,28237,인천광역시 부평구 열우물로 45,인천광역시 부평구 십정동 407-1,37.47210954,126.700416,032-429-4977,인천부평경찰서,2018,Y,2025-12-22,3540000,인천광역시 부평구
세븐일레븐 동암중앙점,인천광역시,부평구,28237,인천광역시 부평구 배곶로 5,인천광역시 부평구 십정동 426-3,37.46971876,126.6999047,032-427-0016,인천부평경찰서,2018,Y,2025-12-22,3540000,인천광역시 부평구
CU 관악에스식스점,서울특별시,관악구,11620,서울특별시 관악구 양지5길 2,,37.47155723,126.931279,,서울관악경찰서,,Y,2025-11-10,3200000,서울특별시 관악구
CU 관악샛별점,서울특별시,관악구,11620,서울특별시 관악구 조원로 87,,37.4846039,126.9119437,02-830-6288,서울관악경찰서,,Y,2025-11-10,3200000,서울특별시 관악구
CU 관악미림점,서울특별시,관악구,11620,서울특별시 관악구 호암로20길 1,,37.46779314,126.9321635,02-883-1032,서울관악경찰서,,Y,2025-11-10,3200000,서울특별시 관악구
GS25 강화도서관점,인천광역시,강화군,35700,인천광역시 강화군 강화읍 북문길 9번길 19,,37.7484213,126.4830826,,인천강화경찰서,2025,Y,2025-11-28,3570000,인천광역시 강화군
이마트24 을왕해변점,인천광역시,중구,28110,인천광역시 중구 용유서로 292,인천광역시 중구 을왕동 705,37.4448307,126.3767313,,인천중부경찰서,2024,Y,2025-05-30,3490000,인천광역시 중구
이마트24 영종시계탑점,인천광역시,중구,28110,인천광역시 중구 은하수로 28(중산동),인천광역시 중구 중산동 1947-6,37.4923171,126.579016,,인천중부경찰서,2024,Y,2025-05-30,3490000,인천광역시 중구
씨유 영종스타힐스점,인천광역시,중구,28110,"인천광역시 중구 영종대로162번길 20, 101호(운서동)",인천광역시 중구 운서동 3090-1,37.4924831,126.4953949631,,인천중부경찰서,2024,Y,2025-05-30,3490000,인천광역시 중구
씨유 영종블불오션2차점,인천광역시,중구,28110,"인천광역시 중구 영종대로 893, 1층(중산동, 블루오션2차)",인천광역시 중구 중산동 1873-17,37.4860473131,126.5621996,,인천중부경찰서,2024,Y,2025-05-30,3490000,인천광역시 중구
세븐일레븐 영종왕산비치점,인천광역시,중구,28110,인천광역시 중구 용유서로 421,인천광역시 중구 을왕동 808-44,37.4555003,126.3716557,,인천중부경찰서,2024,Y,2025-05-30,3490000,인천광역시 중구
세븐일레븐 영종운서점,인천광역시,중구,28110,인천광역시 중구 신도시남로142번길 17,인천광역시 중구 운서동 2804-3,37.4940091,126.4926692,,인천중부경찰서,2024,Y,2025-05-30,3490000,인천광역시 중구
세븐일레븐 영종웨스턴점,인천광역시,중구,28110,"인천광역시 중구 은하수로29번길 47, 101호(중산동)",인천광역시 중구 중산동 1953-2,37.4915364,126.5809042,,인천중부경찰서,2024,Y,2025-05-30,3490000,인천광역시 중구
세븐일레븐 영종웰메이드점,인천광역시,중구,28110,"인천광역시 중구 하늘별빛로65번길 7-11, 101호(중산동)",인천광역시 중구 중산동 1886-4,37.4881418,126.5643488,,인천중부경찰서,2024,Y,2025-05-30,3490000,인천광역시 중구
세븐일레븐 영종스카이타워점,인천광역시,중구,28110,"인천광역시 중구 하늘별빛로65번길 7-9, 122호(중산동)",인천광역시 중구 중산동 1886-3,37.4884886,126.5646288,,인천중부경찰서,2024,Y,2025-05-30,3490000,인천광역시 중구
세븐일레븐 영종타운점,인천광역시,중구,28110,인천광역시 중구 운중로13번길 21(운남동),인천광역시 중구 운남동 1502,37.4948189,126.5342571,,인천중부경찰서,2024,Y,2025-05-30,3490000,인천광역시 중구
GS25 을왕해수욕장점,인천광역시,중구,28110,"인천광역시 중구 을왕로24-2, 1층(을왕동)",인천광역시 중구 을왕동 755-17,37.4466706,126.3733378,,인천중부경찰서,2024,Y,2025-05-30,3490000,인천광역시 중구
GS25 운서타운점,인천광역시,중구,28110,"인천광역시 중구 햇내로안길 24, 1층 (운서동)",인천광역시 중구 운서동 3038-10,37.4959659,126.4992268,,인천중부경찰서,2024,Y,2025-05-30,3490000,인천광역시 중구
GS25 운남중앙점,인천광역시,중구,28110,"인천광역시 중구 운남안길 10, 101호 102호(운남동)",인천광역시 중구 운남동 1515-4,37.4933867,126.5336896477,,인천중부경찰서,2024,Y,2025-05-30,3490000,인천광역시 중구
GS25 운남지서점,인천광역시,중구,28110,"인천광역시 중구 관창로 12, 1층(운남동)",인천광역시 중구 운남동 1530-9,37.4914985,126.5314046,,인천중부경찰서,2024,Y,2025-05-30,3490000,인천광역시 중구
GS25 신흥하늘점,인천광역시,중구,28110,인천광역시 중구 도원로 6(신흥동3가),인천광역시 중구 신흥동3가 11-14,37.4650847,126.6364574,,인천중부경찰서,2024,Y,2025-05-30,3490000,인천광역시 중구
씨유 인천중구유동점,인천광역시,중구,28110,인천광역시 중구 서해대로494번길 2-39,인천광역시 중구 유동 19-10,37.4688231,126.6366969,,인천중부경찰서,2024,Y,2025-05-30,3490000,인천광역시 중구
GS25 건국,서울특별시,광진구,11215,서울특별시 광진구 광나루로24길 14,서울특별시 광진구 화양동 495-17,37.54565033,127.0762488,02-3436-9934,광진경찰서,,Y,2025-12-23,3040000,서울특별시 광진구
CU 자양리안점,서울특별시,광진구,11215,서울특별시 광진구 동일로18길 11,서울특별시 광진구 자양동 24-5,37.54007821,127.0635726,02-466-6888,광진경찰서,,Y,2025-12-23,3040000,서울특별시 광진구
CU 자양태성점,서울특별시,광진구,11215,서울특별시 광진구 뚝섬로36길 18,서울특별시 광진구 자양동 792,37.53357885,127.0711517,02-3437-0988,광진경찰서,,Y,2025-12-23,3040000,서울특별시 광진구
CU 구의크레신점,서울특별시,광진구,11215,서울특별시 광진구 아차산로 375,서울특별시 광진구 구의동 246-14,37.5370799,127.084368,02-3436-0669,광진경찰서,,Y,2025-12-23,3040000,서울특별시 광진구
CU 장신대점,서울특별시,광진구,11215,서울특별시 광진구 광장로 71-1,서울특별시 광진구 광장동 285-7,37.54772974,127.1051167,02-446-2239,광진경찰서,,Y,2025-12-23,3040000,서울특별시 광진구
CU 중곡3동,서울특별시,광진구,11215,서울특별시 광진구 면목로17길 6,서울특별시 광진구 중곡동 559-4,37.57055381,127.0827885,02-437-1480,광진경찰서,,Y,2025-12-23,3040000,서울특별시 광진구
CU 화양대박점,서울특별시,광진구,11215,서울특별시 광진구 능동로13길 70-1,서울특별시 광진구 화양동 16-36,37.54485304,127.0692163,02-499-4217,광진경찰서,,Y,2025-12-23,3040000,서울특별시 광진구
GS25 산곡다람쥐점,인천광역시,부평구,28237,"인천광역시 부평구 안남로206번길 18, 상가동 102호",인천광역시 부평구 산곡동 274-5,37.50090925,126.7099114,080-999-5425,인천부평경찰서,2025,Y,2025-12-22,3540000,인천광역시 부평구
GS25 부평현대,인천광역시,부평구,28237,인천광역시 부평구 부평대로64번길 1,인천광역시 부평구 부평동 202-8,37.49722681,126.7229183,032-522-3371,인천삼산경찰서,2025,Y,2025-12-22,3540000,인천광역시 부평구
세븐일레븐 부평희망천점,인천광역시,부평구,28237,"인천광역시 부평구 경인로834번길 14, 1층",인천광역시 부평구 부평동 768-77,37.482090,126.7147774,032-511-2017,인천부평경찰서,2025,Y,2025-12-22,3540000,인천광역시 부평구
CU 산곡마장로점,인천광역시,부평구,28237,"인천광역시 부평구 마장로 195, 1층",인천광역시 부평구 산곡동 362-24,37.4953234,126.7026673,,인천부평경찰서,2024,Y,2025-12-22,3540000,인천광역시 부평구
CU 부평오거리점,인천광역시,부평구,28237,인천광역시 부평구 장제로 153,인천광역시 부평구 부평동 378-1,37.4992378,126.7301865,070-5111-1666,인천삼산경찰서,2024,Y,2025-12-22,3540000,인천광역시 부평구
GS25 부평산곡역점,인천광역시,부평구,28237,"인천광역시 부평구 마장로324번길 15, 102호",인천광역시 부평구 산곡동 100-30,37.5069311,126.7043946,080-999-5425,인천부평경찰서,2024,Y,2025-12-22,3540000,인천광역시 부평구
CU 산곡중앙점,인천광역시,부평구,28237,인천광역시 부평구 세월천로 65,인천광역시 부평구 산곡동 38-39,37.5130216,126.7021947,,인천부평경찰서,2024,Y,2025-12-22,3540000,인천광역시 부평구
CU 부평산곡점,인천광역시,부평구,28237,인천광역시 부평구 안남로 260,인천광역시 부평구 산곡동 124-1,37.50526024,126.7121019,032-503-1716,인천부평경찰서,2024,Y,2025-12-22,3540000,인천광역시 부평구
GS25 부평동아점,인천광역시,부평구,28237,"인천광역시 부평구 부흥로 246, 상가동 1,2,4호",인천광역시 부평구 부평동 70-125,37.49684049,126.7185863,,인천부평경찰서,2024,Y,2025-12-22,3540000,인천광역시 부평구
CU 강화서로점,인천광역시,강화군,35700,인천광역시 강화군 하점면 강화서로 613,,37.74859576,126.3876079,,인천강화경찰서,2024,Y,2025-11-28,3570000,인천광역시 강화군
세븐일레븐 강화찬우물점,인천광역시,강화군,35700,인천광역시 강화군 선원면 중앙로 266,,37.72371073,126.4803512,,인천강화경찰서,2024,Y,2025-11-28,3570000,인천광역시 강화군
세븐일레븐 강화인화리점,인천광역시,강화군,35700,인천광역시 강화군 양사면 인화로 278,,37.78937442,126.3704897,,인천강화경찰서,2024,Y,2025-11-28,3570000,인천광역시 강화군
GS25 강화대성점,인천광역시,강화군,35700,인천광역시 강화군 불은면 강화동로 716,,37.6976817,126.4805065,,인천강화경찰서,2024,Y,2025-11-28,3570000,인천광역시 강화군
GS25 강화교동본점,인천광역시,강화군,35700,인천광역시 강화군 교동면 교동남로 7,,37.78269722,126.2794443,,인천강화경찰서,2024,Y,2025-11-28,3570000,인천광역시 강화군
GS25 강화병원점,인천광역시,강화군,35700,인천광역시 강화군 강화읍 강화대로 310,,37.74173084,126.4954234,,인천강화경찰서,2024,Y,2025-11-28,3570000,인천광역시 강화군
CU 강화대로점,인천광역시,강화군,35700,"인천광역시 강화군 강화읍 동문로152번길 45, 1층",,37.75303778,126.5016526,,인천강화경찰서,2021,Y,2025-11-28,3570000,인천광역시 강화군
강화사랑점,인천광역시,강화군,35700,인천광역시 강화군 화도면 해안남로 2897,,37.63824929,126.3970431,,인천강화경찰서,2022,Y,2025-11-28,3570000,인천광역시 강화군
세븐일레븐 장화리점,인천광역시,강화군,35700,인천광역시 강화군 화도면 해안남로 2538,,37.62920463,126.3773253,,인천강화경찰서,,Y,2025-11-28,3570000,인천광역시 강화군
이마트24 강화해안로점,인천광역시,강화군,35700,인천광역시 강화군 화도면 해안남로 2394,,37.61730796,126.3832714,,인천강화경찰서,,Y,2025-11-28,3570000,인천광역시 강화군
강화가나안점,인천광역시,강화군,35700,인천광역시 강화군 화도면 해안남로 2351,,37.61336324,126.3827242,,인천강화경찰서,2022,Y,2025-11-28,3570000,인천광역시 강화군
CU강화동막점,인천광역시,강화군,35700,인천광역시 강화군 화도면 해안남로 1504,,37.59381299,126.4559815,,인천강화경찰서,,Y,2025-11-28,3570000,인천광역시 강화군
세븐일레븐장위드림점,서울특별시,성북구,11290,서울특별시 성북구 장월로 113,서울특별시 성북구 장위동 238-122,37.6159414,127.0483295,02-918-2306,종암경찰서,2014,Y,2025-12-23,3070000,서울특별시 성북구
세븐일레븐장위중앙점,서울특별시,성북구,11290,서울특별시 성북구 장위로 38,서울특별시 성북구 장위동 231-590,37.614201,127.0407016,1577-9621,종암경찰서,2014,Y,2025-12-23,3070000,서울특별시 성북구
세븐일레븐상월곡역점,서울특별시,성북구,11290,서울특별시 성북구 화랑로 186,서울특별시 성북구 석관동 341-16,37.60743005,127.0510151,02-6348-0830,종암경찰서,2014,Y,2025-12-23,3070000,서울특별시 성북구
GS25정릉시장점,서울특별시,성북구,11290,서울특별시 성북구 솔샘로6길 66,서울특별시 성북구 정릉동 372-7,37.608747,127.0077829,02-1644-5425,종암경찰서,2014,Y,2025-12-23,3070000,서울특별시 성북구
GS25성북장위,서울특별시,성북구,11290,서울특별시 성북구 화랑로33길 39,서울특별시 성북구 장위동 66-9,37.6118122,127.0545188,02-912-0177,종암경찰서,2014,Y,2025-12-23,3070000,서울특별시 성북구
GS25석관미소,서울특별시,성북구,11290,서울특별시 성북구 돌곶이로8바길 39,서울특별시 성북구 석관동 67-18,37.6089057,127.0637025,02-959-0920,종암경찰서,2014,Y,2025-12-23,3070000,서울특별시 성북구
GS25성북석관,서울특별시,성북구,11290,"서울특별시 성북구 돌곶이로 46, 1층",서울특별시 성북구 석관동 301-8,37.6082436,127.0598793,02-959-2273,종암경찰서,2014,Y,2025-12-23,3070000,서울특별시 성북구
GS25동덕여대사랑,서울특별시,성북구,11290,서울특별시 성북구 화랑로13길 42,서울특별시 성북구 하월곡동 21-56,37.60512716,127.0417578,02-915-7705,종암경찰서,2014,Y,2025-12-23,3070000,서울특별시 성북구
GS25성신행운,서울특별시,성북구,11290,서울특별시 성북구 보문로30가길 12,서울특별시 성북구 안암동1가 47-2,37.589201,127.0203049,02-923-8449,성북경찰서,2014,Y,2025-12-23,3070000,서울특별시 성북구
CU장기전원마을점,경기도,김포시,41570,경기도 김포시 김포한강11로140번길 15-6,,37.64689126,126.6811134,031-982-4336,장기지구대,2017,Y,2025-05-30,4090000,경기도 김포시
GS25장기금호점,경기도,김포시,41570,경기도 김포시 김포한강2로 192,,37.64413946,126.6639466,031-987-8048,장기지구대,2017,Y,2025-05-30,4090000,경기도 김포시
미니스톱김포쌍용예가점,경기도,김포시,41570,경기도 김포시 김포한강2로11,,37.64261253,126.6794185,031-998-1977,장기지구대,2017,Y,2025-05-30,4090000,경기도 김포시
GS25김포운양점,경기도,김포시,41570,경기도 김포시 김포한강11로 288-5,,37.65520401,126.681847,031-996-1422,장기지구대,2017,Y,2025-05-30,4090000,경기도 김포시
세븐일레븐롯데리아건물(사우동),경기도,김포시,41570,경기도 김포시 사우중로92(사우동 872),,37.62243429,126.7217553,031-981-0125,사우지구대,2017,Y,2025-05-30,4090000,경기도 김포시
세븐일레븐구경찰서입구(김포점),경기도,김포시,41570,경기도 김포시 북변중로 59-1(북변동 375-10),,37.62637163,126.7101443,031-982-5808,사우지구대,2017,N,2025-05-30,4090000,경기도 김포시
세븐일레븐등기소부근(사우동),경기도,김포시,41570,경기도 김포시 봉화로24(사우동 233-1),,37.61879654,126.7153319,031-983-6218,사우지구대,2017,Y,2025-05-30,4090000,경기도 김포시
세븐일레븐걸포원룸단지부근,경기도,김포시,41570,경기도 김포시 걸포로10번길 26,,37.63276904,126.7081306,031-981-8857,사우지구대,2017,Y,2025-05-30,4090000,경기도 김포시
세븐일레븐김포시청,경기도,김포시,41570,경기도 김포시 사우중로3번길8(사우동 254-4),,37.61625294,126.7159031,031-988-7110,사우지구대,2017,Y,2025-05-30,4090000,경기도 김포시
세븐일레븐김포감정2호점(함성2차정문앞),경기도,김포시,41570,경기도 김포시 중봉1로53,,37.62515581,126.7028062,031-981-1037,사우지구대,2017,Y,2025-05-30,4090000,경기도 김포시
세븐일레븐현대아파트(사우현대점),경기도,김포시,41570,경기도 김포시 사우로12,,37.62083887,126.7225302,,사우지구대,2017,Y,2025-05-30,4090000,경기도 김포시
GS25오스타3단지(김포걸포동점),경기도,김포시,41570,경기도 김포시 걸포1로39(걸포동 1555),,37.63645565,126.7065906,031-982-5881,사우지구대,2017,Y,2025-05-30,4090000,경기도 김포시
GS25오스타1단지(걸포오스타점),경기도,김포시,41570,경기도 김포시 걸포1로11 (오스타파라곤지하상가104동),,37.63418802,126.7034047,031-989-5883,사우지구대,2017,Y,2025-05-30,4090000,경기도 김포시
GS25헤어봉봉앞(김포감정점),경기도,김포시,41570,"경기도 김포시 중봉1로 12, 105호(감정동 551-8)",,37.62251597,126.6995589,031-989-8536,사우지구대,2017,Y,2025-05-30,4090000,경기도 김포시
CU산호아파트(북변산호점),경기도,김포시,41570,경기도 김포시 북변1로16번길31(북변동 749),,37.62834771,126.7038227,031-988-5384,사우지구대,2017,Y,2025-05-30,4090000,경기도 김포시
CU이승미 미용실옆(김포공원점),경기도,김포시,41570,경기도 김포시 돌문로 50-12,,37.61994386,126.7180938,031-986-6776,사우지구대,2017,Y,2025-05-30,4090000,경기도 김포시
미니스톱김포시청,경기도,김포시,41570,경기도 김포시 사우중로11번길 20,,37.61707962,126.7156963,031-986-3120,사우지구대,2017,N,2025-05-30,4090000,경기도 김포시